date,mlbam_id,game_pk,player,team,game,opp_pitcher,park,park_factor,weather_adj,matchup_adjustment,hit_rate,situational_boost,score,rank,hit_1plus,hit_count,resolved
2026-08-19,695506,824076,Jac Caglianone,Kansas City Royals,Athletics@Kansas City Royals,Jeffrey Springs,Kauffman Stadium,0.0,0.0,0.1019,0.453,0.2501,0.5663,1,,,False
2026-08-19,624413,824801,Pete Alonso,Baltimore Orioles,New York Yankees@Baltimore Orioles,Will Warren,Oriole Park at Camden Yards,0.0,0.0,0.0526,0.48,0.1577,0.5557,2,,,False
2026-08-19,686475,824076,Tyler Tolbert,Kansas City Royals,Athletics@Kansas City Royals,Jeffrey Springs,Kauffman Stadium,0.0,0.0,0.0516,0.469,0.1548,0.5416,3,,,False
2026-08-19,660271,824318,Shohei Ohtani,Los Angeles Dodgers,Los Angeles Dodgers@Colorado Rockies,Kyle Freeland,Coors Field,0.0,0.0,0.0342,0.482,0.1027,0.5315,4,,,False
2026-08-19,680664,823342,Eduardo Valencia,Detroit Tigers,Detroit Tigers@Pittsburgh Pirates,Paul Skenes,PNC Park,0.0,0.0,0.0082,0.516,0.0246,0.5287,5,,,False
2026-08-19,665833,823342,Oneil Cruz,Pittsburgh Pirates,Detroit Tigers@Pittsburgh Pirates,Jackson Jobe,PNC Park,0.0,0.0,0.0,0.513,0.0,0.513,6,,,False
2026-08-19,669134,823587,Luis Campusano,San Diego Padres,San Diego Padres@New York Mets,Robert Stock,Citi Field,0.0,0.0,0.0259,0.471,0.0777,0.5076,7,,,False
2026-08-19,703607,824076,Henry Bolte,Athletics,Athletics@Kansas City Royals,Seth Lugo,Kauffman Stadium,0.0,0.0,0.0263,0.469,0.0789,0.506,8,,,False
2026-08-19,664040,823342,Brandon Lowe,Pittsburgh Pirates,Detroit Tigers@Pittsburgh Pirates,Jackson Jobe,PNC Park,0.0,0.0,0.0233,0.468,0.0699,0.5007,9,,,False
2026-08-19,677951,824076,Bobby Witt Jr.,Kansas City Royals,Athletics@Kansas City Royals,Jeffrey Springs,Kauffman Stadium,0.0,0.0,0.0563,0.425,0.1689,0.4968,10,,,False
2026-08-19,683357,823424,Owen Caissie,Miami Marlins,Miami Marlins@Philadelphia Phillies,Aaron Nola,Citizens Bank Park,0.0,0.0,0.0053,0.484,0.0159,0.4917,11,,,False
2026-08-19,668904,823664,Royce Lewis,Minnesota Twins,Atlanta Braves@Minnesota Twins,AJ Smith-Shawver,Target Field,0.0,0.0,-0.0174,0.51,-0.0522,0.4834,12,,,False
2026-08-19,701807,823587,Carson Benge,New York Mets,San Diego Padres@New York Mets,Michael King,Citi Field,0.0,0.0,0.0288,0.436,0.0865,0.4737,13,,,False
2026-08-19,665052,823424,Griffin Conine,Miami Marlins,Miami Marlins@Philadelphia Phillies,Aaron Nola,Citizens Bank Park,0.0,0.0,0.0204,0.444,0.0613,0.4712,14,,,False
2026-08-19,641343,823748,Jake Bauers,Milwaukee Brewers,Seattle Mariners@Milwaukee Brewers,Logan Gilbert,American Family Field,0.0,0.0,0.0501,0.409,0.1504,0.4705,15,,,False
2026-08-19,680869,824076,Zack Gelof,Athletics,Athletics@Kansas City Royals,Seth Lugo,Kauffman Stadium,0.0,0.0,0.0133,0.451,0.0399,0.469,16,,,False
2026-08-19,701358,824155,Cam Smith,Houston Astros,Los Angeles Angels@Houston Astros,Walbert Ureña,Daikin Park,0.0,0.0,0.0004,0.462,0.0013,0.4626,17,,,False
2026-08-19,682674,824394,Victor Bericoto,San Francisco Giants,San Francisco Giants@Cleveland Guardians,Parker Messick,Progressive Field,0.0,0.0,0.0,0.452,0.0,0.452,18,,,False
2026-08-19,663586,823664,Austin Riley,Atlanta Braves,Atlanta Braves@Minnesota Twins,Taj Bradley,Target Field,0.0,0.0,-0.0192,0.472,-0.0576,0.4448,19,,,False
2026-08-19,701538,823587,Jackson Merrill,San Diego Padres,San Diego Padres@New York Mets,Robert Stock,Citi Field,0.0,0.0,0.0231,0.411,0.0693,0.4395,20,,,False
2026-08-19,679529,823342,Spencer Torkelson,Detroit Tigers,Detroit Tigers@Pittsburgh Pirates,Paul Skenes,PNC Park,0.0,0.0,0.0193,0.415,0.0578,0.439,21,,,False
2026-08-19,673548,824640,Seiya Suzuki,Chicago Cubs,Chicago White Sox@Chicago Cubs,Sean Newcomb,Wrigley Field,0.0,0.0,0.0341,0.396,0.1023,0.4365,22,,,False
2026-08-19,690993,823342,Colt Keith,Detroit Tigers,Detroit Tigers@Pittsburgh Pirates,Paul Skenes,PNC Park,0.0,0.0,0.023,0.405,0.0689,0.4329,23,,,False
2026-08-19,668930,823748,Brice Turang,Milwaukee Brewers,Seattle Mariners@Milwaukee Brewers,Logan Gilbert,American Family Field,0.0,0.0,-0.003,0.429,-0.0091,0.4251,24,,,False
2026-08-19,672386,822937,Alejandro Kirk,Toronto Blue Jays,Toronto Blue Jays@Tampa Bay Rays,Drew Rasmussen,Tropicana Field,0.0,0.0,0.0093,0.413,0.0278,0.4245,25,,,False
2026-08-19,608324,824640,Alex Bregman,Chicago Cubs,Chicago White Sox@Chicago Cubs,Sean Newcomb,Wrigley Field,0.0,0.0,0.0301,0.388,0.0902,0.423,26,,,False
2026-08-19,641933,824801,Tyler O'Neill,Baltimore Orioles,New York Yankees@Baltimore Orioles,Will Warren,Oriole Park at Camden Yards,0.0,0.0,0.0291,0.387,0.0873,0.4208,27,,,False
2026-08-19,663968,823342,Jake Mangum,Pittsburgh Pirates,Detroit Tigers@Pittsburgh Pirates,Jackson Jobe,PNC Park,0.0,0.0,0.0401,0.375,0.1203,0.4201,28,,,False
2026-08-19,663993,824394,Nathaniel Lowe,Cleveland Guardians,San Francisco Giants@Cleveland Guardians,Matt Wilkinson,Progressive Field,0.0,0.0,0.0,0.42,0.0,0.42,29,,,False
2026-08-19,676475,824476,Alec Burleson,St. Louis Cardinals,St. Louis Cardinals@Cincinnati Reds,Chase Burns,Great American Ball Park,0.0,0.0,-0.0053,0.426,-0.016,0.4192,30,,,False
2026-08-19,681624,824318,Andy Pages,Los Angeles Dodgers,Los Angeles Dodgers@Colorado Rockies,Kyle Freeland,Coors Field,0.0,0.0,0.0159,0.4,0.0477,0.4191,31,,,False
2026-08-19,691723,824801,Coby Mayo,Baltimore Orioles,New York Yankees@Baltimore Orioles,Will Warren,Oriole Park at Camden Yards,0.0,0.0,0.025,0.389,0.0751,0.4182,32,,,False
2026-08-19,664034,823587,Ty France,San Diego Padres,San Diego Padres@New York Mets,Robert Stock,Citi Field,0.0,0.0,0.0339,0.379,0.1016,0.4175,33,,,False
2026-08-19,691718,824640,Pete Crow-Armstrong,Chicago Cubs,Chicago White Sox@Chicago Cubs,Sean Newcomb,Wrigley Field,0.0,0.0,0.0366,0.375,0.1099,0.4162,34,,,False
2026-08-19,547180,823424,Bryce Harper,Philadelphia Phillies,Miami Marlins@Philadelphia Phillies,Sandy Alcantara,Citizens Bank Park,0.0,0.0,0.0042,0.408,0.0125,0.4131,35,,,False
2026-08-19,666018,822937,Jonathan Aranda,Tampa Bay Rays,Toronto Blue Jays@Tampa Bay Rays,Max Scherzer,Tropicana Field,0.0,0.0,0.015,0.393,0.045,0.4107,36,,,False
2026-08-19,622268,824076,Donovan Walton,Athletics,Athletics@Kansas City Royals,Seth Lugo,Kauffman Stadium,0.0,0.0,-0.0069,0.419,-0.0208,0.4103,37,,,False
2026-08-19,663886,824476,Tyler Stephenson,Cincinnati Reds,St. Louis Cardinals@Cincinnati Reds,Matthew Liberatore,Great American Ball Park,0.0,0.0,-0.0021,0.412,-0.0063,0.4094,38,,,False
2026-08-19,621566,823664,Matt Olson,Atlanta Braves,Atlanta Braves@Minnesota Twins,Taj Bradley,Target Field,0.0,0.0,0.0103,0.396,0.0308,0.4082,39,,,False
2026-08-19,624424,824640,Michael Conforto,Chicago Cubs,Chicago White Sox@Chicago Cubs,Sean Newcomb,Wrigley Field,0.0,0.0,0.0068,0.4,0.0205,0.4082,40,,,False
2026-08-19,696285,822860,Jacob Young,Washington Nationals,Washington Nationals@Texas Rangers,Kumar Rocker,Globe Life Field,0.0,0.0,0.0232,0.381,0.0696,0.4075,41,,,False
2026-08-19,687401,823748,Joey Ortiz,Milwaukee Brewers,Seattle Mariners@Milwaukee Brewers,Logan Gilbert,American Family Field,0.0,0.0,0.0176,0.387,0.0527,0.4074,42,,,False
2026-08-19,694192,823748,Jackson Chourio,Milwaukee Brewers,Seattle Mariners@Milwaukee Brewers,Logan Gilbert,American Family Field,0.0,0.0,0.025,0.377,0.0751,0.4053,43,,,False
2026-08-19,806198,823748,Cooper Pratt,Milwaukee Brewers,Seattle Mariners@Milwaukee Brewers,Logan Gilbert,American Family Field,0.0,0.0,-0.0132,0.419,-0.0396,0.4024,44,,,False
2026-08-19,701398,824476,Sal Stewart,Cincinnati Reds,St. Louis Cardinals@Cincinnati Reds,Matthew Liberatore,Great American Ball Park,0.0,0.0,-0.0024,0.404,-0.0072,0.4011,45,,,False
2026-08-19,680757,824394,Steven Kwan,Cleveland Guardians,San Francisco Giants@Cleveland Guardians,Matt Wilkinson,Progressive Field,0.0,0.0,0.0,0.4,0.0,0.4,46,,,False
2026-08-19,647304,823748,Josh Naylor,Seattle Mariners,Seattle Mariners@Milwaukee Brewers,Dustin May,American Family Field,0.0,0.0,0.0175,0.38,0.0526,0.4,47,,,False
2026-08-19,699393,824640,Pedro Ramírez,Chicago Cubs,Chicago White Sox@Chicago Cubs,Sean Newcomb,Wrigley Field,0.0,0.0,0.0254,0.371,0.0763,0.3993,48,,,False
2026-08-19,650489,824318,Willi Castro,Colorado Rockies,Los Angeles Dodgers@Colorado Rockies,Roki Sasaki,Coors Field,0.0,0.0,0.0097,0.386,0.029,0.3972,49,,,False
2026-08-19,605137,823664,Josh Bell,Minnesota Twins,Atlanta Braves@Minnesota Twins,AJ Smith-Shawver,Target Field,0.0,0.0,0.0153,0.379,0.0459,0.3964,50,,,False
2026-08-19,678882,824722,Ceddanne Rafaela,Boston Red Sox,Arizona Diamondbacks@Boston Red Sox,Brandon Pfaadt,Fenway Park,0.0,0.0,-0.0286,0.431,-0.0858,0.394,51,,,False
2026-08-19,643217,824640,Andrew Benintendi,Chicago White Sox,Chicago White Sox@Chicago Cubs,Clay Holmes,Wrigley Field,0.0,0.0,0.0029,0.389,0.0087,0.3924,52,,,False
2026-08-19,650490,822937,Yandy Díaz,Tampa Bay Rays,Toronto Blue Jays@Tampa Bay Rays,Max Scherzer,Tropicana Field,0.0,0.0,0.031,0.358,0.093,0.3913,53,,,False
2026-08-19,691781,822860,Brady House,Washington Nationals,Washington Nationals@Texas Rangers,Kumar Rocker,Globe Life Field,0.0,0.0,-0.0033,0.395,-0.0099,0.3911,54,,,False
2026-08-19,683734,823748,Andrew Vaughn,Milwaukee Brewers,Seattle Mariners@Milwaukee Brewers,Logan Gilbert,American Family Field,0.0,0.0,0.01,0.378,0.0299,0.3893,55,,,False
2026-08-19,682657,824394,Angel Martínez,Cleveland Guardians,San Francisco Giants@Cleveland Guardians,Matt Wilkinson,Progressive Field,0.0,0.0,0.0,0.389,0.0,0.389,56,,,False
2026-08-19,643446,824076,Jeff McNeil,Athletics,Athletics@Kansas City Royals,Seth Lugo,Kauffman Stadium,0.0,0.0,-0.0003,0.386,-0.0008,0.3857,57,,,False
2026-08-19,663743,822937,Nick Fortes,Tampa Bay Rays,Toronto Blue Jays@Tampa Bay Rays,Max Scherzer,Tropicana Field,0.0,0.0,-0.0279,0.419,-0.0838,0.3839,58,,,False
2026-08-19,663538,824640,Nico Hoerner,Chicago Cubs,Chicago White Sox@Chicago Cubs,Sean Newcomb,Wrigley Field,0.0,0.0,0.0131,0.369,0.0393,0.3835,59,,,False
2026-08-19,673237,824155,Yainer Diaz,Houston Astros,Los Angeles Angels@Houston Astros,Walbert Ureña,Daikin Park,0.0,0.0,-0.0049,0.389,-0.0147,0.3833,60,,,False
2026-08-19,592626,822860,Joc Pederson,Texas Rangers,Washington Nationals@Texas Rangers,Cade Cavalli,Globe Life Field,0.0,0.0,0.0037,0.378,0.0111,0.3822,61,,,False
2026-08-19,807712,823664,Luke Keaschall,Minnesota Twins,Atlanta Braves@Minnesota Twins,AJ Smith-Shawver,Target Field,0.0,0.0,-0.0039,0.385,-0.0117,0.3805,62,,,False
2026-08-19,702332,824722,Caleb Durbin,Boston Red Sox,Arizona Diamondbacks@Boston Red Sox,Brandon Pfaadt,Fenway Park,0.0,0.0,-0.0041,0.385,-0.0122,0.3803,63,,,False
2026-08-19,596019,823587,Francisco Lindor,New York Mets,San Diego Padres@New York Mets,Michael King,Citi Field,0.0,0.0,0.0042,0.373,0.0126,0.3777,64,,,False
2026-08-19,702222,823424,Justin Crawford,Philadelphia Phillies,Miami Marlins@Philadelphia Phillies,Sandy Alcantara,Citizens Bank Park,0.0,0.0,0.0293,0.347,0.0879,0.3775,65,,,False
2026-08-19,677594,823748,Julio Rodríguez,Seattle Mariners,Seattle Mariners@Milwaukee Brewers,Dustin May,American Family Field,0.0,0.0,0.0034,0.373,0.0102,0.3768,66,,,False
2026-08-19,677592,824476,Everson Pereira,St. Louis Cardinals,St. Louis Cardinals@Cincinnati Reds,Chase Burns,Great American Ball Park,0.0,0.0,0.0214,0.353,0.0643,0.3757,67,,,False
2026-08-19,703601,823342,Max Clark,Detroit Tigers,Detroit Tigers@Pittsburgh Pirates,Paul Skenes,PNC Park,0.0,0.0,0.0102,0.362,0.0307,0.3731,68,,,False
2026-08-19,682626,823587,Francisco Alvarez,New York Mets,San Diego Padres@New York Mets,Michael King,Citi Field,0.0,0.0,-0.0224,0.4,-0.0673,0.3731,69,,,False
2026-08-19,808959,824640,Munetaka Murakami,Chicago White Sox,Chicago White Sox@Chicago Cubs,Clay Holmes,Wrigley Field,0.0,0.0,-0.0022,0.375,-0.0067,0.3725,70,,,False
2026-08-19,683146,823587,Brett Baty,New York Mets,San Diego Padres@New York Mets,Michael King,Citi Field,0.0,0.0,-0.005,0.378,-0.0151,0.3723,71,,,False
2026-08-19,571970,824318,Max Muncy,Los Angeles Dodgers,Los Angeles Dodgers@Colorado Rockies,Kyle Freeland,Coors Field,0.0,0.0,0.0039,0.368,0.0117,0.3723,72,,,False
2026-08-19,672695,824722,Geraldo Perdomo,Arizona Diamondbacks,Arizona Diamondbacks@Boston Red Sox,Payton Tolle,Fenway Park,0.0,0.0,0.0002,0.371,0.0005,0.3712,73,,,False
2026-08-19,640902,823748,Jhonny Pereda,Seattle Mariners,Seattle Mariners@Milwaukee Brewers,Dustin May,American Family Field,0.0,0.0,0.0,0.371,0.0,0.371,74,,,False
2026-08-19,694249,824318,Cole Carrigg,Colorado Rockies,Los Angeles Dodgers@Colorado Rockies,Roki Sasaki,Coors Field,0.0,0.0,0.0005,0.37,0.0016,0.3706,75,,,False
2026-08-19,676724,823587,Jared Young,New York Mets,San Diego Padres@New York Mets,Michael King,Citi Field,0.0,0.0,-0.0061,0.375,-0.0184,0.3681,76,,,False
2026-08-19,670541,824155,Yordan Alvarez,Houston Astros,Los Angeles Angels@Houston Astros,Walbert Ureña,Daikin Park,0.0,0.0,-0.0049,0.373,-0.0147,0.3675,77,,,False
2026-08-19,650402,823342,Gleyber Torres,Detroit Tigers,Detroit Tigers@Pittsburgh Pirates,Paul Skenes,PNC Park,0.0,0.0,0.0219,0.344,0.0657,0.3666,78,,,False
2026-08-19,620443,823587,Luis Torrens,New York Mets,San Diego Padres@New York Mets,Michael King,Citi Field,0.0,0.0,0.0335,0.333,0.1006,0.3665,79,,,False
2026-08-19,691458,824476,Blaze Jordan,St. Louis Cardinals,St. Louis Cardinals@Cincinnati Reds,Chase Burns,Great American Ball Park,0.0,0.0,-0.0085,0.375,-0.0256,0.3654,80,,,False
2026-08-19,802415,822937,Chandler Simpson,Tampa Bay Rays,Toronto Blue Jays@Tampa Bay Rays,Max Scherzer,Tropicana Field,0.0,0.0,-0.0112,0.377,-0.0337,0.3643,81,,,False
2026-08-19,679822,822860,Justin Foscue,Texas Rangers,Washington Nationals@Texas Rangers,Cade Cavalli,Globe Life Field,0.0,0.0,-0.0026,0.367,-0.0079,0.3641,82,,,False
2026-08-19,514888,824155,Jose Altuve,Houston Astros,Los Angeles Angels@Houston Astros,Walbert Ureña,Daikin Park,0.0,0.0,-0.0182,0.385,-0.0545,0.364,83,,,False
2026-08-19,545361,824155,Mike Trout,Los Angeles Angels,Los Angeles Angels@Houston Astros,Ethan Pecko,Daikin Park,0.0,0.0,0.0,0.364,0.0,0.364,84,,,False
2026-08-19,672515,824722,Gabriel Moreno,Arizona Diamondbacks,Arizona Diamondbacks@Boston Red Sox,Payton Tolle,Fenway Park,0.0,0.0,0.0124,0.35,0.0371,0.363,85,,,False
2026-08-19,650859,823587,Luis Rengifo,San Diego Padres,San Diego Padres@New York Mets,Robert Stock,Citi Field,0.0,0.0,0.0363,0.327,0.1089,0.3626,86,,,False
2026-08-19,800050,824394,Chase DeLauter,Cleveland Guardians,San Francisco Giants@Cleveland Guardians,Matt Wilkinson,Progressive Field,0.0,0.0,0.0,0.362,0.0,0.362,87,,,False
2026-08-19,691023,824476,Jordan Walker,St. Louis Cardinals,St. Louis Cardinals@Cincinnati Reds,Chase Burns,Great American Ball Park,0.0,0.0,-0.0295,0.397,-0.0884,0.3619,88,,,False
2026-08-19,608369,822860,Corey Seager,Texas Rangers,Washington Nationals@Texas Rangers,Cade Cavalli,Globe Life Field,0.0,0.0,0.0024,0.359,0.0072,0.3616,89,,,False
2026-08-19,805367,824640,Chase Meidroth,Chicago White Sox,Chicago White Sox@Chicago Cubs,Clay Holmes,Wrigley Field,0.0,0.0,0.0202,0.34,0.0606,0.3606,90,,,False
2026-08-19,666182,823587,Bo Bichette,New York Mets,San Diego Padres@New York Mets,Michael King,Citi Field,0.0,0.0,-0.0069,0.367,-0.0207,0.3594,91,,,False
2026-08-19,624641,823424,Edmundo Sosa,Philadelphia Phillies,Miami Marlins@Philadelphia Phillies,Sandy Alcantara,Citizens Bank Park,0.0,0.0,0.0041,0.355,0.0124,0.3594,92,,,False
2026-08-19,681082,823424,Bryson Stott,Philadelphia Phillies,Miami Marlins@Philadelphia Phillies,Sandy Alcantara,Citizens Bank Park,0.0,0.0,0.0062,0.351,0.0185,0.3575,93,,,False
2026-08-19,687551,824394,Drew Gilbert,San Francisco Giants,San Francisco Giants@Cleveland Guardians,Parker Messick,Progressive Field,0.0,0.0,-0.0041,0.361,-0.0122,0.3566,94,,,False
2026-08-19,518692,824318,Freddie Freeman,Los Angeles Dodgers,Los Angeles Dodgers@Colorado Rockies,Kyle Freeland,Coors Field,0.0,0.0,0.0015,0.355,0.0045,0.3566,95,,,False
2026-08-19,671732,824076,Lawrence Butler,Athletics,Athletics@Kansas City Royals,Seth Lugo,Kauffman Stadium,0.0,0.0,0.0301,0.327,0.0902,0.3565,96,,,False
2026-08-19,685133,824155,Wade Meckler,Los Angeles Angels,Los Angeles Angels@Houston Astros,Ethan Pecko,Daikin Park,0.0,0.0,0.0,0.356,0.0,0.356,97,,,False
2026-08-19,553993,824476,Eugenio Suárez,Cincinnati Reds,St. Louis Cardinals@Cincinnati Reds,Matthew Liberatore,Great American Ball Park,0.0,0.0,0.0056,0.35,0.0169,0.3559,98,,,False
2026-08-19,667472,824476,Dane Myers,Cincinnati Reds,St. Louis Cardinals@Cincinnati Reds,Matthew Liberatore,Great American Ball Park,0.0,0.0,-0.0016,0.357,-0.0048,0.3553,99,,,False
2026-08-19,677800,824722,Wilyer Abreu,Boston Red Sox,Arizona Diamondbacks@Boston Red Sox,Brandon Pfaadt,Fenway Park,0.0,0.0,-0.0008,0.356,-0.0025,0.3551,100,,,False
2026-08-19,672284,822860,Jarred Kelenic,Texas Rangers,Washington Nationals@Texas Rangers,Cade Cavalli,Globe Life Field,0.0,0.0,0.0,0.355,0.0,0.355,101,,,False
2026-08-19,678662,824318,Ezequiel Tovar,Colorado Rockies,Los Angeles Dodgers@Colorado Rockies,Roki Sasaki,Coors Field,0.0,0.0,0.0029,0.351,0.0088,0.3541,102,,,False
2026-08-19,656716,823342,Zach McKinstry,Detroit Tigers,Detroit Tigers@Pittsburgh Pirates,Paul Skenes,PNC Park,0.0,0.0,0.0133,0.34,0.04,0.3536,103,,,False
2026-08-19,805808,823342,Kevin McGonigle,Detroit Tigers,Detroit Tigers@Pittsburgh Pirates,Paul Skenes,PNC Park,0.0,0.0,0.0242,0.328,0.0726,0.3518,104,,,False
2026-08-19,668723,822937,Ryan Vilade,Tampa Bay Rays,Toronto Blue Jays@Tampa Bay Rays,Max Scherzer,Tropicana Field,0.0,0.0,-0.0013,0.353,-0.004,0.3516,105,,,False
2026-08-19,664761,823424,Alec Bohm,Philadelphia Phillies,Miami Marlins@Philadelphia Phillies,Sandy Alcantara,Citizens Bank Park,0.0,0.0,-0.0134,0.365,-0.0403,0.3503,106,,,False
2026-08-19,665926,822937,Andrés Giménez,Toronto Blue Jays,Toronto Blue Jays@Tampa Bay Rays,Drew Rasmussen,Tropicana Field,0.0,0.0,-0.0118,0.36,-0.0353,0.3473,107,,,False
2026-08-19,681297,824801,Colton Cowser,Baltimore Orioles,New York Yankees@Baltimore Orioles,Will Warren,Oriole Park at Camden Yards,0.0,0.0,0.0031,0.344,0.0093,0.3472,108,,,False
2026-08-19,665487,823587,Fernando Tatis Jr.,San Diego Padres,San Diego Padres@New York Mets,Robert Stock,Citi Field,0.0,0.0,0.0248,0.323,0.0743,0.347,109,,,False
2026-08-19,702284,823748,Cole Young,Seattle Mariners,Seattle Mariners@Milwaukee Brewers,Dustin May,American Family Field,0.0,0.0,0.0172,0.328,0.0515,0.3449,110,,,False
2026-08-19,691182,824318,Adael Amador,Colorado Rockies,Los Angeles Dodgers@Colorado Rockies,Roki Sasaki,Coors Field,0.0,0.0,0.0494,0.3,0.1483,0.3445,111,,,False
2026-08-19,701678,823342,Hao-Yu Lee,Detroit Tigers,Detroit Tigers@Pittsburgh Pirates,Paul Skenes,PNC Park,0.0,0.0,-0.0004,0.343,-0.0012,0.3426,112,,,False
2026-08-19,805300,823424,Jakob Marsee,Miami Marlins,Miami Marlins@Philadelphia Phillies,Aaron Nola,Citizens Bank Park,0.0,0.0,0.0164,0.326,0.0491,0.342,113,,,False
2026-08-19,575929,824722,Willson Contreras,Boston Red Sox,Arizona Diamondbacks@Boston Red Sox,Brandon Pfaadt,Fenway Park,0.0,0.0,-0.0108,0.353,-0.0323,0.3416,114,,,False
2026-08-19,669394,822860,Jake Burger,Texas Rangers,Washington Nationals@Texas Rangers,Cade Cavalli,Globe Life Field,0.0,0.0,0.0077,0.333,0.0231,0.3407,115,,,False
2026-08-19,695734,822860,Daylen Lile,Washington Nationals,Washington Nationals@Texas Rangers,Kumar Rocker,Globe Life Field,0.0,0.0,0.0198,0.321,0.0595,0.3401,116,,,False
2026-08-19,607043,822860,Brandon Nimmo,Texas Rangers,Washington Nationals@Texas Rangers,Cade Cavalli,Globe Life Field,0.0,0.0,-0.0127,0.352,-0.0381,0.3386,117,,,False
2026-08-19,608348,824640,Carson Kelly,Chicago Cubs,Chicago White Sox@Chicago Cubs,Sean Newcomb,Wrigley Field,0.0,0.0,0.0226,0.316,0.0677,0.3374,118,,,False
2026-08-19,702616,824801,Jackson Holliday,Baltimore Orioles,New York Yankees@Baltimore Orioles,Will Warren,Oriole Park at Camden Yards,0.0,0.0,0.0092,0.327,0.0275,0.336,119,,,False
2026-08-19,804668,823342,Rafael Flores Jr.,Pittsburgh Pirates,Detroit Tigers@Pittsburgh Pirates,Jackson Jobe,PNC Park,0.0,0.0,0.0388,0.3,0.1163,0.3349,120,,,False
2026-08-19,676356,822937,Jonny DeLuca,Tampa Bay Rays,Toronto Blue Jays@Tampa Bay Rays,Max Scherzer,Tropicana Field,0.0,0.0,0.0112,0.324,0.0336,0.3349,121,,,False
2026-08-19,621439,823664,Byron Buxton,Minnesota Twins,Atlanta Braves@Minnesota Twins,AJ Smith-Shawver,Target Field,0.0,0.0,0.0,0.333,0.0,0.333,122,,,False
2026-08-19,668804,823342,Bryan Reynolds,Pittsburgh Pirates,Detroit Tigers@Pittsburgh Pirates,Jackson Jobe,PNC Park,0.0,0.0,0.0119,0.321,0.0358,0.3325,123,,,False
2026-08-19,595879,823342,Javier Báez,Detroit Tigers,Detroit Tigers@Pittsburgh Pirates,Paul Skenes,PNC Park,0.0,0.0,0.0056,0.326,0.0169,0.3315,124,,,False
2026-08-19,691594,823424,Javier Sanoja,Miami Marlins,Miami Marlins@Philadelphia Phillies,Aaron Nola,Citizens Bank Park,0.0,0.0,-0.0092,0.34,-0.0276,0.3306,125,,,False
2026-08-19,663757,824801,Trent Grisham,New York Yankees,New York Yankees@Baltimore Orioles,Chris Bassitt,Oriole Park at Camden Yards,0.0,0.0,0.0015,0.327,0.0046,0.3285,126,,,False
2026-08-19,682987,824801,Spencer Jones,New York Yankees,New York Yankees@Baltimore Orioles,Chris Bassitt,Oriole Park at Camden Yards,0.0,0.0,0.0217,0.308,0.0653,0.3281,127,,,False
2026-08-19,686469,824076,Vinnie Pasquantino,Kansas City Royals,Athletics@Kansas City Royals,Jeffrey Springs,Kauffman Stadium,0.0,0.0,0.0,0.328,0.0,0.328,128,,,False
2026-08-19,656941,823424,Kyle Schwarber,Philadelphia Phillies,Miami Marlins@Philadelphia Phillies,Sandy Alcantara,Citizens Bank Park,0.0,0.0,-0.0224,0.351,-0.0672,0.3274,129,,,False
2026-08-19,630105,823587,Jake Cronenworth,San Diego Padres,San Diego Padres@New York Mets,Robert Stock,Citi Field,0.0,0.0,0.0099,0.317,0.0297,0.3264,130,,,False
2026-08-19,703520,822937,Brett Bateman,Toronto Blue Jays,Toronto Blue Jays@Tampa Bay Rays,Drew Rasmussen,Tropicana Field,0.0,0.0,-0.0274,0.355,-0.0823,0.3258,131,,,False
2026-08-19,678246,824640,Miguel Vargas,Chicago White Sox,Chicago White Sox@Chicago Cubs,Clay Holmes,Wrigley Field,0.0,0.0,0.0256,0.302,0.0768,0.3252,132,,,False
2026-08-19,680574,824476,Matt McLain,Cincinnati Reds,St. Louis Cardinals@Cincinnati Reds,Matthew Liberatore,Great American Ball Park,0.0,0.0,0.0009,0.324,0.0028,0.3249,133,,,False
2026-08-19,694374,824722,Tim Tawa,Arizona Diamondbacks,Arizona Diamondbacks@Boston Red Sox,Payton Tolle,Fenway Park,0.0,0.0,-0.0149,0.34,-0.0447,0.3248,134,,,False
2026-08-19,814439,824722,Ryan Waldschmidt,Arizona Diamondbacks,Arizona Diamondbacks@Boston Red Sox,Payton Tolle,Fenway Park,0.0,0.0,-0.0162,0.341,-0.0487,0.3244,135,,,False
2026-08-19,664954,824318,Brett Sullivan,Colorado Rockies,Los Angeles Dodgers@Colorado Rockies,Roki Sasaki,Coors Field,0.0,0.0,0.0269,0.3,0.0807,0.3242,136,,,False
2026-08-19,693304,823342,Nick Gonzales,Pittsburgh Pirates,Detroit Tigers@Pittsburgh Pirates,Jackson Jobe,PNC Park,0.0,0.0,0.0073,0.317,0.0218,0.3239,137,,,False
2026-08-19,665804,824640,Miguel Amaya,Chicago Cubs,Chicago White Sox@Chicago Cubs,Sean Newcomb,Wrigley Field,0.0,0.0,0.0261,0.3,0.0783,0.3235,138,,,False
2026-08-19,686668,824640,Brenton Doyle,Chicago White Sox,Chicago White Sox@Chicago Cubs,Clay Holmes,Wrigley Field,0.0,0.0,0.0261,0.3,0.0783,0.3235,139,,,False
2026-08-19,694197,824394,Angel Genao,Cleveland Guardians,San Francisco Giants@Cleveland Guardians,Matt Wilkinson,Progressive Field,0.0,0.0,0.0,0.323,0.0,0.323,140,,,False
2026-08-19,673357,823587,Luis Robert Jr.,New York Mets,San Diego Padres@New York Mets,Michael King,Citi Field,0.0,0.0,-0.0014,0.324,-0.0043,0.3226,141,,,False
2026-08-19,677588,822860,José Tena,Washington Nationals,Washington Nationals@Texas Rangers,Kumar Rocker,Globe Life Field,0.0,0.0,0.025,0.3,0.075,0.3225,142,,,False
2026-08-19,664983,824318,Jake McCarthy,Colorado Rockies,Los Angeles Dodgers@Colorado Rockies,Roki Sasaki,Coors Field,0.0,0.0,0.02,0.304,0.0599,0.3222,143,,,False
2026-08-19,695491,824476,Joshua Báez,St. Louis Cardinals,St. Louis Cardinals@Cincinnati Reds,Chase Burns,Great American Ball Park,0.0,0.0,0.0241,0.3,0.0723,0.3217,144,,,False
2026-08-19,657041,823664,Lane Thomas,Atlanta Braves,Atlanta Braves@Minnesota Twins,Taj Bradley,Target Field,0.0,0.0,0.014,0.308,0.0419,0.3209,145,,,False
2026-08-19,686527,823748,Dominic Canzone,Seattle Mariners,Seattle Mariners@Milwaukee Brewers,Dustin May,American Family Field,0.0,0.0,-0.0242,0.346,-0.0725,0.3209,146,,,False
2026-08-19,686681,824076,Michael Massey,Kansas City Royals,Athletics@Kansas City Royals,Jeffrey Springs,Kauffman Stadium,0.0,0.0,-0.0065,0.327,-0.0196,0.3206,147,,,False
2026-08-19,699013,823342,Esmerlyn Valdez,Pittsburgh Pirates,Detroit Tigers@Pittsburgh Pirates,Jackson Jobe,PNC Park,0.0,0.0,0.0133,0.308,0.0399,0.3203,148,,,False
2026-08-19,682663,823424,Agustín Ramírez,Miami Marlins,Miami Marlins@Philadelphia Phillies,Aaron Nola,Citizens Bank Park,0.0,0.0,-0.0063,0.326,-0.019,0.3198,149,,,False
2026-08-19,668227,823748,Randy Arozarena,Seattle Mariners,Seattle Mariners@Milwaukee Brewers,Dustin May,American Family Field,0.0,0.0,0.0115,0.309,0.0346,0.3197,150,,,False
2026-08-19,663330,824722,Jahmai Jones,Boston Red Sox,Arizona Diamondbacks@Boston Red Sox,Brandon Pfaadt,Fenway Park,0.0,0.0,0.0214,0.3,0.0643,0.3193,151,,,False
2026-08-19,687637,824801,Dylan Beavers,Baltimore Orioles,New York Yankees@Baltimore Orioles,Will Warren,Oriole Park at Camden Yards,0.0,0.0,-0.0044,0.323,-0.0133,0.3187,152,,,False
2026-08-19,671056,824476,Iván Herrera,St. Louis Cardinals,St. Louis Cardinals@Cincinnati Reds,Chase Burns,Great American Ball Park,0.0,0.0,-0.0105,0.328,-0.0314,0.3177,153,,,False
2026-08-19,663494,824476,Bryan Torres,St. Louis Cardinals,St. Louis Cardinals@Cincinnati Reds,Chase Burns,Great American Ball Park,0.0,0.0,0.0049,0.312,0.0147,0.3166,154,,,False
2026-08-19,672960,822937,Kazuma Okamoto,Toronto Blue Jays,Toronto Blue Jays@Tampa Bay Rays,Drew Rasmussen,Tropicana Field,0.0,0.0,-0.0313,0.348,-0.094,0.3153,155,,,False
2026-08-19,665953,822860,Andrés Chaparro,Washington Nationals,Washington Nationals@Texas Rangers,Kumar Rocker,Globe Life Field,0.0,0.0,0.0155,0.3,0.0467,0.314,156,,,False
2026-08-19,642350,824155,Jose Siri,Los Angeles Angels,Los Angeles Angels@Houston Astros,Ethan Pecko,Daikin Park,0.0,0.0,0.0,0.314,0.0,0.314,157,,,False
2026-08-19,681198,824318,TJ Rumfield,Colorado Rockies,Los Angeles Dodgers@Colorado Rockies,Roki Sasaki,Coors Field,0.0,0.0,0.0133,0.302,0.0397,0.314,158,,,False
2026-08-19,686948,823664,Drake Baldwin,Atlanta Braves,Atlanta Braves@Minnesota Twins,Taj Bradley,Target Field,0.0,0.0,-0.0157,0.328,-0.047,0.3126,159,,,False
2026-08-19,669224,824801,Austin Wells,New York Yankees,New York Yankees@Baltimore Orioles,Chris Bassitt,Oriole Park at Camden Yards,0.0,0.0,-0.0206,0.333,-0.0619,0.3124,160,,,False
2026-08-19,672724,824155,Oswald Peraza,Los Angeles Angels,Los Angeles Angels@Houston Astros,Ethan Pecko,Daikin Park,0.0,0.0,0.0,0.312,0.0,0.312,161,,,False
2026-08-19,660821,822937,Jesús Sánchez,Toronto Blue Jays,Toronto Blue Jays@Tampa Bay Rays,Drew Rasmussen,Tropicana Field,0.0,0.0,-0.0117,0.323,-0.035,0.3117,162,,,False
2026-08-19,695720,824076,Tommy White,Athletics,Athletics@Kansas City Royals,Seth Lugo,Kauffman Stadium,0.0,0.0,-0.0156,0.327,-0.0468,0.3117,163,,,False
2026-08-19,681047,824801,Christian Franklin,Baltimore Orioles,New York Yankees@Baltimore Orioles,Will Warren,Oriole Park at Camden Yards,0.0,0.0,0.0129,0.3,0.0387,0.3116,164,,,False
2026-08-19,545341,824640,Randal Grichuk,Chicago White Sox,Chicago White Sox@Chicago Cubs,Clay Holmes,Wrigley Field,0.0,0.0,0.0127,0.3,0.038,0.3114,165,,,False
2026-08-19,687597,824318,Jordan Beck,Colorado Rockies,Los Angeles Dodgers@Colorado Rockies,Roki Sasaki,Coors Field,0.0,0.0,0.0125,0.3,0.0377,0.3113,166,,,False
2026-08-19,695731,824640,Braden Montgomery,Chicago White Sox,Chicago White Sox@Chicago Cubs,Clay Holmes,Wrigley Field,0.0,0.0,-0.0153,0.326,-0.046,0.311,167,,,False
2026-08-19,670231,824076,John Rave,Kansas City Royals,Athletics@Kansas City Royals,Jeffrey Springs,Kauffman Stadium,0.0,0.0,0.0117,0.3,0.035,0.3105,168,,,False
2026-08-19,521692,824076,Salvador Perez,Kansas City Royals,Athletics@Kansas City Royals,Jeffrey Springs,Kauffman Stadium,0.0,0.0,0.0093,0.302,0.0278,0.3104,169,,,False
2026-08-19,606192,824318,Teoscar Hernández,Los Angeles Dodgers,Los Angeles Dodgers@Colorado Rockies,Kyle Freeland,Coors Field,0.0,0.0,-0.0031,0.312,-0.0093,0.3091,170,,,False
2026-08-19,699625,824476,Jimmy Crooks,St. Louis Cardinals,St. Louis Cardinals@Cincinnati Reds,Chase Burns,Great American Ball Park,0.0,0.0,0.0092,0.3,0.0277,0.3083,171,,,False
2026-08-19,683953,824394,Travis Bazzana,Cleveland Guardians,San Francisco Giants@Cleveland Guardians,Matt Wilkinson,Progressive Field,0.0,0.0,0.0,0.308,0.0,0.308,172,,,False
2026-08-19,701785,823664,Kaelen Culpepper,Minnesota Twins,Atlanta Braves@Minnesota Twins,AJ Smith-Shawver,Target Field,0.0,0.0,0.0088,0.3,0.0263,0.3079,173,,,False
2026-08-19,665923,823424,Esteury Ruiz,Miami Marlins,Miami Marlins@Philadelphia Phillies,Aaron Nola,Citizens Bank Park,0.0,0.0,0.0087,0.3,0.026,0.3078,174,,,False
2026-08-19,691777,824076,Max Muncy,Athletics,Athletics@Kansas City Royals,Seth Lugo,Kauffman Stadium,0.0,0.0,-0.007,0.314,-0.021,0.3074,175,,,False
2026-08-19,543510,824722,James McCann,Arizona Diamondbacks,Arizona Diamondbacks@Boston Red Sox,Payton Tolle,Fenway Park,0.0,0.0,0.007,0.3,0.021,0.3063,176,,,False
2026-08-19,694673,822860,Abimelec Ortiz,Washington Nationals,Washington Nationals@Texas Rangers,Kumar Rocker,Globe Life Field,0.0,0.0,0.0068,0.3,0.0203,0.3061,177,,,False
2026-08-19,678545,824394,Osleivis Basabe,San Francisco Giants,San Francisco Giants@Cleveland Guardians,Parker Messick,Progressive Field,0.0,0.0,-0.0276,0.333,-0.0829,0.3054,178,,,False
2026-08-19,701162,823342,Ben Malgeri,Detroit Tigers,Detroit Tigers@Pittsburgh Pirates,Paul Skenes,PNC Park,0.0,0.0,0.0058,0.3,0.0173,0.3052,179,,,False
2026-08-19,660688,822860,Keibert Ruiz,Washington Nationals,Washington Nationals@Texas Rangers,Kumar Rocker,Globe Life Field,0.0,0.0,0.0092,0.297,0.0276,0.3052,180,,,False
2026-08-19,669701,822937,Josh Smith,Toronto Blue Jays,Toronto Blue Jays@Tampa Bay Rays,Drew Rasmussen,Tropicana Field,0.0,0.0,-0.028,0.333,-0.0841,0.305,181,,,False
2026-08-19,801126,823748,Brock Rodden,Seattle Mariners,Seattle Mariners@Milwaukee Brewers,Dustin May,American Family Field,0.0,0.0,0.0051,0.3,0.0153,0.3046,182,,,False
2026-08-19,655316,824722,Andruw Monasterio,Boston Red Sox,Arizona Diamondbacks@Boston Red Sox,Brandon Pfaadt,Fenway Park,0.0,0.0,-0.0239,0.328,-0.0716,0.3045,183,,,False
2026-08-19,650559,823424,Bryan De La Cruz,Philadelphia Phillies,Miami Marlins@Philadelphia Phillies,Sandy Alcantara,Citizens Bank Park,0.0,0.0,0.0045,0.3,0.0133,0.304,184,,,False
2026-08-19,689414,822937,Liam Hicks,Tampa Bay Rays,Toronto Blue Jays@Tampa Bay Rays,Max Scherzer,Tropicana Field,0.0,0.0,-0.0235,0.327,-0.0706,0.3039,185,,,False
2026-08-19,678489,824722,Jorge Barrosa,Arizona Diamondbacks,Arizona Diamondbacks@Boston Red Sox,Payton Tolle,Fenway Park,0.0,0.0,0.0041,0.3,0.0123,0.3037,186,,,False
2026-08-19,683737,824640,Michael Busch,Chicago Cubs,Chicago White Sox@Chicago Cubs,Sean Newcomb,Wrigley Field,0.0,0.0,0.0225,0.284,0.0676,0.3032,187,,,False
2026-08-19,687749,823587,Jase Bowen,San Diego Padres,San Diego Padres@New York Mets,Robert Stock,Citi Field,0.0,0.0,0.0032,0.3,0.0097,0.3029,188,,,False
2026-08-19,687952,824801,Christian Encarnacion-Strand,Baltimore Orioles,New York Yankees@Baltimore Orioles,Will Warren,Oriole Park at Camden Yards,0.0,0.0,0.0027,0.3,0.008,0.3024,189,,,False
2026-08-19,660670,823664,Ronald Acuña Jr.,Atlanta Braves,Atlanta Braves@Minnesota Twins,Taj Bradley,Target Field,0.0,0.0,-0.0141,0.315,-0.0422,0.3017,190,,,False
2026-08-19,676439,824318,Hunter Feduccia,Los Angeles Dodgers,Los Angeles Dodgers@Colorado Rockies,Kyle Freeland,Coors Field,0.0,0.0,0.0017,0.3,0.005,0.3015,191,,,False
2026-08-19,571448,824722,Nolan Arenado,Arizona Diamondbacks,Arizona Diamondbacks@Boston Red Sox,Payton Tolle,Fenway Park,0.0,0.0,0.0214,0.283,0.0643,0.3012,192,,,False
2026-08-19,553869,822860,Elias Díaz,Texas Rangers,Washington Nationals@Texas Rangers,Cade Cavalli,Globe Life Field,0.0,0.0,0.0011,0.3,0.0033,0.301,193,,,False
2026-08-19,695257,823342,Billy Cook,Pittsburgh Pirates,Detroit Tigers@Pittsburgh Pirates,Jackson Jobe,PNC Park,0.0,0.0,0.0,0.3,0.0,0.3,194,,,False
2026-08-19,814430,823342,Brett Callahan,Detroit Tigers,Detroit Tigers@Pittsburgh Pirates,Paul Skenes,PNC Park,0.0,0.0,0.0,0.3,0.0,0.3,195,,,False
2026-08-19,667452,823342,Corey Julks,Detroit Tigers,Detroit Tigers@Pittsburgh Pirates,Paul Skenes,PNC Park,0.0,0.0,0.0,0.3,0.0,0.3,196,,,False
2026-08-19,666624,823587,Christopher Morel,New York Mets,San Diego Padres@New York Mets,Michael King,Citi Field,0.0,0.0,0.0,0.3,0.0,0.3,197,,,False
2026-08-19,665506,823587,Cristian Pache,New York Mets,San Diego Padres@New York Mets,Michael King,Citi Field,0.0,0.0,0.0,0.3,0.0,0.3,198,,,False
2026-08-19,676572,823587,Eric Wagaman,New York Mets,San Diego Padres@New York Mets,Michael King,Citi Field,0.0,0.0,0.0,0.3,0.0,0.3,199,,,False
2026-08-19,669720,823587,Austin Hays,San Diego Padres,San Diego Padres@New York Mets,Robert Stock,Citi Field,0.0,0.0,0.0,0.3,0.0,0.3,200,,,False
2026-08-19,656577,823664,Alex Jackson,Minnesota Twins,Atlanta Braves@Minnesota Twins,AJ Smith-Shawver,Target Field,0.0,0.0,0.0,0.3,0.0,0.3,201,,,False
2026-08-19,673490,823664,Ha-Seong Kim,Atlanta Braves,Atlanta Braves@Minnesota Twins,Taj Bradley,Target Field,0.0,0.0,0.0,0.3,0.0,0.3,202,,,False
2026-08-19,682634,824640,Kevin Alcántara,Chicago Cubs,Chicago White Sox@Chicago Cubs,Sean Newcomb,Wrigley Field,0.0,0.0,0.0,0.3,0.0,0.3,203,,,False
2026-08-19,680911,824640,Owen Miller,Chicago Cubs,Chicago White Sox@Chicago Cubs,Sean Newcomb,Wrigley Field,0.0,0.0,0.0,0.3,0.0,0.3,204,,,False
2026-08-19,691783,824722,Jordan Lawlar,Arizona Diamondbacks,Arizona Diamondbacks@Boston Red Sox,Payton Tolle,Fenway Park,0.0,0.0,0.0,0.3,0.0,0.3,205,,,False
2026-08-19,595978,824394,Austin Hedges,Cleveland Guardians,San Francisco Giants@Cleveland Guardians,Matt Wilkinson,Progressive Field,0.0,0.0,0.0,0.3,0.0,0.3,206,,,False
2026-08-19,681807,824394,David Fry,Cleveland Guardians,San Francisco Giants@Cleveland Guardians,Matt Wilkinson,Progressive Field,0.0,0.0,0.0,0.3,0.0,0.3,207,,,False
2026-08-19,668800,824394,Andrew Knizner,San Francisco Giants,San Francisco Giants@Cleveland Guardians,Parker Messick,Progressive Field,0.0,0.0,0.0,0.3,0.0,0.3,208,,,False
2026-08-19,813841,824394,Jonah Cox,San Francisco Giants,San Francisco Giants@Cleveland Guardians,Parker Messick,Progressive Field,0.0,0.0,0.0,0.3,0.0,0.3,209,,,False
2026-08-19,806367,824394,Turner Hill,San Francisco Giants,San Francisco Giants@Cleveland Guardians,Parker Messick,Progressive Field,0.0,0.0,0.0,0.3,0.0,0.3,210,,,False
2026-08-19,677943,824476,Will Banfield,Cincinnati Reds,St. Louis Cardinals@Cincinnati Reds,Matthew Liberatore,Great American Ball Park,0.0,0.0,0.0,0.3,0.0,0.3,211,,,False
2026-08-19,622761,822937,Jorge Mateo,Tampa Bay Rays,Toronto Blue Jays@Tampa Bay Rays,Max Scherzer,Tropicana Field,0.0,0.0,0.0,0.3,0.0,0.3,212,,,False
2026-08-19,700652,822937,Kenny Piper,Tampa Bay Rays,Toronto Blue Jays@Tampa Bay Rays,Max Scherzer,Tropicana Field,0.0,0.0,0.0,0.3,0.0,0.3,213,,,False
2026-08-19,663662,822937,Daz Cameron,Toronto Blue Jays,Toronto Blue Jays@Tampa Bay Rays,Drew Rasmussen,Tropicana Field,0.0,0.0,0.0,0.3,0.0,0.3,214,,,False
2026-08-19,571912,824076,Luke Maile,Kansas City Royals,Athletics@Kansas City Royals,Jeffrey Springs,Kauffman Stadium,0.0,0.0,0.0,0.3,0.0,0.3,215,,,False
2026-08-19,672580,824076,Maikel Garcia,Kansas City Royals,Athletics@Kansas City Royals,Jeffrey Springs,Kauffman Stadium,0.0,0.0,0.0,0.3,0.0,0.3,216,,,False
2026-08-19,643376,822860,Danny Jansen,Texas Rangers,Washington Nationals@Texas Rangers,Cade Cavalli,Globe Life Field,0.0,0.0,0.0,0.3,0.0,0.3,217,,,False
2026-08-19,687605,822860,Andrew Pinckney,Washington Nationals,Washington Nationals@Texas Rangers,Kumar Rocker,Globe Life Field,0.0,0.0,0.0,0.3,0.0,0.3,218,,,False
2026-08-19,676369,824155,Nelson Velázquez,Houston Astros,Los Angeles Angels@Houston Astros,Walbert Ureña,Daikin Park,0.0,0.0,0.0,0.3,0.0,0.3,219,,,False
2026-08-19,624428,824155,Adam Frazier,Los Angeles Angels,Los Angeles Angels@Houston Astros,Ethan Pecko,Daikin Park,0.0,0.0,0.0,0.3,0.0,0.3,220,,,False
2026-08-19,518595,824155,Travis d'Arnaud,Los Angeles Angels,Los Angeles Angels@Houston Astros,Ethan Pecko,Daikin Park,0.0,0.0,0.0,0.3,0.0,0.3,221,,,False
2026-08-19,623168,824155,Tyler Heineman,Los Angeles Angels,Los Angeles Angels@Houston Astros,Ethan Pecko,Daikin Park,0.0,0.0,0.0,0.3,0.0,0.3,222,,,False
2026-08-19,690924,824318,Braxton Fulford,Colorado Rockies,Los Angeles Dodgers@Colorado Rockies,Roki Sasaki,Coors Field,0.0,0.0,0.0,0.3,0.0,0.3,223,,,False
2026-08-19,691728,824318,Zac Veen,Colorado Rockies,Los Angeles Dodgers@Colorado Rockies,Roki Sasaki,Coors Field,0.0,0.0,0.0,0.3,0.0,0.3,224,,,False
2026-08-19,666163,824318,Ben Rortvedt,Los Angeles Dodgers,Los Angeles Dodgers@Colorado Rockies,Kyle Freeland,Coors Field,0.0,0.0,0.0,0.3,0.0,0.3,225,,,False
2026-08-19,702176,823664,Alan Roden,Minnesota Twins,Atlanta Braves@Minnesota Twins,AJ Smith-Shawver,Target Field,0.0,0.0,-0.0009,0.3,-0.0027,0.2992,226,,,False
2026-08-19,593428,823587,Xander Bogaerts,San Diego Padres,San Diego Padres@New York Mets,Robert Stock,Citi Field,0.0,0.0,0.022,0.28,0.0661,0.2985,227,,,False
2026-08-19,650968,824801,Yohel Pozo,Baltimore Orioles,New York Yankees@Baltimore Orioles,Will Warren,Oriole Park at Camden Yards,0.0,0.0,-0.0021,0.3,-0.0063,0.2981,228,,,False
2026-08-19,668670,824640,Jake Rogers,Chicago White Sox,Chicago White Sox@Chicago Cubs,Clay Holmes,Wrigley Field,0.0,0.0,-0.003,0.3,-0.009,0.2973,229,,,False
2026-08-19,642215,823748,Weston Wilson,Seattle Mariners,Seattle Mariners@Milwaukee Brewers,Dustin May,American Family Field,0.0,0.0,-0.0036,0.3,-0.0107,0.2968,230,,,False
2026-08-19,677649,822860,Ezequiel Duran,Texas Rangers,Washington Nationals@Texas Rangers,Cade Cavalli,Globe Life Field,0.0,0.0,-0.0039,0.3,-0.0117,0.2965,231,,,False
2026-08-19,666160,824318,Mickey Moniak,Colorado Rockies,Los Angeles Dodgers@Colorado Rockies,Roki Sasaki,Coors Field,0.0,0.0,0.0016,0.295,0.0047,0.2964,232,,,False
2026-08-19,803011,824640,Sam Antonacci,Chicago White Sox,Chicago White Sox@Chicago Cubs,Clay Holmes,Wrigley Field,0.0,0.0,0.0252,0.275,0.0756,0.2958,233,,,False
2026-08-19,596117,823424,Garrett Stubbs,Philadelphia Phillies,Miami Marlins@Philadelphia Phillies,Sandy Alcantara,Citizens Bank Park,0.0,0.0,-0.0051,0.3,-0.0153,0.2954,234,,,False
2026-08-19,669707,823342,Jared Triolo,Pittsburgh Pirates,Detroit Tigers@Pittsburgh Pirates,Jackson Jobe,PNC Park,0.0,0.0,0.0272,0.273,0.0817,0.2953,235,,,False
2026-08-19,683227,822860,Cody Freeman,Texas Rangers,Washington Nationals@Texas Rangers,Cade Cavalli,Globe Life Field,0.0,0.0,-0.0054,0.3,-0.0163,0.2951,236,,,False
2026-08-19,680776,824722,Jarren Duran,Boston Red Sox,Arizona Diamondbacks@Boston Red Sox,Brandon Pfaadt,Fenway Park,0.0,0.0,-0.0383,0.333,-0.115,0.2947,237,,,False
2026-08-19,572233,824155,Christian Walker,Houston Astros,Los Angeles Angels@Houston Astros,Walbert Ureña,Daikin Park,0.0,0.0,-0.0255,0.319,-0.0765,0.2946,238,,,False
2026-08-19,646240,824394,Rafael Devers,San Francisco Giants,San Francisco Giants@Cleveland Guardians,Parker Messick,Progressive Field,0.0,0.0,-0.0148,0.308,-0.0445,0.2943,239,,,False
2026-08-19,701675,824476,Nathan Church,St. Louis Cardinals,St. Louis Cardinals@Cincinnati Reds,Chase Burns,Great American Ball Park,0.0,0.0,-0.0003,0.294,-0.001,0.2937,240,,,False
2026-08-19,691026,824476,Masyn Winn,St. Louis Cardinals,St. Louis Cardinals@Cincinnati Reds,Chase Burns,Great American Ball Park,0.0,0.0,-0.0335,0.326,-0.1006,0.2932,241,,,False
2026-08-19,691011,824640,Drew Romo,Chicago White Sox,Chicago White Sox@Chicago Cubs,Clay Holmes,Wrigley Field,0.0,0.0,-0.0077,0.3,-0.023,0.2931,242,,,False
2026-08-19,641857,824801,Ryan McMahon,New York Yankees,New York Yankees@Baltimore Orioles,Chris Bassitt,Oriole Park at Camden Yards,0.0,0.0,-0.0319,0.324,-0.0957,0.293,243,,,False
2026-08-19,687231,824076,Darell Hernaiz,Athletics,Athletics@Kansas City Royals,Seth Lugo,Kauffman Stadium,0.0,0.0,0.0,0.293,0.0,0.293,244,,,False
2026-08-19,624431,824476,Jose Trevino,Cincinnati Reds,St. Louis Cardinals@Cincinnati Reds,Matthew Liberatore,Great American Ball Park,0.0,0.0,-0.008,0.3,-0.024,0.2928,245,,,False
2026-08-19,656775,822937,Cedric Mullins,Tampa Bay Rays,Toronto Blue Jays@Tampa Bay Rays,Max Scherzer,Tropicana Field,0.0,0.0,-0.0082,0.3,-0.0247,0.2926,246,,,False
2026-08-19,571771,824318,Enrique Hernández,Los Angeles Dodgers,Los Angeles Dodgers@Colorado Rockies,Kyle Freeland,Coors Field,0.0,0.0,-0.0083,0.3,-0.025,0.2925,247,,,False
2026-08-19,678218,822937,Brandon Valenzuela,Toronto Blue Jays,Toronto Blue Jays@Tampa Bay Rays,Drew Rasmussen,Tropicana Field,0.0,0.0,-0.0406,0.333,-0.1219,0.2924,248,,,False
2026-08-19,642201,824722,Eli White,Boston Red Sox,Arizona Diamondbacks@Boston Red Sox,Brandon Pfaadt,Fenway Park,0.0,0.0,-0.0088,0.3,-0.0263,0.2921,249,,,False
2026-08-19,682998,824722,Corbin Carroll,Arizona Diamondbacks,Arizona Diamondbacks@Boston Red Sox,Payton Tolle,Fenway Park,0.0,0.0,0.0042,0.288,0.0125,0.2916,250,,,False
2026-08-19,694384,824155,Nolan Schanuel,Los Angeles Angels,Los Angeles Angels@Houston Astros,Ethan Pecko,Daikin Park,0.0,0.0,0.0,0.291,0.0,0.291,251,,,False
2026-08-19,661531,824076,Brian Serven,Athletics,Athletics@Kansas City Royals,Seth Lugo,Kauffman Stadium,0.0,0.0,-0.0101,0.3,-0.0303,0.2909,252,,,False
2026-08-19,664023,824640,Ian Happ,Chicago Cubs,Chicago White Sox@Chicago Cubs,Sean Newcomb,Wrigley Field,0.0,0.0,0.0166,0.277,0.0498,0.2908,253,,,False
2026-08-19,701852,824394,Drew Cavanaugh,San Francisco Giants,San Francisco Giants@Cleveland Guardians,Parker Messick,Progressive Field,0.0,0.0,-0.0103,0.3,-0.031,0.2907,254,,,False
2026-08-19,807727,822937,Charles McAdoo,Toronto Blue Jays,Toronto Blue Jays@Tampa Bay Rays,Drew Rasmussen,Tropicana Field,0.0,0.0,-0.0104,0.3,-0.0313,0.2906,255,,,False
2026-08-19,669397,824155,Nick Allen,Houston Astros,Los Angeles Angels@Houston Astros,Walbert Ureña,Daikin Park,0.0,0.0,-0.0106,0.3,-0.0317,0.2905,256,,,False
2026-08-19,665750,824801,Leody Taveras,Baltimore Orioles,New York Yankees@Baltimore Orioles,Will Warren,Oriole Park at Camden Yards,0.0,0.0,0.0094,0.282,0.0284,0.29,257,,,False
2026-08-19,672275,824394,Patrick Bailey,Cleveland Guardians,San Francisco Giants@Cleveland Guardians,Matt Wilkinson,Progressive Field,0.0,0.0,0.0,0.29,0.0,0.29,258,,,False
2026-08-19,671277,824801,Luis García Jr.,New York Yankees,New York Yankees@Baltimore Orioles,Chris Bassitt,Oriole Park at Camden Yards,0.0,0.0,-0.0323,0.321,-0.0969,0.2899,259,,,False
2026-08-19,680716,823748,Jonathan Ornelas,Milwaukee Brewers,Seattle Mariners@Milwaukee Brewers,Logan Gilbert,American Family Field,0.0,0.0,-0.0115,0.3,-0.0343,0.2897,260,,,False
2026-08-19,671976,824640,Tristan Peters,Chicago White Sox,Chicago White Sox@Chicago Cubs,Clay Holmes,Wrigley Field,0.0,0.0,0.0038,0.286,0.0115,0.2893,261,,,False
2026-08-19,605141,824318,Mookie Betts,Los Angeles Dodgers,Los Angeles Dodgers@Colorado Rockies,Kyle Freeland,Coors Field,0.0,0.0,-0.0034,0.292,-0.0103,0.289,262,,,False
2026-08-19,686765,824722,Nick Sogard,Boston Red Sox,Arizona Diamondbacks@Boston Red Sox,Brandon Pfaadt,Fenway Park,0.0,0.0,-0.0166,0.304,-0.0497,0.2889,263,,,False
2026-08-19,671739,823664,Michael Harris II,Atlanta Braves,Atlanta Braves@Minnesota Twins,Taj Bradley,Target Field,0.0,0.0,-0.0033,0.291,-0.01,0.2881,264,,,False
2026-08-19,805811,824394,Bryce Eldridge,San Francisco Giants,San Francisco Giants@Cleveland Guardians,Parker Messick,Progressive Field,0.0,0.0,-0.0178,0.304,-0.0533,0.2878,265,,,False
2026-08-19,669911,824476,Michael Toglia,Cincinnati Reds,St. Louis Cardinals@Cincinnati Reds,Matthew Liberatore,Great American Ball Park,0.0,0.0,-0.0138,0.3,-0.0413,0.2876,266,,,False
2026-08-19,682928,822860,CJ Abrams,Washington Nationals,Washington Nationals@Texas Rangers,Kumar Rocker,Globe Life Field,0.0,0.0,0.0017,0.286,0.0052,0.2875,267,,,False
2026-08-19,640459,823424,Brian Navarreto,Miami Marlins,Miami Marlins@Philadelphia Phillies,Aaron Nola,Citizens Bank Park,0.0,0.0,-0.014,0.3,-0.042,0.2874,268,,,False
2026-08-19,695657,824640,Colson Montgomery,Chicago White Sox,Chicago White Sox@Chicago Cubs,Clay Holmes,Wrigley Field,0.0,0.0,0.0148,0.275,0.0444,0.2872,269,,,False
2026-08-19,675961,824076,Alika Williams,Athletics,Athletics@Kansas City Royals,Seth Lugo,Kauffman Stadium,0.0,0.0,-0.009,0.294,-0.0269,0.2861,270,,,False
2026-08-19,687093,824155,Vaughn Grissom,Los Angeles Angels,Los Angeles Angels@Houston Astros,Ethan Pecko,Daikin Park,0.0,0.0,0.0,0.286,0.0,0.286,271,,,False
2026-08-19,592518,823587,Manny Machado,San Diego Padres,San Diego Padres@New York Mets,Robert Stock,Citi Field,0.0,0.0,-0.0024,0.288,-0.0073,0.2859,272,,,False
2026-08-19,607208,823424,Trea Turner,Philadelphia Phillies,Miami Marlins@Philadelphia Phillies,Sandy Alcantara,Citizens Bank Park,0.0,0.0,-0.0272,0.311,-0.0817,0.2856,273,,,False
2026-08-19,680700,822937,Richie Palacios,Tampa Bay Rays,Toronto Blue Jays@Tampa Bay Rays,Max Scherzer,Tropicana Field,0.0,0.0,0.0044,0.281,0.0132,0.2847,274,,,False
2026-08-19,670623,824155,Isaac Paredes,Houston Astros,Los Angeles Angels@Houston Astros,Walbert Ureña,Daikin Park,0.0,0.0,-0.0171,0.3,-0.0513,0.2846,275,,,False
2026-08-19,669221,823664,Sean Murphy,Atlanta Braves,Atlanta Braves@Minnesota Twins,Taj Bradley,Target Field,0.0,0.0,-0.0175,0.3,-0.0523,0.2843,276,,,False
2026-08-19,695670,822860,Harry Ford,Washington Nationals,Washington Nationals@Texas Rangers,Kumar Rocker,Globe Life Field,0.0,0.0,-0.0174,0.3,-0.0523,0.2843,277,,,False
2026-08-19,823550,823587,Sung-Mun Song,San Diego Padres,San Diego Padres@New York Mets,Robert Stock,Citi Field,0.0,0.0,0.0035,0.281,0.0107,0.284,278,,,False
2026-08-19,669743,824318,Alex Call,Los Angeles Dodgers,Los Angeles Dodgers@Colorado Rockies,Kyle Freeland,Coors Field,0.0,0.0,0.0203,0.267,0.061,0.2833,279,,,False
2026-08-19,500743,824318,Miguel Rojas,Los Angeles Dodgers,Los Angeles Dodgers@Colorado Rockies,Kyle Freeland,Coors Field,0.0,0.0,-0.0188,0.3,-0.0563,0.2831,280,,,False
2026-08-19,671083,824394,Buddy Kennedy,San Francisco Giants,San Francisco Giants@Cleveland Guardians,Parker Messick,Progressive Field,0.0,0.0,-0.02,0.3,-0.06,0.282,281,,,False
2026-08-19,686797,823664,Brooks Lee,Minnesota Twins,Atlanta Braves@Minnesota Twins,AJ Smith-Shawver,Target Field,0.0,0.0,0.0047,0.278,0.014,0.2819,282,,,False
2026-08-19,642715,824394,Willy Adames,San Francisco Giants,San Francisco Giants@Cleveland Guardians,Parker Messick,Progressive Field,0.0,0.0,-0.0049,0.286,-0.0147,0.2818,283,,,False
2026-08-19,681715,823424,Heriberto Hernández,Miami Marlins,Miami Marlins@Philadelphia Phillies,Aaron Nola,Citizens Bank Park,0.0,0.0,0.0043,0.278,0.0129,0.2816,284,,,False
2026-08-19,691406,822937,Junior Caminero,Tampa Bay Rays,Toronto Blue Jays@Tampa Bay Rays,Max Scherzer,Tropicana Field,0.0,0.0,-0.0184,0.296,-0.0551,0.2797,285,,,False
2026-08-19,573262,823664,Mike Yastrzemski,Atlanta Braves,Atlanta Braves@Minnesota Twins,Taj Bradley,Target Field,0.0,0.0,-0.0076,0.286,-0.0227,0.2795,286,,,False
2026-08-19,656537,823424,Derek Hill,Philadelphia Phillies,Miami Marlins@Philadelphia Phillies,Sandy Alcantara,Citizens Bank Park,0.0,0.0,-0.0234,0.3,-0.0703,0.2789,287,,,False
2026-08-19,677870,823424,Leo Jiménez,Miami Marlins,Miami Marlins@Philadelphia Phillies,Aaron Nola,Citizens Bank Park,0.0,0.0,-0.0148,0.29,-0.0445,0.2771,288,,,False
2026-08-19,806146,824801,George Lombard Jr.,New York Yankees,New York Yankees@Baltimore Orioles,Chris Bassitt,Oriole Park at Camden Yards,0.0,0.0,-0.0254,0.3,-0.0763,0.2771,289,,,False
2026-08-19,596146,824722,Max Kepler,Arizona Diamondbacks,Arizona Diamondbacks@Boston Red Sox,Payton Tolle,Fenway Park,0.0,0.0,-0.0288,0.303,-0.0865,0.2768,290,,,False
2026-08-19,688363,823424,Graham Pauley,Miami Marlins,Miami Marlins@Philadelphia Phillies,Aaron Nola,Citizens Bank Park,0.0,0.0,0.013,0.265,0.0389,0.2753,291,,,False
2026-08-19,699302,824476,Héctor Rodríguez,Cincinnati Reds,St. Louis Cardinals@Cincinnati Reds,Matthew Liberatore,Great American Ball Park,0.0,0.0,-0.0274,0.3,-0.0823,0.2753,292,,,False
2026-08-19,665966,824801,Carlos Narváez,Baltimore Orioles,New York Yankees@Baltimore Orioles,Will Warren,Oriole Park at Camden Yards,0.0,0.0,-0.0173,0.29,-0.0521,0.2749,293,,,False
2026-08-19,683002,824801,Gunnar Henderson,Baltimore Orioles,New York Yankees@Baltimore Orioles,Will Warren,Oriole Park at Camden Yards,0.0,0.0,-0.0002,0.275,-0.0007,0.2748,294,,,False
2026-08-19,682829,824476,Elly De La Cruz,Cincinnati Reds,St. Louis Cardinals@Cincinnati Reds,Matthew Liberatore,Great American Ball Park,0.0,0.0,-0.0045,0.278,-0.0137,0.2742,295,,,False
2026-08-19,680777,823664,Ryan Jeffers,Minnesota Twins,Atlanta Braves@Minnesota Twins,AJ Smith-Shawver,Target Field,0.0,0.0,-0.0279,0.298,-0.0836,0.2731,296,,,False
2026-08-19,694212,824801,Samuel Basallo,Baltimore Orioles,New York Yankees@Baltimore Orioles,Will Warren,Oriole Park at Camden Yards,0.0,0.0,0.0,0.273,0.0,0.273,297,,,False
2026-08-19,694203,824155,Denzer Guzman,Los Angeles Angels,Los Angeles Angels@Houston Astros,Ethan Pecko,Daikin Park,0.0,0.0,0.0,0.273,0.0,0.273,298,,,False
2026-08-19,645305,824801,Ali Sánchez,New York Yankees,New York Yankees@Baltimore Orioles,Chris Bassitt,Oriole Park at Camden Yards,0.0,0.0,-0.0302,0.3,-0.0907,0.2728,299,,,False
2026-08-19,669364,823424,Xavier Edwards,Miami Marlins,Miami Marlins@Philadelphia Phillies,Aaron Nola,Citizens Bank Park,0.0,0.0,-0.0077,0.279,-0.0229,0.2726,300,,,False
2026-08-19,668939,824722,Adley Rutschman,Boston Red Sox,Arizona Diamondbacks@Boston Red Sox,Brandon Pfaadt,Fenway Park,0.0,0.0,-0.0202,0.289,-0.0606,0.2715,301,,,False
2026-08-19,683766,824394,Christian Koss,San Francisco Giants,San Francisco Giants@Cleveland Guardians,Parker Messick,Progressive Field,0.0,0.0,-0.0483,0.317,-0.1448,0.2711,302,,,False
2026-08-19,665862,824801,Jazz Chisholm Jr.,New York Yankees,New York Yankees@Baltimore Orioles,Chris Bassitt,Oriole Park at Camden Yards,0.0,0.0,0.0157,0.258,0.0473,0.2702,303,,,False
2026-08-19,693307,823342,Dillon Dingler,Detroit Tigers,Detroit Tigers@Pittsburgh Pirates,Paul Skenes,PNC Park,0.0,0.0,0.0103,0.262,0.0309,0.2701,304,,,False
2026-08-19,670764,822937,Taylor Walls,Tampa Bay Rays,Toronto Blue Jays@Tampa Bay Rays,Max Scherzer,Tropicana Field,0.0,0.0,0.0001,0.267,0.0004,0.2671,305,,,False
2026-08-19,665161,824155,Jeremy Peña,Houston Astros,Los Angeles Angels@Houston Astros,Walbert Ureña,Daikin Park,0.0,0.0,-0.0368,0.3,-0.1103,0.2669,306,,,False
2026-08-19,657136,824722,Connor Wong,Boston Red Sox,Arizona Diamondbacks@Boston Red Sox,Brandon Pfaadt,Fenway Park,0.0,0.0,-0.0375,0.3,-0.1127,0.2662,307,,,False
2026-08-19,666211,824155,Taylor Trammell,Houston Astros,Los Angeles Angels@Houston Astros,Walbert Ureña,Daikin Park,0.0,0.0,-0.0517,0.314,-0.1551,0.2653,308,,,False
2026-08-19,808982,824394,Jung Hoo Lee,San Francisco Giants,San Francisco Giants@Cleveland Guardians,Parker Messick,Progressive Field,0.0,0.0,-0.0117,0.274,-0.035,0.2644,309,,,False
2026-08-19,664774,824155,LaMonte Wade Jr.,Houston Astros,Los Angeles Angels@Houston Astros,Walbert Ureña,Daikin Park,0.0,0.0,-0.0069,0.267,-0.0206,0.2615,310,,,False
2026-08-19,699912,824722,Jose Fernandez,Arizona Diamondbacks,Arizona Diamondbacks@Boston Red Sox,Payton Tolle,Fenway Park,0.0,0.0,0.0,0.261,0.0,0.261,311,,,False
2026-08-19,668952,823664,Ryan Kreidler,Minnesota Twins,Atlanta Braves@Minnesota Twins,AJ Smith-Shawver,Target Field,0.0,0.0,-0.0102,0.268,-0.0306,0.2598,312,,,False
2026-08-19,666139,824155,Josh Lowe,Los Angeles Angels,Los Angeles Angels@Houston Astros,Ethan Pecko,Daikin Park,0.0,0.0,0.0,0.258,0.0,0.258,313,,,False
2026-08-19,502671,824801,Paul Goldschmidt,New York Yankees,New York Yankees@Baltimore Orioles,Chris Bassitt,Oriole Park at Camden Yards,0.0,0.0,-0.0289,0.282,-0.0865,0.2576,314,,,False
2026-08-19,642708,824801,Amed Rosario,New York Yankees,New York Yankees@Baltimore Orioles,Chris Bassitt,Oriole Park at Camden Yards,0.0,0.0,-0.0481,0.3,-0.1443,0.2567,315,,,False
2026-08-19,676609,824801,José Caballero,New York Yankees,New York Yankees@Baltimore Orioles,Chris Bassitt,Oriole Park at Camden Yards,0.0,0.0,-0.0217,0.273,-0.0652,0.2552,316,,,False
2026-08-19,543760,823587,Marcus Semien,New York Mets,San Diego Padres@New York Mets,Michael King,Citi Field,0.0,0.0,-0.0016,0.256,-0.0047,0.2548,317,,,False
2026-08-19,666152,823748,David Hamilton,Milwaukee Brewers,Seattle Mariners@Milwaukee Brewers,Logan Gilbert,American Family Field,0.0,0.0,-0.0122,0.263,-0.0365,0.2534,318,,,False
2026-08-19,643289,823664,Mauricio Dubón,Atlanta Braves,Atlanta Braves@Minnesota Twins,Taj Bradley,Target Field,0.0,0.0,-0.0247,0.273,-0.074,0.2528,319,,,False
2026-08-19,664702,822937,Myles Straw,Toronto Blue Jays,Toronto Blue Jays@Tampa Bay Rays,Drew Rasmussen,Tropicana Field,0.0,0.0,-0.015,0.262,-0.045,0.2502,320,,,False
2026-08-19,666176,824394,Jo Adell,Cleveland Guardians,San Francisco Giants@Cleveland Guardians,Matt Wilkinson,Progressive Field,0.0,0.0,0.0,0.25,0.0,0.25,321,,,False
2026-08-19,690984,824394,Petey Halpin,Cleveland Guardians,San Francisco Giants@Cleveland Guardians,Matt Wilkinson,Progressive Field,0.0,0.0,0.0,0.25,0.0,0.25,322,,,False
2026-08-19,805999,823587,A.J. Ewing,New York Mets,San Diego Padres@New York Mets,Michael King,Citi Field,0.0,0.0,-0.0161,0.259,-0.0483,0.2465,323,,,False
2026-08-19,691788,823424,Joe Mack,Miami Marlins,Miami Marlins@Philadelphia Phillies,Aaron Nola,Citizens Bank Park,0.0,0.0,-0.0258,0.267,-0.0775,0.2463,324,,,False
2026-08-19,805779,824076,Jacob Wilson,Athletics,Athletics@Kansas City Royals,Seth Lugo,Kauffman Stadium,0.0,0.0,-0.001,0.245,-0.0029,0.2443,325,,,False
2026-08-19,694378,823342,Jacob Gonzalez,Pittsburgh Pirates,Detroit Tigers@Pittsburgh Pirates,Jackson Jobe,PNC Park,0.0,0.0,0.0091,0.237,0.0274,0.2435,326,,,False
2026-08-19,545121,824722,Ildemaro Vargas,Arizona Diamondbacks,Arizona Diamondbacks@Boston Red Sox,Payton Tolle,Fenway Park,0.0,0.0,-0.011,0.25,-0.0332,0.2417,327,,,False
2026-08-19,608070,824394,José Ramírez,Cleveland Guardians,San Francisco Giants@Cleveland Guardians,Matt Wilkinson,Progressive Field,0.0,0.0,0.0,0.24,0.0,0.24,328,,,False
2026-08-19,681393,824318,Connor Norby,Colorado Rockies,Los Angeles Dodgers@Colorado Rockies,Roki Sasaki,Coors Field,0.0,0.0,0.0221,0.225,0.0662,0.2399,329,,,False
2026-08-19,650333,823424,Luis Arraez,Philadelphia Phillies,Miami Marlins@Philadelphia Phillies,Sandy Alcantara,Citizens Bank Park,0.0,0.0,-0.0279,0.26,-0.0838,0.2382,330,,,False
2026-08-19,800325,823748,Luis Lara,Milwaukee Brewers,Seattle Mariners@Milwaukee Brewers,Logan Gilbert,American Family Field,0.0,0.0,-0.008,0.243,-0.0239,0.2372,331,,,False
2026-08-19,680977,823748,Brendan Donovan,Seattle Mariners,Seattle Mariners@Milwaukee Brewers,Dustin May,American Family Field,0.0,0.0,-0.0074,0.242,-0.0223,0.2366,332,,,False
2026-08-19,642086,823664,Dominic Smith,Atlanta Braves,Atlanta Braves@Minnesota Twins,Taj Bradley,Target Field,0.0,0.0,0.0022,0.233,0.0064,0.2345,333,,,False
2026-08-19,645302,823748,Victor Robles,Seattle Mariners,Seattle Mariners@Milwaukee Brewers,Dustin May,American Family Field,0.0,0.0,0.0017,0.233,0.0052,0.2342,334,,,False
2026-08-19,671218,824801,Heliot Ramos,New York Yankees,New York Yankees@Baltimore Orioles,Chris Bassitt,Oriole Park at Camden Yards,0.0,0.0,-0.0308,0.256,-0.0926,0.2323,335,,,False
2026-08-19,668709,824476,JJ Bleday,Cincinnati Reds,St. Louis Cardinals@Cincinnati Reds,Matthew Liberatore,Great American Ball Park,0.0,0.0,-0.0181,0.245,-0.0543,0.2317,336,,,False
2026-08-19,670770,824476,TJ Friedl,Cincinnati Reds,St. Louis Cardinals@Cincinnati Reds,Matthew Liberatore,Great American Ball Park,0.0,0.0,-0.0268,0.25,-0.0804,0.2299,337,,,False
2026-08-19,663647,824476,Ke'Bryan Hayes,Cincinnati Reds,St. Louis Cardinals@Cincinnati Reds,Matthew Liberatore,Great American Ball Park,0.0,0.0,-0.0281,0.25,-0.0844,0.2289,338,,,False
2026-08-19,665019,823664,Kody Clemens,Minnesota Twins,Atlanta Braves@Minnesota Twins,AJ Smith-Shawver,Target Field,0.0,0.0,-0.0165,0.24,-0.0496,0.2281,339,,,False
2026-08-19,694497,822860,Evan Carter,Texas Rangers,Washington Nationals@Texas Rangers,Cade Cavalli,Globe Life Field,0.0,0.0,-0.0315,0.25,-0.0944,0.2264,340,,,False
2026-08-19,679845,824076,Nick Loftin,Kansas City Royals,Athletics@Kansas City Royals,Jeffrey Springs,Kauffman Stadium,0.0,0.0,-0.0019,0.227,-0.0057,0.2257,341,,,False
2026-08-19,596142,823748,Gary Sánchez,Milwaukee Brewers,Seattle Mariners@Milwaukee Brewers,Logan Gilbert,American Family Field,0.0,0.0,0.018,0.212,0.0538,0.2234,342,,,False
2026-08-19,669003,823748,Garrett Mitchell,Milwaukee Brewers,Seattle Mariners@Milwaukee Brewers,Logan Gilbert,American Family Field,0.0,0.0,-0.018,0.235,-0.054,0.2223,343,,,False
2026-08-19,687263,824155,Zach Neto,Los Angeles Angels,Los Angeles Angels@Houston Astros,Ethan Pecko,Daikin Park,0.0,0.0,0.0,0.222,0.0,0.222,344,,,False
2026-08-19,592885,823748,Christian Yelich,Milwaukee Brewers,Seattle Mariners@Milwaukee Brewers,Logan Gilbert,American Family Field,0.0,0.0,-0.0141,0.231,-0.0424,0.2212,345,,,False
2026-08-19,543807,822937,George Springer,Toronto Blue Jays,Toronto Blue Jays@Tampa Bay Rays,Drew Rasmussen,Tropicana Field,0.0,0.0,-0.0327,0.244,-0.098,0.2201,346,,,False
2026-08-19,641680,824076,Jonah Heim,Athletics,Athletics@Kansas City Royals,Seth Lugo,Kauffman Stadium,0.0,0.0,-0.0159,0.231,-0.0476,0.22,347,,,False
2026-08-19,686611,822860,Dylan Crews,Washington Nationals,Washington Nationals@Texas Rangers,Kumar Rocker,Globe Life Field,0.0,0.0,-0.0209,0.234,-0.0628,0.2193,348,,,False
2026-08-19,669016,823424,Brandon Marsh,Philadelphia Phillies,Miami Marlins@Philadelphia Phillies,Sandy Alcantara,Citizens Bank Park,0.0,0.0,-0.0336,0.241,-0.1008,0.2167,349,,,False
2026-08-19,694671,822860,Wyatt Langford,Texas Rangers,Washington Nationals@Texas Rangers,Cade Cavalli,Globe Life Field,0.0,0.0,-0.0114,0.222,-0.0342,0.2144,350,,,False
2026-08-19,663457,824722,Lars Nootbaar,Arizona Diamondbacks,Arizona Diamondbacks@Boston Red Sox,Payton Tolle,Fenway Park,0.0,0.0,-0.0271,0.233,-0.0811,0.2141,351,,,False
2026-08-19,672640,823424,Otto Lopez,Miami Marlins,Miami Marlins@Philadelphia Phillies,Aaron Nola,Citizens Bank Park,0.0,0.0,-0.0041,0.216,-0.0125,0.2133,352,,,False
2026-08-19,802139,824476,JJ Wetherholt,St. Louis Cardinals,St. Louis Cardinals@Cincinnati Reds,Chase Burns,Great American Ball Park,0.0,0.0,-0.0233,0.228,-0.0697,0.2121,353,,,False
2026-08-19,621493,823748,Taylor Ward,Seattle Mariners,Seattle Mariners@Milwaukee Brewers,Dustin May,American Family Field,0.0,0.0,-0.0355,0.235,-0.1064,0.21,354,,,False
2026-08-19,669242,824318,Tommy Edman,Los Angeles Dodgers,Los Angeles Dodgers@Colorado Rockies,Kyle Freeland,Coors Field,0.0,0.0,-0.011,0.216,-0.0329,0.2089,355,,,False
2026-08-19,678011,824722,Anthony Seigler,Boston Red Sox,Arizona Diamondbacks@Boston Red Sox,Brandon Pfaadt,Fenway Park,0.0,0.0,-0.0274,0.226,-0.0823,0.2074,356,,,False
2026-08-19,621438,824640,Tyrone Taylor,Chicago Cubs,Chicago White Sox@Chicago Cubs,Sean Newcomb,Wrigley Field,0.0,0.0,0.0131,0.194,0.0392,0.2016,357,,,False
2026-08-19,686780,824476,Pedro Pagés,St. Louis Cardinals,St. Louis Cardinals@Cincinnati Reds,Chase Burns,Great American Ball Park,0.0,0.0,0.0024,0.2,0.007,0.2014,358,,,False
2026-08-19,694377,823342,Nick Yorke,Pittsburgh Pirates,Detroit Tigers@Pittsburgh Pirates,Jackson Jobe,PNC Park,0.0,0.0,0.0,0.2,0.0,0.2,359,,,False
2026-08-19,663656,824318,Kyle Tucker,Los Angeles Dodgers,Los Angeles Dodgers@Colorado Rockies,Kyle Freeland,Coors Field,0.0,0.0,-0.0145,0.208,-0.0433,0.199,360,,,False
2026-08-19,661388,823748,William Contreras,Milwaukee Brewers,Seattle Mariners@Milwaukee Brewers,Logan Gilbert,American Family Field,0.0,0.0,-0.0123,0.204,-0.0368,0.1965,361,,,False
2026-08-19,678391,822860,Jorbit Vivas,Washington Nationals,Washington Nationals@Texas Rangers,Kumar Rocker,Globe Life Field,0.0,0.0,0.0043,0.194,0.0129,0.1965,362,,,False
2026-08-19,665877,824476,José Fermín,St. Louis Cardinals,St. Louis Cardinals@Cincinnati Reds,Chase Burns,Great American Ball Park,0.0,0.0,-0.0153,0.205,-0.0459,0.1956,363,,,False
2026-08-19,592663,823424,J.T. Realmuto,Philadelphia Phillies,Miami Marlins@Philadelphia Phillies,Sandy Alcantara,Citizens Bank Park,0.0,0.0,-0.0404,0.22,-0.1214,0.1933,364,,,False
2026-08-19,662139,824155,Daulton Varsho,Houston Astros,Los Angeles Angels@Houston Astros,Walbert Ureña,Daikin Park,0.0,0.0,-0.0386,0.217,-0.1157,0.1919,365,,,False
2026-08-19,677587,824394,Brayan Rocchio,Cleveland Guardians,San Francisco Giants@Cleveland Guardians,Matt Wilkinson,Progressive Field,0.0,0.0,0.0,0.189,0.0,0.189,366,,,False
2026-08-19,805347,823664,Jim Jarvis,Atlanta Braves,Atlanta Braves@Minnesota Twins,Taj Bradley,Target Field,0.0,0.0,-0.0292,0.206,-0.0874,0.188,367,,,False
2026-08-19,645277,823664,Ozzie Albies,Atlanta Braves,Atlanta Braves@Minnesota Twins,Taj Bradley,Target Field,0.0,0.0,-0.0156,0.196,-0.0469,0.1868,368,,,False
2026-08-19,663728,823748,Cal Raleigh,Seattle Mariners,Seattle Mariners@Milwaukee Brewers,Dustin May,American Family Field,0.0,0.0,-0.0312,0.206,-0.0937,0.1867,369,,,False
2026-08-19,695600,824076,Carter Jensen,Kansas City Royals,Athletics@Kansas City Royals,Jeffrey Springs,Kauffman Stadium,0.0,0.0,0.0293,0.171,0.0877,0.186,370,,,False
2026-08-19,670032,822860,Nicky Lopez,Texas Rangers,Washington Nationals@Texas Rangers,Cade Cavalli,Globe Life Field,0.0,0.0,-0.0156,0.195,-0.0467,0.1859,371,,,False
2026-08-19,686555,824076,Isaac Collins,Kansas City Royals,Athletics@Kansas City Royals,Jeffrey Springs,Kauffman Stadium,0.0,0.0,0.0068,0.182,0.0203,0.1857,372,,,False
2026-08-19,676391,822937,Ernie Clement,Toronto Blue Jays,Toronto Blue Jays@Tampa Bay Rays,Drew Rasmussen,Tropicana Field,0.0,0.0,-0.0433,0.21,-0.13,0.1827,373,,,False
2026-08-19,694208,824155,Moisés Ballesteros,Los Angeles Angels,Los Angeles Angels@Houston Astros,Ethan Pecko,Daikin Park,0.0,0.0,0.0,0.182,0.0,0.182,374,,,False
2026-08-19,605170,823664,Victor Caratini,Minnesota Twins,Atlanta Braves@Minnesota Twins,AJ Smith-Shawver,Target Field,0.0,0.0,-0.0343,0.2,-0.103,0.1794,375,,,False
2026-08-19,663616,823664,Trevor Larnach,Minnesota Twins,Atlanta Braves@Minnesota Twins,AJ Smith-Shawver,Target Field,0.0,0.0,-0.0349,0.2,-0.1045,0.1791,376,,,False
2026-08-19,681508,824722,Mickey Gasper,Boston Red Sox,Arizona Diamondbacks@Boston Red Sox,Brandon Pfaadt,Fenway Park,0.0,0.0,0.0,0.179,0.0,0.179,377,,,False
2026-08-19,687859,824318,Troy Johnston,Colorado Rockies,Los Angeles Dodgers@Colorado Rockies,Roki Sasaki,Coors Field,0.0,0.0,0.0011,0.176,0.0034,0.1766,378,,,False
2026-08-19,664770,822937,Nathan Lukes,Toronto Blue Jays,Toronto Blue Jays@Tampa Bay Rays,Drew Rasmussen,Tropicana Field,0.0,0.0,-0.0575,0.211,-0.1725,0.1746,379,,,False
2026-08-19,664728,824076,Kyle Isbel,Kansas City Royals,Athletics@Kansas City Royals,Jeffrey Springs,Kauffman Stadium,0.0,0.0,0.0029,0.171,0.0088,0.1725,380,,,False
2026-08-19,660844,823748,Leo Rivas,Seattle Mariners,Seattle Mariners@Milwaukee Brewers,Dustin May,American Family Field,0.0,0.0,0.0,0.171,0.0,0.171,381,,,False
2026-08-19,666023,823587,Freddy Fermin,San Diego Padres,San Diego Padres@New York Mets,Robert Stock,Citi Field,0.0,0.0,0.0058,0.167,0.0174,0.1699,382,,,False
2026-08-19,657757,823587,Gavin Sheets,San Diego Padres,San Diego Padres@New York Mets,Robert Stock,Citi Field,0.0,0.0,-0.0015,0.167,-0.0048,0.1662,383,,,False
2026-08-19,680779,823342,Henry Davis,Pittsburgh Pirates,Detroit Tigers@Pittsburgh Pirates,Jackson Jobe,PNC Park,0.0,0.0,-0.0066,0.167,-0.0198,0.1637,384,,,False
2026-08-19,700250,824801,Ben Rice,New York Yankees,New York Yankees@Baltimore Orioles,Chris Bassitt,Oriole Park at Camden Yards,0.0,0.0,-0.0255,0.167,-0.0766,0.1542,385,,,False
2026-08-19,687462,823342,Spencer Horwitz,Pittsburgh Pirates,Detroit Tigers@Pittsburgh Pirates,Jackson Jobe,PNC Park,0.0,0.0,-0.0222,0.161,-0.0665,0.1503,386,,,False
2026-08-19,543877,824155,Christian Vázquez,Houston Astros,Los Angeles Angels@Houston Astros,Walbert Ureña,Daikin Park,0.0,0.0,-0.0246,0.161,-0.0739,0.1491,387,,,False
2026-08-19,666126,824076,Carlos Cortes,Athletics,Athletics@Kansas City Royals,Seth Lugo,Kauffman Stadium,0.0,0.0,-0.0074,0.15,-0.022,0.1467,388,,,False
2026-08-19,682668,824640,Luisangel Acuña,Chicago White Sox,Chicago White Sox@Chicago Cubs,Clay Holmes,Wrigley Field,0.0,0.0,-0.0353,0.152,-0.1059,0.1359,389,,,False
2026-08-19,683083,822860,Nasim Nuñez,Washington Nationals,Washington Nationals@Texas Rangers,Kumar Rocker,Globe Life Field,0.0,0.0,-0.0433,0.136,-0.1301,0.1183,390,,,False
2026-08-20,695506,824074,Jac Caglianone,Kansas City Royals,Athletics@Kansas City Royals,Gage Jump,Kauffman Stadium,0.0,0.0,0.1009,0.47,0.25,0.5875,1,,,False
2026-08-20,701358,824153,Cam Smith,Houston Astros,Los Angeles Angels@Houston Astros,Grayson Rodriguez,Daikin Park,0.0,0.0,0.0352,0.475,0.1057,0.5252,2,,,False
2026-08-20,624413,824802,Pete Alonso,Baltimore Orioles,New York Yankees@Baltimore Orioles,Gerrit Cole,Oriole Park at Camden Yards,0.0,0.0,0.0153,0.49,0.0459,0.5125,3,,,False
2026-08-20,676475,824474,Alec Burleson,St. Louis Cardinals,St. Louis Cardinals@Cincinnati Reds,Brady Singer,Great American Ball Park,0.0,0.0,0.05,0.444,0.15,0.5106,4,,,False
2026-08-20,686475,824074,Tyler Tolbert,Kansas City Royals,Athletics@Kansas City Royals,Gage Jump,Kauffman Stadium,0.0,0.0,0.0272,0.469,0.0817,0.5073,5,,,False
2026-08-20,680869,824074,Zack Gelof,Athletics,Athletics@Kansas City Royals,Randy Dobnak,Kauffman Stadium,0.0,0.0,0.0375,0.451,0.1124,0.5017,6,,,False
2026-08-20,672386,822934,Alejandro Kirk,Toronto Blue Jays,Toronto Blue Jays@Tampa Bay Rays,Ian Seymour,Tropicana Field,0.0,0.0,0.0478,0.423,0.1435,0.4837,7,,,False
2026-08-20,641343,823747,Jake Bauers,Milwaukee Brewers,Seattle Mariners@Milwaukee Brewers,George Kirby,American Family Field,0.0,0.0,0.0357,0.435,0.1071,0.4816,8,,,False
2026-08-20,677951,824074,Bobby Witt Jr.,Kansas City Royals,Athletics@Kansas City Royals,Gage Jump,Kauffman Stadium,0.0,0.0,0.0362,0.429,0.1086,0.4756,9,,,False
2026-08-20,663993,824395,Nathaniel Lowe,Cleveland Guardians,San Francisco Giants@Cleveland Guardians,Landen Roupp,Progressive Field,0.0,0.0,0.0423,0.395,0.1268,0.4451,10,,,False
2026-08-20,703607,824074,Henry Bolte,Athletics,Athletics@Kansas City Royals,Randy Dobnak,Kauffman Stadium,0.0,0.0,0.0001,0.44,0.0002,0.4401,11,,,False
2026-08-20,663586,824589,Austin Riley,Atlanta Braves,Atlanta Braves@Chicago White Sox,Anthony Kay,Rate Field,0.0,0.0,-0.0067,0.447,-0.0201,0.438,12,,,False
2026-08-20,680757,824395,Steven Kwan,Cleveland Guardians,San Francisco Giants@Cleveland Guardians,Landen Roupp,Progressive Field,0.0,0.0,0.0054,0.429,0.0161,0.4359,13,,,False
2026-08-20,696285,822861,Jacob Young,Washington Nationals,Washington Nationals@Texas Rangers,Jacob deGrom,Globe Life Field,0.0,0.0,0.0504,0.372,0.1511,0.4282,14,,,False
2026-08-20,691023,824474,Jordan Walker,St. Louis Cardinals,St. Louis Cardinals@Cincinnati Reds,Brady Singer,Great American Ball Park,0.0,0.0,0.013,0.407,0.0391,0.4229,15,,,False
2026-08-20,660688,822861,Keibert Ruiz,Washington Nationals,Washington Nationals@Texas Rangers,Jacob deGrom,Globe Life Field,0.0,0.0,0.0422,0.375,0.1267,0.4225,16,,,False
2026-08-20,694673,822861,Abimelec Ortiz,Washington Nationals,Washington Nationals@Texas Rangers,Jacob deGrom,Globe Life Field,0.0,0.0,0.0577,0.355,0.1732,0.4165,17,,,False
2026-08-20,622268,824074,Donovan Walton,Athletics,Athletics@Kansas City Royals,Randy Dobnak,Kauffman Stadium,0.0,0.0,-0.0086,0.419,-0.0258,0.4082,18,,,False
2026-08-20,806198,823747,Cooper Pratt,Milwaukee Brewers,Seattle Mariners@Milwaukee Brewers,George Kirby,American Family Field,0.0,0.0,-0.0104,0.419,-0.0313,0.4059,19,,,False
2026-08-20,663743,822934,Nick Fortes,Tampa Bay Rays,Toronto Blue Jays@Tampa Bay Rays,Shane Bieber,Tropicana Field,0.0,0.0,-0.0123,0.419,-0.037,0.4035,20,,,False
2026-08-20,682674,824395,Victor Bericoto,San Francisco Giants,San Francisco Giants@Cleveland Guardians,Gavin Williams,Progressive Field,0.0,0.0,-0.0359,0.452,-0.1077,0.4033,21,,,False
2026-08-20,621566,824589,Matt Olson,Atlanta Braves,Atlanta Braves@Chicago White Sox,Anthony Kay,Rate Field,0.0,0.0,0.0249,0.373,0.0748,0.4009,22,,,False
2026-08-20,514888,824153,Jose Altuve,Houston Astros,Los Angeles Angels@Houston Astros,Grayson Rodriguez,Daikin Park,0.0,0.0,0.0217,0.373,0.0651,0.3973,23,,,False
2026-08-20,683734,823747,Andrew Vaughn,Milwaukee Brewers,Seattle Mariners@Milwaukee Brewers,George Kirby,American Family Field,0.0,0.0,-0.0027,0.4,-0.008,0.3968,24,,,False
2026-08-20,808959,824589,Munetaka Murakami,Chicago White Sox,Atlanta Braves@Chicago White Sox,Grant Holmes,Rate Field,0.0,0.0,0.0189,0.375,0.0568,0.3963,25,,,False
2026-08-20,694192,823747,Jackson Chourio,Milwaukee Brewers,Seattle Mariners@Milwaukee Brewers,George Kirby,American Family Field,0.0,0.0,0.0203,0.373,0.0609,0.3957,26,,,False
2026-08-20,650490,822934,Yandy Díaz,Tampa Bay Rays,Toronto Blue Jays@Tampa Bay Rays,Shane Bieber,Tropicana Field,0.0,0.0,0.0159,0.377,0.0477,0.395,27,,,False
2026-08-20,643446,824074,Jeff McNeil,Athletics,Athletics@Kansas City Royals,Randy Dobnak,Kauffman Stadium,0.0,0.0,-0.0031,0.396,-0.0093,0.3923,28,,,False
2026-08-20,647304,823747,Josh Naylor,Seattle Mariners,Seattle Mariners@Milwaukee Brewers,Robert Gasser,American Family Field,0.0,0.0,0.0295,0.36,0.0886,0.3919,29,,,False
2026-08-20,806146,824802,George Lombard Jr.,New York Yankees,New York Yankees@Baltimore Orioles,Kyle Bradish,Oriole Park at Camden Yards,0.0,0.0,0.0028,0.387,0.0085,0.3903,30,,,False
2026-08-20,663757,824802,Trent Grisham,New York Yankees,New York Yankees@Baltimore Orioles,Kyle Bradish,Oriole Park at Camden Yards,0.0,0.0,0.0411,0.346,0.1234,0.3887,31,,,False
2026-08-20,687401,823747,Joey Ortiz,Milwaukee Brewers,Seattle Mariners@Milwaukee Brewers,George Kirby,American Family Field,0.0,0.0,-0.0005,0.387,-0.0016,0.3864,32,,,False
2026-08-20,682657,824395,Angel Martínez,Cleveland Guardians,San Francisco Giants@Cleveland Guardians,Landen Roupp,Progressive Field,0.0,0.0,-0.0074,0.395,-0.0223,0.3862,33,,,False
2026-08-20,680700,822934,Richie Palacios,Tampa Bay Rays,Toronto Blue Jays@Tampa Bay Rays,Shane Bieber,Tropicana Field,0.0,0.0,-0.0078,0.394,-0.0234,0.3848,34,,,False
2026-08-20,673237,824153,Yainer Diaz,Houston Astros,Los Angeles Angels@Houston Astros,Grayson Rodriguez,Daikin Park,0.0,0.0,-0.0038,0.389,-0.0113,0.3846,35,,,False
2026-08-20,665926,822934,Andrés Giménez,Toronto Blue Jays,Toronto Blue Jays@Tampa Bay Rays,Ian Seymour,Tropicana Field,0.0,0.0,0.0168,0.365,0.0504,0.3834,36,,,False
2026-08-20,802415,822934,Chandler Simpson,Tampa Bay Rays,Toronto Blue Jays@Tampa Bay Rays,Shane Bieber,Tropicana Field,0.0,0.0,-0.0153,0.4,-0.046,0.3816,37,,,False
2026-08-20,641933,824802,Tyler O'Neill,Baltimore Orioles,New York Yankees@Baltimore Orioles,Gerrit Cole,Oriole Park at Camden Yards,0.0,0.0,0.0058,0.375,0.0173,0.3815,38,,,False
2026-08-20,608369,822861,Corey Seager,Texas Rangers,Washington Nationals@Texas Rangers,Andrew Alvarez,Globe Life Field,0.0,0.0,0.0072,0.372,0.0215,0.38,39,,,False
2026-08-20,800050,824395,Chase DeLauter,Cleveland Guardians,San Francisco Giants@Cleveland Guardians,Landen Roupp,Progressive Field,0.0,0.0,0.0135,0.362,0.0406,0.3767,40,,,False
2026-08-20,691723,824802,Coby Mayo,Baltimore Orioles,New York Yankees@Baltimore Orioles,Gerrit Cole,Oriole Park at Camden Yards,0.0,0.0,-0.0173,0.395,-0.0519,0.3745,41,,,False
2026-08-20,701398,824474,Sal Stewart,Cincinnati Reds,St. Louis Cardinals@Cincinnati Reds,Michael McGreevy,Great American Ball Park,0.0,0.0,-0.0041,0.379,-0.0124,0.3743,42,,,False
2026-08-20,666018,822934,Jonathan Aranda,Tampa Bay Rays,Toronto Blue Jays@Tampa Bay Rays,Shane Bieber,Tropicana Field,0.0,0.0,-0.0044,0.377,-0.0133,0.372,43,,,False
2026-08-20,663886,824474,Tyler Stephenson,Cincinnati Reds,St. Louis Cardinals@Cincinnati Reds,Michael McGreevy,Great American Ball Park,0.0,0.0,0.0068,0.364,0.0203,0.3714,44,,,False
2026-08-20,640902,823747,Jhonny Pereda,Seattle Mariners,Seattle Mariners@Milwaukee Brewers,Robert Gasser,American Family Field,0.0,0.0,0.0,0.371,0.0,0.371,45,,,False
2026-08-20,607043,822861,Brandon Nimmo,Texas Rangers,Washington Nationals@Texas Rangers,Andrew Alvarez,Globe Life Field,0.0,0.0,-0.0046,0.375,-0.0139,0.3698,46,,,False
2026-08-20,805367,824589,Chase Meidroth,Chicago White Sox,Atlanta Braves@Chicago White Sox,Grant Holmes,Rate Field,0.0,0.0,0.0276,0.34,0.0829,0.3682,47,,,False
2026-08-20,668930,823747,Brice Turang,Milwaukee Brewers,Seattle Mariners@Milwaukee Brewers,George Kirby,American Family Field,0.0,0.0,-0.006,0.375,-0.0181,0.3682,48,,,False
2026-08-20,665953,822861,Andrés Chaparro,Washington Nationals,Washington Nationals@Texas Rangers,Jacob deGrom,Globe Life Field,0.0,0.0,0.0739,0.3,0.2217,0.3665,49,,,False
2026-08-20,643217,824589,Andrew Benintendi,Chicago White Sox,Atlanta Braves@Chicago White Sox,Grant Holmes,Rate Field,0.0,0.0,-0.0044,0.371,-0.0132,0.3661,50,,,False
2026-08-20,703520,822934,Brett Bateman,Toronto Blue Jays,Toronto Blue Jays@Tampa Bay Rays,Ian Seymour,Tropicana Field,0.0,0.0,0.0043,0.361,0.013,0.3657,51,,,False
2026-08-20,686469,824074,Vinnie Pasquantino,Kansas City Royals,Athletics@Kansas City Royals,Gage Jump,Kauffman Stadium,0.0,0.0,0.0377,0.328,0.1131,0.3651,52,,,False
2026-08-20,679822,822861,Justin Foscue,Texas Rangers,Washington Nationals@Texas Rangers,Andrew Alvarez,Globe Life Field,0.0,0.0,-0.0031,0.367,-0.0093,0.3636,53,,,False
2026-08-20,670541,824153,Yordan Alvarez,Houston Astros,Los Angeles Angels@Houston Astros,Grayson Rodriguez,Daikin Park,0.0,0.0,0.0229,0.34,0.0688,0.3634,54,,,False
2026-08-20,677594,823747,Julio Rodríguez,Seattle Mariners,Seattle Mariners@Milwaukee Brewers,Robert Gasser,American Family Field,0.0,0.0,0.0118,0.347,0.0354,0.3593,55,,,False
2026-08-20,691458,824474,Blaze Jordan,St. Louis Cardinals,St. Louis Cardinals@Cincinnati Reds,Brady Singer,Great American Ball Park,0.0,0.0,0.0092,0.349,0.0275,0.3586,56,,,False
2026-08-20,592626,822861,Joc Pederson,Texas Rangers,Washington Nationals@Texas Rangers,Andrew Alvarez,Globe Life Field,0.0,0.0,-0.0188,0.378,-0.0563,0.3567,57,,,False
2026-08-20,676356,822934,Jonny DeLuca,Tampa Bay Rays,Toronto Blue Jays@Tampa Bay Rays,Shane Bieber,Tropicana Field,0.0,0.0,0.0018,0.353,0.0054,0.3549,58,,,False
2026-08-20,682987,824802,Spencer Jones,New York Yankees,New York Yankees@Baltimore Orioles,Kyle Bradish,Oriole Park at Camden Yards,0.0,0.0,0.0302,0.325,0.0905,0.3544,59,,,False
2026-08-20,672284,822861,Jarred Kelenic,Texas Rangers,Washington Nationals@Texas Rangers,Andrew Alvarez,Globe Life Field,0.0,0.0,-0.0019,0.355,-0.0056,0.353,60,,,False
2026-08-20,668723,822934,Ryan Vilade,Tampa Bay Rays,Toronto Blue Jays@Tampa Bay Rays,Shane Bieber,Tropicana Field,0.0,0.0,-0.0038,0.353,-0.0113,0.349,61,,,False
2026-08-20,672960,822934,Kazuma Okamoto,Toronto Blue Jays,Toronto Blue Jays@Tampa Bay Rays,Ian Seymour,Tropicana Field,0.0,0.0,0.0107,0.333,0.0321,0.3437,62,,,False
2026-08-20,691026,824474,Masyn Winn,St. Louis Cardinals,St. Louis Cardinals@Cincinnati Reds,Brady Singer,Great American Ball Park,0.0,0.0,0.0011,0.34,0.0032,0.3411,63,,,False
2026-08-20,671976,824589,Tristan Peters,Chicago White Sox,Atlanta Braves@Chicago White Sox,Grant Holmes,Rate Field,0.0,0.0,0.0174,0.324,0.0522,0.3409,64,,,False
2026-08-20,660821,822934,Jesús Sánchez,Toronto Blue Jays,Toronto Blue Jays@Tampa Bay Rays,Ian Seymour,Tropicana Field,0.0,0.0,0.018,0.323,0.0539,0.3404,65,,,False
2026-08-20,694197,824395,Angel Genao,Cleveland Guardians,San Francisco Giants@Cleveland Guardians,Landen Roupp,Progressive Field,0.0,0.0,-0.0136,0.353,-0.0408,0.3386,66,,,False
2026-08-20,553993,824474,Eugenio Suárez,Cincinnati Reds,St. Louis Cardinals@Cincinnati Reds,Michael McGreevy,Great American Ball Park,0.0,0.0,-0.011,0.35,-0.0331,0.3384,67,,,False
2026-08-20,691781,822861,Brady House,Washington Nationals,Washington Nationals@Texas Rangers,Jacob deGrom,Globe Life Field,0.0,0.0,-0.0129,0.351,-0.0387,0.3374,68,,,False
2026-08-20,672580,824074,Maikel Garcia,Kansas City Royals,Athletics@Kansas City Royals,Gage Jump,Kauffman Stadium,0.0,0.0,0.0414,0.3,0.1243,0.3373,69,,,False
2026-08-20,671056,824474,Iván Herrera,St. Louis Cardinals,St. Louis Cardinals@Cincinnati Reds,Brady Singer,Great American Ball Park,0.0,0.0,0.0024,0.333,0.0072,0.3354,70,,,False
2026-08-20,687551,824395,Drew Gilbert,San Francisco Giants,San Francisco Giants@Cleveland Guardians,Gavin Williams,Progressive Field,0.0,0.0,-0.0252,0.361,-0.0756,0.3337,71,,,False
2026-08-20,669701,822934,Josh Smith,Toronto Blue Jays,Toronto Blue Jays@Tampa Bay Rays,Ian Seymour,Tropicana Field,0.0,0.0,0.0,0.333,0.0,0.333,72,,,False
2026-08-20,695734,822861,Daylen Lile,Washington Nationals,Washington Nationals@Texas Rangers,Jacob deGrom,Globe Life Field,0.0,0.0,0.0175,0.315,0.0524,0.3315,73,,,False
2026-08-20,678545,824395,Osleivis Basabe,San Francisco Giants,San Francisco Giants@Cleveland Guardians,Gavin Williams,Progressive Field,0.0,0.0,0.0205,0.312,0.0615,0.3312,74,,,False
2026-08-20,668227,823747,Randy Arozarena,Seattle Mariners,Seattle Mariners@Milwaukee Brewers,Robert Gasser,American Family Field,0.0,0.0,0.0229,0.309,0.0686,0.3302,75,,,False
2026-08-20,669394,822861,Jake Burger,Texas Rangers,Washington Nationals@Texas Rangers,Andrew Alvarez,Globe Life Field,0.0,0.0,-0.0053,0.333,-0.0159,0.3277,76,,,False
2026-08-20,685133,824153,Wade Meckler,Los Angeles Angels,Los Angeles Angels@Houston Astros,Peter Lambert,Daikin Park,0.0,0.0,-0.0322,0.362,-0.0967,0.327,77,,,False
2026-08-20,682928,822861,CJ Abrams,Washington Nationals,Washington Nationals@Texas Rangers,Jacob deGrom,Globe Life Field,0.0,0.0,0.0066,0.319,0.0197,0.3253,78,,,False
2026-08-20,686681,824074,Michael Massey,Kansas City Royals,Athletics@Kansas City Royals,Gage Jump,Kauffman Stadium,0.0,0.0,-0.0018,0.327,-0.0055,0.3252,79,,,False
2026-08-20,680574,824474,Matt McLain,Cincinnati Reds,St. Louis Cardinals@Cincinnati Reds,Michael McGreevy,Great American Ball Park,0.0,0.0,0.0272,0.3,0.0817,0.3245,80,,,False
2026-08-20,545361,824153,Mike Trout,Los Angeles Angels,Los Angeles Angels@Houston Astros,Peter Lambert,Daikin Park,0.0,0.0,-0.0172,0.341,-0.0516,0.3234,81,,,False
2026-08-20,686948,824589,Drake Baldwin,Atlanta Braves,Atlanta Braves@Chicago White Sox,Anthony Kay,Rate Field,0.0,0.0,-0.015,0.338,-0.045,0.3228,82,,,False
2026-08-20,657041,824589,Lane Thomas,Atlanta Braves,Atlanta Braves@Chicago White Sox,Anthony Kay,Rate Field,0.0,0.0,0.0149,0.308,0.0448,0.3218,83,,,False
2026-08-20,805811,824395,Bryce Eldridge,San Francisco Giants,San Francisco Giants@Cleveland Guardians,Gavin Williams,Progressive Field,0.0,0.0,-0.0051,0.326,-0.0153,0.321,84,,,False
2026-08-20,671739,824589,Michael Harris II,Atlanta Braves,Atlanta Braves@Chicago White Sox,Anthony Kay,Rate Field,0.0,0.0,-0.0017,0.322,-0.005,0.3204,85,,,False
2026-08-20,681297,824802,Colton Cowser,Baltimore Orioles,New York Yankees@Baltimore Orioles,Gerrit Cole,Oriole Park at Camden Yards,0.0,0.0,-0.0234,0.344,-0.0701,0.3199,86,,,False
2026-08-20,695657,824589,Colson Montgomery,Chicago White Sox,Atlanta Braves@Chicago White Sox,Grant Holmes,Rate Field,0.0,0.0,-0.0207,0.341,-0.0622,0.3198,87,,,False
2026-08-20,545341,824589,Randal Grichuk,Chicago White Sox,Atlanta Braves@Chicago White Sox,Grant Holmes,Rate Field,0.0,0.0,0.0214,0.3,0.0643,0.3193,88,,,False
2026-08-20,669224,824802,Austin Wells,New York Yankees,New York Yankees@Baltimore Orioles,Kyle Bradish,Oriole Park at Camden Yards,0.0,0.0,-0.014,0.333,-0.042,0.319,89,,,False
2026-08-20,807727,822934,Charles McAdoo,Toronto Blue Jays,Toronto Blue Jays@Tampa Bay Rays,Ian Seymour,Tropicana Field,0.0,0.0,0.0199,0.3,0.0597,0.3179,90,,,False
2026-08-20,678218,822934,Brandon Valenzuela,Toronto Blue Jays,Toronto Blue Jays@Tampa Bay Rays,Ian Seymour,Tropicana Field,0.0,0.0,-0.0164,0.333,-0.0492,0.3166,91,,,False
2026-08-20,702284,823747,Cole Young,Seattle Mariners,Seattle Mariners@Milwaukee Brewers,Robert Gasser,American Family Field,0.0,0.0,-0.0056,0.322,-0.0168,0.3166,92,,,False
2026-08-20,678246,824589,Miguel Vargas,Chicago White Sox,Atlanta Braves@Chicago White Sox,Grant Holmes,Rate Field,0.0,0.0,0.0206,0.296,0.0618,0.3143,93,,,False
2026-08-20,686527,823747,Dominic Canzone,Seattle Mariners,Seattle Mariners@Milwaukee Brewers,Robert Gasser,American Family Field,0.0,0.0,-0.013,0.327,-0.0391,0.3142,94,,,False
2026-08-20,667472,824474,Dane Myers,Cincinnati Reds,St. Louis Cardinals@Cincinnati Reds,Michael McGreevy,Great American Ball Park,0.0,0.0,-0.0033,0.317,-0.0098,0.3139,95,,,False
2026-08-20,670623,824153,Isaac Paredes,Houston Astros,Los Angeles Angels@Houston Astros,Grayson Rodriguez,Daikin Park,0.0,0.0,0.009,0.305,0.0269,0.3132,96,,,False
2026-08-20,668670,824589,Jake Rogers,Chicago White Sox,Atlanta Braves@Chicago White Sox,Grant Holmes,Rate Field,0.0,0.0,0.0137,0.3,0.041,0.3123,97,,,False
2026-08-20,665750,824802,Leody Taveras,Baltimore Orioles,New York Yankees@Baltimore Orioles,Gerrit Cole,Oriole Park at Camden Yards,0.0,0.0,-0.0132,0.325,-0.0397,0.3121,98,,,False
2026-08-20,694384,824153,Nolan Schanuel,Los Angeles Angels,Los Angeles Angels@Houston Astros,Peter Lambert,Daikin Park,0.0,0.0,0.0026,0.309,0.0078,0.3114,99,,,False
2026-08-20,677592,824474,Everson Pereira,St. Louis Cardinals,St. Louis Cardinals@Cincinnati Reds,Brady Singer,Great American Ball Park,0.0,0.0,-0.0395,0.353,-0.1184,0.3112,100,,,False
2026-08-20,660670,824589,Ronald Acuña Jr.,Atlanta Braves,Atlanta Braves@Chicago White Sox,Anthony Kay,Rate Field,0.0,0.0,0.0193,0.293,0.058,0.31,101,,,False
2026-08-20,689414,822934,Liam Hicks,Tampa Bay Rays,Toronto Blue Jays@Tampa Bay Rays,Shane Bieber,Tropicana Field,0.0,0.0,0.0034,0.306,0.0101,0.3091,102,,,False
2026-08-20,624431,824474,Jose Trevino,Cincinnati Reds,St. Louis Cardinals@Cincinnati Reds,Michael McGreevy,Great American Ball Park,0.0,0.0,0.0091,0.3,0.0273,0.3082,103,,,False
2026-08-20,683766,824395,Christian Koss,San Francisco Giants,San Francisco Giants@Cleveland Guardians,Gavin Williams,Progressive Field,0.0,0.0,-0.0248,0.333,-0.0745,0.3082,104,,,False
2026-08-20,691777,824074,Max Muncy,Athletics,Athletics@Kansas City Royals,Randy Dobnak,Kauffman Stadium,0.0,0.0,-0.007,0.314,-0.021,0.3074,105,,,False
2026-08-20,642350,824153,Jose Siri,Los Angeles Angels,Los Angeles Angels@Houston Astros,Peter Lambert,Daikin Park,0.0,0.0,-0.0074,0.314,-0.0223,0.307,106,,,False
2026-08-20,645305,824802,Ali Sánchez,New York Yankees,New York Yankees@Baltimore Orioles,Kyle Bradish,Oriole Park at Camden Yards,0.0,0.0,0.0063,0.3,0.019,0.3057,107,,,False
2026-08-20,671732,824074,Lawrence Butler,Athletics,Athletics@Kansas City Royals,Randy Dobnak,Kauffman Stadium,0.0,0.0,-0.0182,0.321,-0.0545,0.3035,108,,,False
2026-08-20,801126,823747,Brock Rodden,Seattle Mariners,Seattle Mariners@Milwaukee Brewers,Robert Gasser,American Family Field,0.0,0.0,0.0039,0.3,0.0117,0.3035,109,,,False
2026-08-20,678391,822861,Jorbit Vivas,Washington Nationals,Washington Nationals@Texas Rangers,Jacob deGrom,Globe Life Field,0.0,0.0,0.0027,0.3,0.008,0.3024,110,,,False
2026-08-20,595978,824395,Austin Hedges,Cleveland Guardians,San Francisco Giants@Cleveland Guardians,Landen Roupp,Progressive Field,0.0,0.0,0.0021,0.3,0.0063,0.3019,111,,,False
2026-08-20,677649,822861,Ezequiel Duran,Texas Rangers,Washington Nationals@Texas Rangers,Andrew Alvarez,Globe Life Field,0.0,0.0,-0.0112,0.312,-0.0337,0.3015,112,,,False
2026-08-20,641857,824802,Ryan McMahon,New York Yankees,New York Yankees@Baltimore Orioles,Kyle Bradish,Oriole Park at Camden Yards,0.0,0.0,-0.0243,0.324,-0.0728,0.3004,113,,,False
2026-08-20,677943,824474,Will Banfield,Cincinnati Reds,St. Louis Cardinals@Cincinnati Reds,Michael McGreevy,Great American Ball Park,0.0,0.0,0.0,0.3,0.0,0.3,114,,,False
2026-08-20,681807,824395,David Fry,Cleveland Guardians,San Francisco Giants@Cleveland Guardians,Landen Roupp,Progressive Field,0.0,0.0,0.0,0.3,0.0,0.3,115,,,False
2026-08-20,668800,824395,Andrew Knizner,San Francisco Giants,San Francisco Giants@Cleveland Guardians,Gavin Williams,Progressive Field,0.0,0.0,0.0,0.3,0.0,0.3,116,,,False
2026-08-20,806367,824395,Turner Hill,San Francisco Giants,San Francisco Giants@Cleveland Guardians,Gavin Williams,Progressive Field,0.0,0.0,0.0,0.3,0.0,0.3,117,,,False
2026-08-20,622761,822934,Jorge Mateo,Tampa Bay Rays,Toronto Blue Jays@Tampa Bay Rays,Shane Bieber,Tropicana Field,0.0,0.0,0.0,0.3,0.0,0.3,118,,,False
2026-08-20,700652,822934,Kenny Piper,Tampa Bay Rays,Toronto Blue Jays@Tampa Bay Rays,Shane Bieber,Tropicana Field,0.0,0.0,0.0,0.3,0.0,0.3,119,,,False
2026-08-20,663662,822934,Daz Cameron,Toronto Blue Jays,Toronto Blue Jays@Tampa Bay Rays,Ian Seymour,Tropicana Field,0.0,0.0,0.0,0.3,0.0,0.3,120,,,False
2026-08-20,571912,824074,Luke Maile,Kansas City Royals,Athletics@Kansas City Royals,Gage Jump,Kauffman Stadium,0.0,0.0,0.0,0.3,0.0,0.3,121,,,False
2026-08-20,673490,824589,Ha-Seong Kim,Atlanta Braves,Atlanta Braves@Chicago White Sox,Anthony Kay,Rate Field,0.0,0.0,0.0,0.3,0.0,0.3,122,,,False
2026-08-20,650968,824802,Yohel Pozo,Baltimore Orioles,New York Yankees@Baltimore Orioles,Gerrit Cole,Oriole Park at Camden Yards,0.0,0.0,0.0,0.3,0.0,0.3,123,,,False
2026-08-20,643376,822861,Danny Jansen,Texas Rangers,Washington Nationals@Texas Rangers,Andrew Alvarez,Globe Life Field,0.0,0.0,0.0,0.3,0.0,0.3,124,,,False
2026-08-20,687605,822861,Andrew Pinckney,Washington Nationals,Washington Nationals@Texas Rangers,Jacob deGrom,Globe Life Field,0.0,0.0,0.0,0.3,0.0,0.3,125,,,False
2026-08-20,676369,824153,Nelson Velázquez,Houston Astros,Los Angeles Angels@Houston Astros,Grayson Rodriguez,Daikin Park,0.0,0.0,0.0,0.3,0.0,0.3,126,,,False
2026-08-20,691011,824589,Drew Romo,Chicago White Sox,Atlanta Braves@Chicago White Sox,Grant Holmes,Rate Field,0.0,0.0,-0.0046,0.3,-0.0137,0.2959,127,,,False
2026-08-20,687952,824802,Christian Encarnacion-Strand,Baltimore Orioles,New York Yankees@Baltimore Orioles,Gerrit Cole,Oriole Park at Camden Yards,0.0,0.0,-0.0047,0.3,-0.014,0.2958,128,,,False
2026-08-20,686668,824589,Brenton Doyle,Chicago White Sox,Atlanta Braves@Chicago White Sox,Grant Holmes,Rate Field,0.0,0.0,-0.0048,0.3,-0.0143,0.2957,129,,,False
2026-08-20,803011,824589,Sam Antonacci,Chicago White Sox,Atlanta Braves@Chicago White Sox,Grant Holmes,Rate Field,0.0,0.0,0.0018,0.294,0.0054,0.2956,130,,,False
2026-08-20,656775,822934,Cedric Mullins,Tampa Bay Rays,Toronto Blue Jays@Tampa Bay Rays,Shane Bieber,Tropicana Field,0.0,0.0,-0.0172,0.31,-0.0516,0.294,131,,,False
2026-08-20,683227,822861,Cody Freeman,Texas Rangers,Washington Nationals@Texas Rangers,Andrew Alvarez,Globe Life Field,0.0,0.0,-0.0067,0.3,-0.02,0.294,132,,,False
2026-08-20,687231,824074,Darell Hernaiz,Athletics,Athletics@Kansas City Royals,Randy Dobnak,Kauffman Stadium,0.0,0.0,0.0,0.293,0.0,0.293,133,,,False
2026-08-20,677588,822861,José Tena,Washington Nationals,Washington Nationals@Texas Rangers,Jacob deGrom,Globe Life Field,0.0,0.0,-0.0084,0.3,-0.0253,0.2924,134,,,False
2026-08-20,680716,823747,Jonathan Ornelas,Milwaukee Brewers,Seattle Mariners@Milwaukee Brewers,George Kirby,American Family Field,0.0,0.0,-0.0104,0.3,-0.0313,0.2906,135,,,False
2026-08-20,669221,824589,Sean Murphy,Atlanta Braves,Atlanta Braves@Chicago White Sox,Anthony Kay,Rate Field,0.0,0.0,-0.011,0.3,-0.033,0.2901,136,,,False
2026-08-20,663494,824474,Bryan Torres,St. Louis Cardinals,St. Louis Cardinals@Cincinnati Reds,Brady Singer,Great American Ball Park,0.0,0.0,-0.0238,0.312,-0.0715,0.2897,137,,,False
2026-08-20,695670,822861,Harry Ford,Washington Nationals,Washington Nationals@Texas Rangers,Jacob deGrom,Globe Life Field,0.0,0.0,-0.0123,0.3,-0.037,0.2889,138,,,False
2026-08-20,543807,822934,George Springer,Toronto Blue Jays,Toronto Blue Jays@Tampa Bay Rays,Ian Seymour,Tropicana Field,0.0,0.0,-0.0006,0.289,-0.0017,0.2885,139,,,False
2026-08-20,695491,824474,Joshua Báez,St. Louis Cardinals,St. Louis Cardinals@Cincinnati Reds,Brady Singer,Great American Ball Park,0.0,0.0,-0.0134,0.3,-0.0403,0.2879,140,,,False
2026-08-20,681047,824802,Christian Franklin,Baltimore Orioles,New York Yankees@Baltimore Orioles,Gerrit Cole,Oriole Park at Camden Yards,0.0,0.0,-0.0134,0.3,-0.0403,0.2879,141,,,False
2026-08-20,665161,824153,Jeremy Peña,Houston Astros,Los Angeles Angels@Houston Astros,Grayson Rodriguez,Daikin Park,0.0,0.0,-0.0139,0.3,-0.0417,0.2875,142,,,False
2026-08-20,687637,824802,Dylan Beavers,Baltimore Orioles,New York Yankees@Baltimore Orioles,Gerrit Cole,Oriole Park at Camden Yards,0.0,0.0,-0.0376,0.323,-0.1127,0.2866,143,,,False
2026-08-20,624428,824153,Adam Frazier,Los Angeles Angels,Los Angeles Angels@Houston Astros,Peter Lambert,Daikin Park,0.0,0.0,-0.0152,0.3,-0.0457,0.2863,144,,,False
2026-08-20,642215,823747,Weston Wilson,Seattle Mariners,Seattle Mariners@Milwaukee Brewers,Robert Gasser,American Family Field,0.0,0.0,-0.0155,0.3,-0.0467,0.286,145,,,False
2026-08-20,518595,824153,Travis d'Arnaud,Los Angeles Angels,Los Angeles Angels@Houston Astros,Peter Lambert,Daikin Park,0.0,0.0,-0.0156,0.3,-0.0467,0.286,146,,,False
2026-08-20,646240,824395,Rafael Devers,San Francisco Giants,San Francisco Giants@Cleveland Guardians,Gavin Williams,Progressive Field,0.0,0.0,-0.0157,0.3,-0.047,0.2859,147,,,False
2026-08-20,553869,822861,Elias Díaz,Texas Rangers,Washington Nationals@Texas Rangers,Andrew Alvarez,Globe Life Field,0.0,0.0,-0.0163,0.3,-0.049,0.2853,148,,,False
2026-08-20,623168,824153,Tyler Heineman,Los Angeles Angels,Los Angeles Angels@Houston Astros,Peter Lambert,Daikin Park,0.0,0.0,-0.0165,0.3,-0.0493,0.2852,149,,,False
2026-08-20,671277,824802,Luis García Jr.,New York Yankees,New York Yankees@Baltimore Orioles,Kyle Bradish,Oriole Park at Camden Yards,0.0,0.0,-0.0125,0.294,-0.0374,0.283,150,,,False
2026-08-20,675961,824074,Alika Williams,Athletics,Athletics@Kansas City Royals,Randy Dobnak,Kauffman Stadium,0.0,0.0,-0.0137,0.294,-0.0412,0.2819,151,,,False
2026-08-20,699302,824474,Héctor Rodríguez,Cincinnati Reds,St. Louis Cardinals@Cincinnati Reds,Michael McGreevy,Great American Ball Park,0.0,0.0,-0.0202,0.3,-0.0607,0.2818,152,,,False
2026-08-20,661531,824074,Brian Serven,Athletics,Athletics@Kansas City Royals,Randy Dobnak,Kauffman Stadium,0.0,0.0,-0.0217,0.3,-0.065,0.2805,153,,,False
2026-08-20,695731,824589,Braden Montgomery,Chicago White Sox,Atlanta Braves@Chicago White Sox,Grant Holmes,Rate Field,0.0,0.0,0.008,0.273,0.0242,0.2796,154,,,False
2026-08-20,671083,824395,Buddy Kennedy,San Francisco Giants,San Francisco Giants@Cleveland Guardians,Gavin Williams,Progressive Field,0.0,0.0,-0.0234,0.3,-0.0703,0.2789,155,,,False
2026-08-20,608070,824395,José Ramírez,Cleveland Guardians,San Francisco Giants@Cleveland Guardians,Landen Roupp,Progressive Field,0.0,0.0,0.0008,0.277,0.0025,0.2777,156,,,False
2026-08-20,573262,824589,Mike Yastrzemski,Atlanta Braves,Atlanta Braves@Chicago White Sox,Anthony Kay,Rate Field,0.0,0.0,-0.0097,0.286,-0.029,0.2777,157,,,False
2026-08-20,664702,822934,Myles Straw,Toronto Blue Jays,Toronto Blue Jays@Tampa Bay Rays,Ian Seymour,Tropicana Field,0.0,0.0,0.012,0.268,0.0358,0.2776,158,,,False
2026-08-20,669911,824474,Michael Toglia,Cincinnati Reds,St. Louis Cardinals@Cincinnati Reds,Michael McGreevy,Great American Ball Park,0.0,0.0,-0.0253,0.3,-0.076,0.2772,159,,,False
2026-08-20,701852,824395,Drew Cavanaugh,San Francisco Giants,San Francisco Giants@Cleveland Guardians,Gavin Williams,Progressive Field,0.0,0.0,-0.026,0.3,-0.078,0.2766,160,,,False
2026-08-20,676609,824802,José Caballero,New York Yankees,New York Yankees@Baltimore Orioles,Kyle Bradish,Oriole Park at Camden Yards,0.0,0.0,0.0042,0.273,0.0125,0.2764,161,,,False
2026-08-20,702616,824802,Jackson Holliday,Baltimore Orioles,New York Yankees@Baltimore Orioles,Gerrit Cole,Oriole Park at Camden Yards,0.0,0.0,-0.0141,0.286,-0.0423,0.2739,162,,,False
2026-08-20,694212,824802,Samuel Basallo,Baltimore Orioles,New York Yankees@Baltimore Orioles,Gerrit Cole,Oriole Park at Camden Yards,0.0,0.0,0.0,0.273,0.0,0.273,163,,,False
2026-08-20,572233,824153,Christian Walker,Houston Astros,Los Angeles Angels@Houston Astros,Grayson Rodriguez,Daikin Park,0.0,0.0,-0.0054,0.277,-0.0162,0.2725,164,,,False
2026-08-20,672724,824153,Oswald Peraza,Los Angeles Angels,Los Angeles Angels@Houston Astros,Peter Lambert,Daikin Park,0.0,0.0,-0.0425,0.312,-0.1276,0.2722,165,,,False
2026-08-20,691406,822934,Junior Caminero,Tampa Bay Rays,Toronto Blue Jays@Tampa Bay Rays,Shane Bieber,Tropicana Field,0.0,0.0,-0.0231,0.291,-0.0694,0.2708,166,,,False
2026-08-20,669397,824153,Nick Allen,Houston Astros,Los Angeles Angels@Houston Astros,Grayson Rodriguez,Daikin Park,0.0,0.0,-0.0328,0.3,-0.0983,0.2705,167,,,False
2026-08-20,521692,824074,Salvador Perez,Kansas City Royals,Athletics@Kansas City Royals,Gage Jump,Kauffman Stadium,0.0,0.0,0.0014,0.269,0.0041,0.2701,168,,,False
2026-08-20,813841,824395,Jonah Cox,San Francisco Giants,San Francisco Giants@Cleveland Guardians,Gavin Williams,Progressive Field,0.0,0.0,-0.0347,0.3,-0.104,0.2688,169,,,False
2026-08-20,680977,823747,Brendan Donovan,Seattle Mariners,Seattle Mariners@Milwaukee Brewers,Robert Gasser,American Family Field,0.0,0.0,0.0044,0.265,0.0132,0.2685,170,,,False
2026-08-20,666176,824395,Jo Adell,Cleveland Guardians,San Francisco Giants@Cleveland Guardians,Landen Roupp,Progressive Field,0.0,0.0,0.0241,0.25,0.0724,0.2681,171,,,False
2026-08-20,672275,824395,Patrick Bailey,Cleveland Guardians,San Francisco Giants@Cleveland Guardians,Landen Roupp,Progressive Field,0.0,0.0,-0.0254,0.29,-0.0762,0.2679,172,,,False
2026-08-20,664774,824153,LaMonte Wade Jr.,Houston Astros,Los Angeles Angels@Houston Astros,Grayson Rodriguez,Daikin Park,0.0,0.0,0.0005,0.267,0.0015,0.2674,173,,,False
2026-08-20,502671,824802,Paul Goldschmidt,New York Yankees,New York Yankees@Baltimore Orioles,Kyle Bradish,Oriole Park at Camden Yards,0.0,0.0,-0.0195,0.282,-0.0585,0.2655,174,,,False
2026-08-20,701675,824474,Nathan Church,St. Louis Cardinals,St. Louis Cardinals@Cincinnati Reds,Brady Singer,Great American Ball Park,0.0,0.0,-0.0418,0.3,-0.1253,0.2624,175,,,False
2026-08-20,666211,824153,Taylor Trammell,Houston Astros,Los Angeles Angels@Houston Astros,Grayson Rodriguez,Daikin Park,0.0,0.0,-0.0073,0.267,-0.0217,0.2612,176,,,False
2026-08-20,687093,824153,Vaughn Grissom,Los Angeles Angels,Los Angeles Angels@Houston Astros,Peter Lambert,Daikin Park,0.0,0.0,-0.0296,0.286,-0.0888,0.2606,177,,,False
2026-08-20,666139,824153,Josh Lowe,Los Angeles Angels,Los Angeles Angels@Houston Astros,Peter Lambert,Daikin Park,0.0,0.0,0.0029,0.258,0.0085,0.2602,178,,,False
2026-08-20,642708,824802,Amed Rosario,New York Yankees,New York Yankees@Baltimore Orioles,Kyle Bradish,Oriole Park at Camden Yards,0.0,0.0,-0.0457,0.3,-0.137,0.2589,179,,,False
2026-08-20,699625,824474,Jimmy Crooks,St. Louis Cardinals,St. Louis Cardinals@Cincinnati Reds,Brady Singer,Great American Ball Park,0.0,0.0,-0.0471,0.3,-0.1413,0.2576,180,,,False
2026-08-20,670764,822934,Taylor Walls,Tampa Bay Rays,Toronto Blue Jays@Tampa Bay Rays,Shane Bieber,Tropicana Field,0.0,0.0,-0.0165,0.271,-0.0494,0.2576,181,,,False
2026-08-20,808982,824395,Jung Hoo Lee,San Francisco Giants,San Francisco Giants@Cleveland Guardians,Gavin Williams,Progressive Field,0.0,0.0,-0.0078,0.262,-0.0233,0.2559,182,,,False
2026-08-20,642715,824395,Willy Adames,San Francisco Giants,San Francisco Giants@Cleveland Guardians,Gavin Williams,Progressive Field,0.0,0.0,-0.0041,0.256,-0.0121,0.2529,183,,,False
2026-08-20,663647,824474,Ke'Bryan Hayes,Cincinnati Reds,St. Louis Cardinals@Cincinnati Reds,Michael McGreevy,Great American Ball Park,0.0,0.0,0.0022,0.25,0.0064,0.2516,184,,,False
2026-08-20,665862,824802,Jazz Chisholm Jr.,New York Yankees,New York Yankees@Baltimore Orioles,Kyle Bradish,Oriole Park at Camden Yards,0.0,0.0,0.001,0.25,0.0028,0.2507,185,,,False
2026-08-20,665966,824802,Carlos Narváez,Baltimore Orioles,New York Yankees@Baltimore Orioles,Gerrit Cole,Oriole Park at Camden Yards,0.0,0.0,-0.0456,0.29,-0.1369,0.2503,186,,,False
2026-08-20,800325,823747,Luis Lara,Milwaukee Brewers,Seattle Mariners@Milwaukee Brewers,George Kirby,American Family Field,0.0,0.0,-0.0302,0.275,-0.0905,0.2501,187,,,False
2026-08-20,694203,824153,Denzer Guzman,Los Angeles Angels,Los Angeles Angels@Houston Astros,Peter Lambert,Daikin Park,0.0,0.0,-0.0426,0.286,-0.128,0.2494,188,,,False
2026-08-20,683953,824395,Travis Bazzana,Cleveland Guardians,San Francisco Giants@Cleveland Guardians,Landen Roupp,Progressive Field,0.0,0.0,-0.0198,0.263,-0.0593,0.2474,189,,,False
2026-08-20,682829,824474,Elly De La Cruz,Cincinnati Reds,St. Louis Cardinals@Cincinnati Reds,Michael McGreevy,Great American Ball Park,0.0,0.0,-0.0042,0.25,-0.0124,0.2469,190,,,False
2026-08-20,643289,824589,Mauricio Dubón,Atlanta Braves,Atlanta Braves@Chicago White Sox,Anthony Kay,Rate Field,0.0,0.0,-0.016,0.259,-0.0479,0.2466,191,,,False
2026-08-20,695720,824074,Tommy White,Athletics,Athletics@Kansas City Royals,Randy Dobnak,Kauffman Stadium,0.0,0.0,-0.0379,0.275,-0.1138,0.2437,192,,,False
2026-08-20,683002,824802,Gunnar Henderson,Baltimore Orioles,New York Yankees@Baltimore Orioles,Gerrit Cole,Oriole Park at Camden Yards,0.0,0.0,-0.0314,0.269,-0.0941,0.2437,193,,,False
2026-08-20,694671,822861,Wyatt Langford,Texas Rangers,Washington Nationals@Texas Rangers,Andrew Alvarez,Globe Life Field,0.0,0.0,0.0136,0.234,0.0406,0.2435,194,,,False
2026-08-20,596142,823747,Gary Sánchez,Milwaukee Brewers,Seattle Mariners@Milwaukee Brewers,George Kirby,American Family Field,0.0,0.0,0.046,0.212,0.1382,0.2413,195,,,False
2026-08-20,666152,823747,David Hamilton,Milwaukee Brewers,Seattle Mariners@Milwaukee Brewers,George Kirby,American Family Field,0.0,0.0,-0.0276,0.263,-0.0829,0.2412,196,,,False
2026-08-20,669003,823747,Garrett Mitchell,Milwaukee Brewers,Seattle Mariners@Milwaukee Brewers,George Kirby,American Family Field,0.0,0.0,0.004,0.235,0.0119,0.2378,197,,,False
2026-08-20,645302,823747,Victor Robles,Seattle Mariners,Seattle Mariners@Milwaukee Brewers,Robert Gasser,American Family Field,0.0,0.0,0.0054,0.233,0.0163,0.2368,198,,,False
2026-08-20,592885,823747,Christian Yelich,Milwaukee Brewers,Seattle Mariners@Milwaukee Brewers,George Kirby,American Family Field,0.0,0.0,-0.0101,0.244,-0.0303,0.2366,199,,,False
2026-08-20,670770,824474,TJ Friedl,Cincinnati Reds,St. Louis Cardinals@Cincinnati Reds,Michael McGreevy,Great American Ball Park,0.0,0.0,-0.0182,0.25,-0.0544,0.2364,200,,,False
2026-08-20,671218,824802,Heliot Ramos,New York Yankees,New York Yankees@Baltimore Orioles,Kyle Bradish,Oriole Park at Camden Yards,0.0,0.0,-0.0211,0.25,-0.0632,0.2342,201,,,False
2026-08-20,668709,824474,JJ Bleday,Cincinnati Reds,St. Louis Cardinals@Cincinnati Reds,Michael McGreevy,Great American Ball Park,0.0,0.0,-0.0143,0.244,-0.043,0.2335,202,,,False
2026-08-20,805779,824074,Jacob Wilson,Athletics,Athletics@Kansas City Royals,Randy Dobnak,Kauffman Stadium,0.0,0.0,-0.0171,0.245,-0.0514,0.2324,203,,,False
2026-08-20,690984,824395,Petey Halpin,Cleveland Guardians,San Francisco Giants@Cleveland Guardians,Landen Roupp,Progressive Field,0.0,0.0,-0.0289,0.25,-0.0868,0.2283,204,,,False
2026-08-20,686611,822861,Dylan Crews,Washington Nationals,Washington Nationals@Texas Rangers,Jacob deGrom,Globe Life Field,0.0,0.0,-0.0013,0.229,-0.0039,0.2281,205,,,False
2026-08-20,687263,824153,Zach Neto,Los Angeles Angels,Los Angeles Angels@Houston Astros,Peter Lambert,Daikin Park,0.0,0.0,-0.0263,0.244,-0.0791,0.2247,206,,,False
2026-08-20,670231,824074,John Rave,Kansas City Royals,Athletics@Kansas City Royals,Gage Jump,Kauffman Stadium,0.0,0.0,0.0041,0.219,0.0123,0.2217,207,,,False
2026-08-20,641680,824074,Jonah Heim,Athletics,Athletics@Kansas City Royals,Randy Dobnak,Kauffman Stadium,0.0,0.0,-0.0142,0.231,-0.0424,0.2212,208,,,False
2026-08-20,642086,824589,Dominic Smith,Atlanta Braves,Atlanta Braves@Chicago White Sox,Anthony Kay,Rate Field,0.0,0.0,-0.0174,0.233,-0.0524,0.2208,209,,,False
2026-08-20,665877,824474,José Fermín,St. Louis Cardinals,St. Louis Cardinals@Cincinnati Reds,Brady Singer,Great American Ball Park,0.0,0.0,-0.0313,0.233,-0.094,0.2111,210,,,False
2026-08-20,802139,824474,JJ Wetherholt,St. Louis Cardinals,St. Louis Cardinals@Cincinnati Reds,Brady Singer,Great American Ball Park,0.0,0.0,-0.0022,0.207,-0.0068,0.2056,211,,,False
2026-08-20,695600,824074,Carter Jensen,Kansas City Royals,Athletics@Kansas City Royals,Gage Jump,Kauffman Stadium,0.0,0.0,0.0234,0.19,0.07,0.2033,212,,,False
2026-08-20,679845,824074,Nick Loftin,Kansas City Royals,Athletics@Kansas City Royals,Gage Jump,Kauffman Stadium,0.0,0.0,-0.0092,0.209,-0.0278,0.2032,213,,,False
2026-08-20,661388,823747,William Contreras,Milwaukee Brewers,Seattle Mariners@Milwaukee Brewers,George Kirby,American Family Field,0.0,0.0,-0.0156,0.212,-0.0467,0.2021,214,,,False
2026-08-20,686780,824474,Pedro Pagés,St. Louis Cardinals,St. Louis Cardinals@Cincinnati Reds,Brady Singer,Great American Ball Park,0.0,0.0,0.0,0.2,0.0,0.2,215,,,False
2026-08-20,664728,824074,Kyle Isbel,Kansas City Royals,Athletics@Kansas City Royals,Gage Jump,Kauffman Stadium,0.0,0.0,-0.0035,0.2,-0.0105,0.1979,216,,,False
2026-08-20,621493,823747,Taylor Ward,Seattle Mariners,Seattle Mariners@Milwaukee Brewers,Robert Gasser,American Family Field,0.0,0.0,-0.0165,0.206,-0.0495,0.1958,217,,,False
2026-08-20,662139,824153,Daulton Varsho,Houston Astros,Los Angeles Angels@Houston Astros,Grayson Rodriguez,Daikin Park,0.0,0.0,-0.0341,0.217,-0.1023,0.1948,218,,,False
2026-08-20,677587,824395,Brayan Rocchio,Cleveland Guardians,San Francisco Giants@Cleveland Guardians,Landen Roupp,Progressive Field,0.0,0.0,-0.022,0.208,-0.0659,0.1943,219,,,False
2026-08-20,805347,824589,Jim Jarvis,Atlanta Braves,Atlanta Braves@Chicago White Sox,Anthony Kay,Rate Field,0.0,0.0,-0.0229,0.206,-0.0689,0.1918,220,,,False
2026-08-20,645277,824589,Ozzie Albies,Atlanta Braves,Atlanta Braves@Chicago White Sox,Anthony Kay,Rate Field,0.0,0.0,-0.0144,0.2,-0.043,0.1914,221,,,False
2026-08-20,676391,822934,Ernie Clement,Toronto Blue Jays,Toronto Blue Jays@Tampa Bay Rays,Ian Seymour,Tropicana Field,0.0,0.0,-0.0384,0.21,-0.1152,0.1858,222,,,False
2026-08-20,686555,824074,Isaac Collins,Kansas City Royals,Athletics@Kansas City Royals,Gage Jump,Kauffman Stadium,0.0,0.0,0.006,0.182,0.0181,0.1853,223,,,False
2026-08-20,543877,824153,Christian Vázquez,Houston Astros,Los Angeles Angels@Houston Astros,Grayson Rodriguez,Daikin Park,0.0,0.0,0.047,0.161,0.141,0.1837,224,,,False
2026-08-20,694497,822861,Evan Carter,Texas Rangers,Washington Nationals@Texas Rangers,Andrew Alvarez,Globe Life Field,0.0,0.0,-0.0265,0.195,-0.0795,0.1795,225,,,False
2026-08-20,664770,822934,Nathan Lukes,Toronto Blue Jays,Toronto Blue Jays@Tampa Bay Rays,Ian Seymour,Tropicana Field,0.0,0.0,-0.0288,0.196,-0.0862,0.1791,226,,,False
2026-08-20,660844,823747,Leo Rivas,Seattle Mariners,Seattle Mariners@Milwaukee Brewers,Robert Gasser,American Family Field,0.0,0.0,0.0,0.171,0.0,0.171,227,,,False
2026-08-20,663728,823747,Cal Raleigh,Seattle Mariners,Seattle Mariners@Milwaukee Brewers,Robert Gasser,American Family Field,0.0,0.0,-0.0338,0.176,-0.1011,0.1582,228,,,False
2026-08-20,700250,824802,Ben Rice,New York Yankees,New York Yankees@Baltimore Orioles,Kyle Bradish,Oriole Park at Camden Yards,0.0,0.0,-0.0195,0.167,-0.0587,0.1572,229,,,False
2026-08-20,670032,822861,Nicky Lopez,Texas Rangers,Washington Nationals@Texas Rangers,Andrew Alvarez,Globe Life Field,0.0,0.0,-0.0258,0.167,-0.0772,0.1541,230,,,False
2026-08-20,683083,822861,Nasim Nuñez,Washington Nationals,Washington Nationals@Texas Rangers,Jacob deGrom,Globe Life Field,0.0,0.0,-0.0231,0.159,-0.0692,0.148,231,,,False
2026-08-20,682668,824589,Luisangel Acuña,Chicago White Sox,Atlanta Braves@Chicago White Sox,Grant Holmes,Rate Field,0.0,0.0,-0.0196,0.152,-0.0586,0.1431,232,,,False
2026-08-20,694208,824153,Moisés Ballesteros,Los Angeles Angels,Los Angeles Angels@Houston Astros,Peter Lambert,Daikin Park,0.0,0.0,-0.0488,0.167,-0.1461,0.1426,233,,,False
2026-08-20,666126,824074,Carlos Cortes,Athletics,Athletics@Kansas City Royals,Randy Dobnak,Kauffman Stadium,0.0,0.0,-0.0373,0.15,-0.112,0.1332,234,,,False
