date,mlbam_id,game_pk,player,team,game,opp_pitcher,park,park_factor,weather_adj,matchup_adjustment,power_score,situational_boost,score,rank,hit_hr,hr_count,resolved
2026-08-11,808959,824563,Munetaka Murakami,Chicago White Sox,Cincinnati Reds@Chicago White Sox,Nick Lodolo,Rate Field,0.0,0.0,0.0199,1.0,0.0597,1.0597,1,0.0,0.0,True
2026-08-11,691788,823832,Joe Mack,Miami Marlins,Pittsburgh Pirates@Miami Marlins,Paul Skenes,loanDepot park,0.0,0.0,0.0187,0.993,0.0561,1.0487,2,0.0,0.0,True
2026-08-11,641933,823673,Tyler O'Neill,Baltimore Orioles,Baltimore Orioles@Minnesota Twins,Bailey Ober,Target Field,0.0,0.0,0.0135,1.0,0.0405,1.0405,3,0.0,0.0,True
2026-08-11,553993,824563,Eugenio Suárez,Cincinnati Reds,Cincinnati Reds@Chicago White Sox,Sean Burke,Rate Field,0.0,0.0,0.0122,1.0,0.0366,1.0366,4,1.0,1.0,True
2026-08-11,621566,824886,Matt Olson,Atlanta Braves,New York Mets@Atlanta Braves,Nolan McLean,Truist Park,0.0,0.0,0.0051,1.0,0.0153,1.0153,5,1.0,1.0,True
2026-08-11,665161,823186,Jeremy Peña,Houston Astros,Houston Astros@San Francisco Giants,Carson Whisenhunt,Oracle Park,0.0,0.0,0.0109,0.979,0.0327,1.011,6,0.0,0.0,True
2026-08-11,682928,822697,CJ Abrams,Washington Nationals,Chicago Cubs@Washington Nationals,Shota Imanaga,Nationals Park,0.0,0.0,0.0034,1.0,0.0102,1.0102,7,1.0,1.0,True
2026-08-11,691723,823673,Coby Mayo,Baltimore Orioles,Baltimore Orioles@Minnesota Twins,Bailey Ober,Target Field,0.0,0.0,0.0019,1.0,0.0057,1.0057,8,0.0,0.0,True
2026-08-11,666211,823186,Taylor Trammell,Houston Astros,Houston Astros@San Francisco Giants,Carson Whisenhunt,Oracle Park,0.0,0.0,0.0328,0.905,0.0985,0.9941,9,0.0,0.0,True
2026-08-11,683357,823832,Owen Caissie,Miami Marlins,Pittsburgh Pirates@Miami Marlins,Paul Skenes,loanDepot park,0.0,0.0,-0.0029,0.993,-0.0087,0.9844,10,0.0,0.0,True
2026-08-11,547180,823019,Bryce Harper,Philadelphia Phillies,Philadelphia Phillies@St. Louis Cardinals,Andre Pallante,Busch Stadium,0.0,0.0,0.0568,0.818,0.1704,0.9574,11,0.0,0.0,True
2026-08-11,663886,824563,Tyler Stephenson,Cincinnati Reds,Cincinnati Reds@Chicago White Sox,Sean Burke,Rate Field,0.0,0.0,0.0074,0.932,0.0222,0.9527,12,0.0,0.0,True
2026-08-11,624424,822697,Michael Conforto,Chicago Cubs,Chicago Cubs@Washington Nationals,Jake Irvin,Nationals Park,0.0,0.0,-0.0177,1.0,-0.0531,0.9469,13,0.0,0.0,True
2026-08-11,699013,823832,Esmerlyn Valdez,Pittsburgh Pirates,Pittsburgh Pirates@Miami Marlins,Eury Pérez,loanDepot park,0.0,0.0,-0.0113,0.962,-0.0339,0.9294,14,0.0,0.0,True
2026-08-11,696100,825046,Hunter Goodman,Colorado Rockies,Colorado Rockies@Arizona Diamondbacks,Mitch Bratt,Chase Field,0.0,0.0,0.0082,0.905,0.0246,0.9273,15,0.0,0.0,True
2026-08-11,693307,824240,Dillon Dingler,Detroit Tigers,Cleveland Guardians@Detroit Tigers,Tanner Bibee,Comerica Park,0.0,0.0,0.011,0.897,0.033,0.9266,16,0.0,0.0,True
2026-08-11,571970,823917,Max Muncy,Los Angeles Dodgers,Kansas City Royals@Los Angeles Dodgers,Michael Wacha,UNIQLO Field at Dodger Stadium,0.0,0.0,-0.0116,0.932,-0.0348,0.8996,17,0.0,0.0,True
2026-08-11,701398,824563,Sal Stewart,Cincinnati Reds,Cincinnati Reds@Chicago White Sox,Sean Burke,Rate Field,0.0,0.0,-0.0023,0.905,-0.0069,0.8988,18,0.0,0.0,True
2026-08-11,665862,823512,Jazz Chisholm Jr.,New York Yankees,Seattle Mariners@New York Yankees,Bryan Woo,Yankee Stadium,0.0,0.0,-0.0354,0.962,-0.1062,0.8598,19,0.0,0.0,True
2026-08-11,682987,823512,Spencer Jones,New York Yankees,Seattle Mariners@New York Yankees,Bryan Woo,Yankee Stadium,0.0,0.0,0.0184,0.769,0.0551,0.8114,20,0.0,0.0,True
2026-08-11,650489,825046,Willi Castro,Colorado Rockies,Colorado Rockies@Arizona Diamondbacks,Mitch Bratt,Chase Field,0.0,0.0,0.0321,0.733,0.0963,0.8036,21,0.0,0.0,True
2026-08-11,701358,823186,Cam Smith,Houston Astros,Houston Astros@San Francisco Giants,Carson Whisenhunt,Oracle Park,0.0,0.0,0.0374,0.721,0.1122,0.8019,22,0.0,0.0,True
2026-08-11,691718,822697,Pete Crow-Armstrong,Chicago Cubs,Chicago Cubs@Washington Nationals,Jake Irvin,Nationals Park,0.0,0.0,0.0134,0.769,0.0402,0.7999,23,1.0,1.0,True
2026-08-11,682848,823832,Endy Rodríguez,Pittsburgh Pirates,Pittsburgh Pirates@Miami Marlins,Eury Pérez,loanDepot park,0.0,0.0,0.0227,0.744,0.0681,0.7947,24,0.0,0.0,True
2026-08-11,666160,825046,Mickey Moniak,Colorado Rockies,Colorado Rockies@Arizona Diamondbacks,Mitch Bratt,Chase Field,0.0,0.0,0.018,0.75,0.054,0.7905,25,0.0,0.0,True
2026-08-11,678882,822778,Ceddanne Rafaela,Boston Red Sox,Boston Red Sox@Toronto Blue Jays,Dylan Cease,Rogers Centre,0.0,0.0,-0.0229,0.841,-0.0687,0.7832,26,1.0,1.0,True
2026-08-11,701538,823264,Jackson Merrill,San Diego Padres,Milwaukee Brewers@San Diego Padres,Kyle Harrison,Petco Park,0.0,0.0,0.0166,0.744,0.0499,0.7811,27,0.0,0.0,True
2026-08-11,680574,824563,Matt McLain,Cincinnati Reds,Cincinnati Reds@Chicago White Sox,Sean Burke,Rate Field,0.0,0.0,-0.0043,0.769,-0.0129,0.7591,28,0.0,0.0,True
2026-08-11,680869,824970,Zack Gelof,Athletics,Tampa Bay Rays@Athletics,Nick Martinez,Sutter Health Park,0.0,0.0,0.0,0.754,0.0,0.754,29,0.0,0.0,True
2026-08-11,682674,823186,Victor Bericoto,San Francisco Giants,Houston Astros@San Francisco Giants,Hunter Brown,Oracle Park,0.0,0.0,0.0,0.744,0.0,0.744,30,0.0,0.0,True
2026-08-11,622268,824970,Donovan Walton,Athletics,Tampa Bay Rays@Athletics,Nick Martinez,Sutter Health Park,0.0,0.0,-0.0055,0.744,-0.0165,0.7317,31,0.0,0.0,True
2026-08-11,678218,822778,Brandon Valenzuela,Toronto Blue Jays,Boston Red Sox@Toronto Blue Jays,Patrick Sandoval,Rogers Centre,0.0,0.0,-0.0203,0.769,-0.0609,0.7222,32,0.0,0.0,True
2026-08-11,672275,824240,Patrick Bailey,Cleveland Guardians,Cleveland Guardians@Detroit Tigers,Drew Anderson,Comerica Park,0.0,0.0,-0.0101,0.744,-0.0302,0.7215,33,0.0,0.0,True
2026-08-11,668709,824563,JJ Bleday,Cincinnati Reds,Cincinnati Reds@Chicago White Sox,Sean Burke,Rate Field,0.0,0.0,0.0095,0.699,0.0285,0.7189,34,0.0,0.0,True
2026-08-11,677800,822778,Wilyer Abreu,Boston Red Sox,Boston Red Sox@Toronto Blue Jays,Dylan Cease,Rogers Centre,0.0,0.0,-0.0114,0.74,-0.0342,0.7147,35,1.0,1.0,True
2026-08-11,691781,822697,Brady House,Washington Nationals,Chicago Cubs@Washington Nationals,Shota Imanaga,Nationals Park,0.0,0.0,0.0063,0.699,0.0189,0.7122,36,0.0,0.0,True
2026-08-11,663656,823917,Kyle Tucker,Los Angeles Dodgers,Kansas City Royals@Los Angeles Dodgers,Michael Wacha,UNIQLO Field at Dodger Stadium,0.0,0.0,0.0278,0.655,0.0834,0.7096,37,0.0,0.0,True
2026-08-11,683734,823264,Andrew Vaughn,Milwaukee Brewers,Milwaukee Brewers@San Diego Padres,Walker Buehler,Petco Park,0.0,0.0,0.003,0.679,0.009,0.6851,38,0.0,0.0,True
2026-08-11,670541,823186,Yordan Alvarez,Houston Astros,Houston Astros@San Francisco Giants,Carson Whisenhunt,Oracle Park,0.0,0.0,0.0323,0.615,0.0969,0.6746,39,0.0,0.0,True
2026-08-11,683748,824970,Victor Mesa Jr.,Tampa Bay Rays,Tampa Bay Rays@Athletics,Mason Barnett,Sutter Health Park,0.0,0.0,0.0078,0.659,0.0234,0.6744,40,1.0,1.0,True
2026-08-11,641343,823264,Jake Bauers,Milwaukee Brewers,Milwaukee Brewers@San Diego Padres,Walker Buehler,Petco Park,0.0,0.0,0.0368,0.607,0.1104,0.674,41,0.0,0.0,True
2026-08-11,660670,824886,Ronald Acuña Jr.,Atlanta Braves,New York Mets@Atlanta Braves,Nolan McLean,Truist Park,-0.3953,0.0,0.038,0.986,-0.3264,0.6642,42,0.0,0.0,True
2026-08-11,663616,823673,Trevor Larnach,Minnesota Twins,Baltimore Orioles@Minnesota Twins,Brandon Young,Target Field,0.0,0.0,-0.0126,0.679,-0.0378,0.6533,43,0.0,0.0,True
2026-08-11,683146,824886,Brett Baty,New York Mets,New York Mets@Atlanta Braves,Martín Pérez,Truist Park,0.0,0.0,0.0138,0.624,0.0413,0.6498,44,0.0,0.0,True
2026-08-11,573262,824886,Mike Yastrzemski,Atlanta Braves,New York Mets@Atlanta Braves,Nolan McLean,Truist Park,0.0,0.0,-0.008,0.659,-0.024,0.6432,45,0.0,0.0,True
2026-08-11,663728,823512,Cal Raleigh,Seattle Mariners,Seattle Mariners@New York Yankees,Ryan Weathers,Yankee Stadium,0.0,0.0,-0.0007,0.641,-0.002,0.6397,46,0.0,0.0,True
2026-08-11,660271,823917,Shohei Ohtani,Los Angeles Dodgers,Kansas City Royals@Los Angeles Dodgers,Michael Wacha,UNIQLO Field at Dodger Stadium,0.0,0.0,0.0062,0.628,0.0186,0.6397,47,0.0,0.0,True
2026-08-11,665052,823832,Griffin Conine,Miami Marlins,Pittsburgh Pirates@Miami Marlins,Paul Skenes,loanDepot park,0.0,0.0,0.0169,0.607,0.0507,0.6378,48,0.0,0.0,True
2026-08-11,645277,824886,Ozzie Albies,Atlanta Braves,New York Mets@Atlanta Braves,Nolan McLean,Truist Park,0.0,0.0,-0.0033,0.641,-0.0098,0.6347,49,1.0,1.0,True
2026-08-11,666176,824240,Jo Adell,Cleveland Guardians,Cleveland Guardians@Detroit Tigers,Drew Anderson,Comerica Park,0.0,0.0,0.0026,0.624,0.0079,0.6289,50,1.0,1.0,True
2026-08-11,673548,822697,Seiya Suzuki,Chicago Cubs,Chicago Cubs@Washington Nationals,Jake Irvin,Nationals Park,0.0,0.0,0.0189,0.592,0.0568,0.6256,51,1.0,1.0,True
2026-08-11,682829,824563,Elly De La Cruz,Cincinnati Reds,Cincinnati Reds@Chicago White Sox,Sean Burke,Rate Field,0.0,0.0,0.0163,0.592,0.0488,0.6209,52,0.0,0.0,True
2026-08-11,571448,825046,Nolan Arenado,Arizona Diamondbacks,Colorado Rockies@Arizona Diamondbacks,Tomoyuki Sugano,Chase Field,0.0,0.0,0.007,0.603,0.0211,0.6157,53,0.0,0.0,True
2026-08-11,695734,822697,Daylen Lile,Washington Nationals,Chicago Cubs@Washington Nationals,Shota Imanaga,Nationals Park,0.0,0.0,-0.0071,0.628,-0.0213,0.6146,54,0.0,0.0,True
2026-08-11,687952,823673,Christian Encarnacion-Strand,Baltimore Orioles,Baltimore Orioles@Minnesota Twins,Bailey Ober,Target Field,0.0,0.0,-0.0086,0.624,-0.0258,0.6079,55,1.0,1.0,True
2026-08-11,805367,824563,Chase Meidroth,Chicago White Sox,Cincinnati Reds@Chicago White Sox,Nick Lodolo,Rate Field,0.0,0.0,-0.0073,0.615,-0.022,0.6015,56,0.0,0.0,True
2026-08-11,624413,823673,Pete Alonso,Baltimore Orioles,Baltimore Orioles@Minnesota Twins,Bailey Ober,Target Field,0.0,0.0,0.0155,0.57,0.0465,0.5965,57,1.0,1.0,True
2026-08-11,691777,824970,Max Muncy,Athletics,Tampa Bay Rays@Athletics,Nick Martinez,Sutter Health Park,0.0,0.0,-0.0346,0.659,-0.1038,0.5906,58,0.0,0.0,True
2026-08-11,695506,823917,Jac Caglianone,Kansas City Royals,Kansas City Royals@Los Angeles Dodgers,Blake Snell,UNIQLO Field at Dodger Stadium,0.0,0.0,0.0,0.581,0.0,0.581,59,0.0,0.0,True
2026-08-11,521692,823917,Salvador Perez,Kansas City Royals,Kansas City Royals@Los Angeles Dodgers,Blake Snell,UNIQLO Field at Dodger Stadium,0.0,0.0,0.0,0.57,0.0,0.57,60,0.0,0.0,True
2026-08-11,694378,823832,Jacob Gonzalez,Pittsburgh Pirates,Pittsburgh Pirates@Miami Marlins,Eury Pérez,loanDepot park,0.0,0.0,0.0,0.563,0.0,0.563,61,0.0,0.0,True
2026-08-11,695600,823917,Carter Jensen,Kansas City Royals,Kansas City Royals@Los Angeles Dodgers,Blake Snell,UNIQLO Field at Dodger Stadium,0.0,0.0,0.0,0.563,0.0,0.563,62,0.0,0.0,True
2026-08-11,671277,823512,Luis García Jr.,New York Yankees,Seattle Mariners@New York Yankees,Bryan Woo,Yankee Stadium,0.0,0.0,0.0,0.559,0.0,0.559,63,0.0,0.0,True
2026-08-11,676475,823019,Alec Burleson,St. Louis Cardinals,Philadelphia Phillies@St. Louis Cardinals,Cristopher Sánchez,Busch Stadium,0.0,0.0,0.0,0.559,0.0,0.559,64,0.0,0.0,True
2026-08-11,592626,823997,Joc Pederson,Texas Rangers,Texas Rangers@Los Angeles Angels,Ryan Johnson,Angel Stadium,-0.4474,0.0,0.0,1.0,-0.4474,0.5526,65,1.0,1.0,True
2026-08-11,691406,824970,Junior Caminero,Tampa Bay Rays,Tampa Bay Rays@Athletics,Mason Barnett,Sutter Health Park,0.0,0.0,0.0,0.549,0.0,0.549,66,1.0,1.0,True
2026-08-11,694192,823264,Jackson Chourio,Milwaukee Brewers,Milwaukee Brewers@San Diego Padres,Walker Buehler,Petco Park,0.0,0.0,0.0,0.549,0.0,0.549,67,0.0,0.0,True
2026-08-11,646240,823186,Rafael Devers,San Francisco Giants,Houston Astros@San Francisco Giants,Hunter Brown,Oracle Park,0.0,0.0,0.0,0.549,0.0,0.549,68,0.0,0.0,True
2026-08-11,681715,823832,Heriberto Hernández,Miami Marlins,Pittsburgh Pirates@Miami Marlins,Paul Skenes,loanDepot park,0.0,0.0,0.0,0.524,0.0,0.524,69,0.0,0.0,True
2026-08-11,686611,822697,Dylan Crews,Washington Nationals,Chicago Cubs@Washington Nationals,Shota Imanaga,Nationals Park,0.0,0.0,0.0,0.524,0.0,0.524,70,1.0,1.0,True
2026-08-11,677594,823512,Julio Rodríguez,Seattle Mariners,Seattle Mariners@New York Yankees,Ryan Weathers,Yankee Stadium,0.0,0.0,0.0,0.522,0.0,0.522,71,0.0,0.0,True
2026-08-11,592518,823264,Manny Machado,San Diego Padres,Milwaukee Brewers@San Diego Padres,Kyle Harrison,Petco Park,0.0,0.0,0.0,0.522,0.0,0.522,72,0.0,0.0,True
2026-08-11,543760,824886,Marcus Semien,New York Mets,New York Mets@Atlanta Braves,Martín Pérez,Truist Park,-0.3953,0.0,0.0,0.855,-0.3953,0.517,73,0.0,0.0,True
2026-08-11,642708,823512,Amed Rosario,New York Yankees,Seattle Mariners@New York Yankees,Bryan Woo,Yankee Stadium,0.0,0.0,0.0,0.513,0.0,0.513,74,0.0,0.0,True
2026-08-11,642201,822778,Eli White,Boston Red Sox,Boston Red Sox@Toronto Blue Jays,Dylan Cease,Rogers Centre,0.0,0.0,0.0,0.513,0.0,0.513,75,0.0,0.0,True
2026-08-11,575929,822778,Willson Contreras,Boston Red Sox,Boston Red Sox@Toronto Blue Jays,Dylan Cease,Rogers Centre,0.0,0.0,0.0,0.513,0.0,0.513,76,0.0,0.0,True
2026-08-11,700250,823512,Ben Rice,New York Yankees,Seattle Mariners@New York Yankees,Bryan Woo,Yankee Stadium,0.0,0.0,0.0,0.502,0.0,0.502,77,0.0,0.0,True
2026-08-11,677870,823832,Leo Jiménez,Miami Marlins,Pittsburgh Pirates@Miami Marlins,Paul Skenes,loanDepot park,0.0,0.0,0.0,0.496,0.0,0.496,78,0.0,0.0,True
2026-08-11,663743,824970,Nick Fortes,Tampa Bay Rays,Tampa Bay Rays@Athletics,Mason Barnett,Sutter Health Park,0.0,0.0,0.0,0.496,0.0,0.496,79,0.0,0.0,True
2026-08-11,687401,823264,Joey Ortiz,Milwaukee Brewers,Milwaukee Brewers@San Diego Padres,Walker Buehler,Petco Park,0.0,0.0,0.0,0.496,0.0,0.496,80,0.0,0.0,True
2026-08-11,680664,824240,Eduardo Valencia,Detroit Tigers,Cleveland Guardians@Detroit Tigers,Tanner Bibee,Comerica Park,0.0,0.0,0.0,0.494,0.0,0.494,81,0.0,0.0,True
2026-08-11,650402,824240,Gleyber Torres,Detroit Tigers,Cleveland Guardians@Detroit Tigers,Tanner Bibee,Comerica Park,0.0,0.0,0.0,0.491,0.0,0.491,82,0.0,0.0,True
2026-08-11,663993,824240,Nathaniel Lowe,Cleveland Guardians,Cleveland Guardians@Detroit Tigers,Drew Anderson,Comerica Park,0.0,0.0,0.0,0.491,0.0,0.491,83,0.0,0.0,True
2026-08-11,606192,823917,Teoscar Hernández,Los Angeles Dodgers,Kansas City Royals@Los Angeles Dodgers,Michael Wacha,UNIQLO Field at Dodger Stadium,0.0,0.0,0.0,0.491,0.0,0.491,84,0.0,0.0,True
2026-08-11,665487,823264,Fernando Tatis Jr.,San Diego Padres,Milwaukee Brewers@San Diego Padres,Kyle Harrison,Petco Park,0.0,0.0,0.0,0.488,0.0,0.488,85,1.0,1.0,True
2026-08-11,669224,823512,Austin Wells,New York Yankees,Seattle Mariners@New York Yankees,Bryan Woo,Yankee Stadium,0.0,0.0,0.0,0.481,0.0,0.481,86,0.0,0.0,True
2026-08-11,681297,823673,Colton Cowser,Baltimore Orioles,Baltimore Orioles@Minnesota Twins,Bailey Ober,Target Field,0.0,0.0,0.0,0.481,0.0,0.481,87,0.0,0.0,True
2026-08-11,663494,823019,Bryan Torres,St. Louis Cardinals,Philadelphia Phillies@St. Louis Cardinals,Cristopher Sánchez,Busch Stadium,0.0,0.0,0.0,0.481,0.0,0.481,88,0.0,0.0,True
2026-08-11,680700,824970,Richie Palacios,Tampa Bay Rays,Tampa Bay Rays@Athletics,Mason Barnett,Sutter Health Park,0.0,0.0,0.0,0.481,0.0,0.481,89,0.0,0.0,True
2026-08-11,686475,823917,Tyler Tolbert,Kansas City Royals,Kansas City Royals@Los Angeles Dodgers,Blake Snell,UNIQLO Field at Dodger Stadium,0.0,0.0,0.0,0.481,0.0,0.481,90,0.0,0.0,True
2026-08-11,805808,824240,Kevin McGonigle,Detroit Tigers,Cleveland Guardians@Detroit Tigers,Tanner Bibee,Comerica Park,0.0,0.0,0.0,0.473,0.0,0.473,91,0.0,0.0,True
2026-08-11,682985,824240,Riley Greene,Detroit Tigers,Cleveland Guardians@Detroit Tigers,Tanner Bibee,Comerica Park,0.0,0.0,0.0,0.471,0.0,0.471,92,0.0,0.0,True
2026-08-11,664040,823832,Brandon Lowe,Pittsburgh Pirates,Pittsburgh Pirates@Miami Marlins,Eury Pérez,loanDepot park,0.0,0.0,0.0,0.471,0.0,0.471,93,0.0,0.0,True
2026-08-11,680779,823832,Henry Davis,Pittsburgh Pirates,Pittsburgh Pirates@Miami Marlins,Eury Pérez,loanDepot park,0.0,0.0,0.0,0.466,0.0,0.466,94,0.0,0.0,True
2026-08-11,656941,823019,Kyle Schwarber,Philadelphia Phillies,Philadelphia Phillies@St. Louis Cardinals,Andre Pallante,Busch Stadium,0.0,0.0,0.0,0.466,0.0,0.466,95,0.0,0.0,True
2026-08-11,682626,824886,Francisco Alvarez,New York Mets,New York Mets@Atlanta Braves,Martín Pérez,Truist Park,-0.3953,0.0,0.0,0.769,-0.3953,0.465,96,0.0,0.0,True
2026-08-11,677951,823917,Bobby Witt Jr.,Kansas City Royals,Kansas City Royals@Los Angeles Dodgers,Blake Snell,UNIQLO Field at Dodger Stadium,0.0,0.0,0.0,0.462,0.0,0.462,97,0.0,0.0,True
2026-08-11,686797,823673,Brooks Lee,Minnesota Twins,Baltimore Orioles@Minnesota Twins,Brandon Young,Target Field,0.0,0.0,0.0,0.452,0.0,0.452,98,0.0,0.0,True
2026-08-11,691016,824970,Tyler Soderstrom,Athletics,Tampa Bay Rays@Athletics,Nick Martinez,Sutter Health Park,0.0,0.0,0.0,0.452,0.0,0.452,99,0.0,0.0,True
2026-08-11,668723,824970,Ryan Vilade,Tampa Bay Rays,Tampa Bay Rays@Athletics,Mason Barnett,Sutter Health Park,0.0,0.0,0.0,0.452,0.0,0.452,100,0.0,0.0,True
2026-08-11,701678,824240,Hao-Yu Lee,Detroit Tigers,Cleveland Guardians@Detroit Tigers,Tanner Bibee,Comerica Park,0.0,0.0,0.0,0.44,0.0,0.44,101,0.0,0.0,True
2026-08-11,666152,823264,David Hamilton,Milwaukee Brewers,Milwaukee Brewers@San Diego Padres,Walker Buehler,Petco Park,0.0,0.0,0.0,0.44,0.0,0.44,102,0.0,0.0,True
2026-08-11,686527,823512,Dominic Canzone,Seattle Mariners,Seattle Mariners@New York Yankees,Ryan Weathers,Yankee Stadium,0.0,0.0,0.0,0.435,0.0,0.435,103,0.0,0.0,True
2026-08-11,687462,823832,Spencer Horwitz,Pittsburgh Pirates,Pittsburgh Pirates@Miami Marlins,Eury Pérez,loanDepot park,0.0,0.0,0.0,0.427,0.0,0.427,104,0.0,0.0,True
2026-08-11,668904,823673,Royce Lewis,Minnesota Twins,Baltimore Orioles@Minnesota Twins,Brandon Young,Target Field,0.0,0.0,0.0,0.427,0.0,0.427,105,0.0,0.0,True
2026-08-11,678246,824563,Miguel Vargas,Chicago White Sox,Cincinnati Reds@Chicago White Sox,Nick Lodolo,Rate Field,0.0,0.0,0.0,0.427,0.0,0.427,106,1.0,1.0,True
2026-08-11,694671,823997,Wyatt Langford,Texas Rangers,Texas Rangers@Los Angeles Angels,Ryan Johnson,Angel Stadium,-0.2961,0.0,0.0,0.592,-0.2961,0.4167,107,0.0,0.0,True
2026-08-11,643217,824563,Andrew Benintendi,Chicago White Sox,Cincinnati Reds@Chicago White Sox,Nick Lodolo,Rate Field,0.0,0.0,0.0,0.416,0.0,0.416,108,0.0,0.0,True
2026-08-11,680776,822778,Jarren Duran,Boston Red Sox,Boston Red Sox@Toronto Blue Jays,Dylan Cease,Rogers Centre,0.0,0.0,0.0,0.412,0.0,0.412,109,0.0,0.0,True
2026-08-11,606466,825046,Ketel Marte,Arizona Diamondbacks,Colorado Rockies@Arizona Diamondbacks,Tomoyuki Sugano,Chase Field,0.0,0.0,0.0,0.412,0.0,0.412,110,1.0,1.0,True
2026-08-11,670231,823917,John Rave,Kansas City Royals,Kansas City Royals@Los Angeles Dodgers,Blake Snell,UNIQLO Field at Dodger Stadium,0.0,0.0,0.0,0.411,0.0,0.411,111,0.0,0.0,True
2026-08-11,669394,823997,Jake Burger,Texas Rangers,Texas Rangers@Los Angeles Angels,Ryan Johnson,Angel Stadium,-0.2961,0.0,0.0,0.577,-0.296,0.4062,112,0.0,0.0,True
2026-08-11,808982,823186,Jung Hoo Lee,San Francisco Giants,Houston Astros@San Francisco Giants,Hunter Brown,Oracle Park,0.0,0.0,0.0,0.398,0.0,0.398,113,0.0,0.0,True
2026-08-11,665953,822697,Andrés Chaparro,Washington Nationals,Chicago Cubs@Washington Nationals,Shota Imanaga,Nationals Park,0.0,0.0,0.0,0.396,0.0,0.396,114,0.0,0.0,True
2026-08-11,814439,825046,Ryan Waldschmidt,Arizona Diamondbacks,Colorado Rockies@Arizona Diamondbacks,Tomoyuki Sugano,Chase Field,0.0,0.0,0.0,0.394,0.0,0.394,115,0.0,0.0,True
2026-08-11,703607,824970,Henry Bolte,Athletics,Tampa Bay Rays@Athletics,Nick Martinez,Sutter Health Park,0.0,0.0,0.0,0.394,0.0,0.394,116,0.0,0.0,True
2026-08-11,676356,824970,Jonny DeLuca,Tampa Bay Rays,Tampa Bay Rays@Athletics,Mason Barnett,Sutter Health Park,0.0,0.0,0.0,0.394,0.0,0.394,117,0.0,0.0,True
2026-08-11,668227,823512,Randy Arozarena,Seattle Mariners,Seattle Mariners@New York Yankees,Ryan Weathers,Yankee Stadium,0.0,0.0,0.0,0.385,0.0,0.385,118,1.0,1.0,True
2026-08-11,665750,823673,Leody Taveras,Baltimore Orioles,Baltimore Orioles@Minnesota Twins,Bailey Ober,Target Field,0.0,0.0,0.0,0.385,0.0,0.385,119,0.0,0.0,True
2026-08-11,670623,823186,Isaac Paredes,Houston Astros,Houston Astros@San Francisco Giants,Carson Whisenhunt,Oracle Park,0.0,0.0,0.0,0.385,0.0,0.385,120,0.0,0.0,True
2026-08-11,545341,824563,Randal Grichuk,Chicago White Sox,Cincinnati Reds@Chicago White Sox,Nick Lodolo,Rate Field,0.0,0.0,0.0,0.382,0.0,0.382,121,0.0,0.0,True
2026-08-11,678545,823186,Osleivis Basabe,San Francisco Giants,Houston Astros@San Francisco Giants,Hunter Brown,Oracle Park,0.0,0.0,0.0,0.381,0.0,0.381,122,0.0,0.0,True
2026-08-11,682988,825046,Tyler Locklear,Arizona Diamondbacks,Colorado Rockies@Arizona Diamondbacks,Tomoyuki Sugano,Chase Field,0.0,0.0,0.0,0.377,0.0,0.377,123,0.0,0.0,True
2026-08-11,695657,824563,Colson Montgomery,Chicago White Sox,Cincinnati Reds@Chicago White Sox,Nick Lodolo,Rate Field,0.0,0.0,0.0,0.375,0.0,0.375,124,0.0,0.0,True
2026-08-11,673237,823186,Yainer Diaz,Houston Astros,Houston Astros@San Francisco Giants,Carson Whisenhunt,Oracle Park,0.0,0.0,0.0,0.375,0.0,0.375,125,0.0,0.0,True
2026-08-11,676369,823186,Nelson Velázquez,Houston Astros,Houston Astros@San Francisco Giants,Carson Whisenhunt,Oracle Park,0.0,0.0,0.0,0.368,0.0,0.368,126,0.0,0.0,True
2026-08-11,661531,824970,Brian Serven,Athletics,Tampa Bay Rays@Athletics,Nick Martinez,Sutter Health Park,0.0,0.0,0.0,0.366,0.0,0.366,127,0.0,0.0,True
2026-08-11,656775,824970,Cedric Mullins,Tampa Bay Rays,Tampa Bay Rays@Athletics,Mason Barnett,Sutter Health Park,0.0,0.0,0.0,0.366,0.0,0.366,128,0.0,0.0,True
2026-08-11,806146,823512,George Lombard Jr.,New York Yankees,Seattle Mariners@New York Yankees,Bryan Woo,Yankee Stadium,0.0,0.0,0.0,0.359,0.0,0.359,129,0.0,0.0,True
2026-08-11,682657,824240,Angel Martínez,Cleveland Guardians,Cleveland Guardians@Detroit Tigers,Drew Anderson,Comerica Park,0.0,0.0,0.0,0.358,0.0,0.358,130,0.0,0.0,True
2026-08-11,682663,823832,Agustín Ramírez,Miami Marlins,Pittsburgh Pirates@Miami Marlins,Paul Skenes,loanDepot park,0.0,0.0,0.0,0.358,0.0,0.358,131,0.0,0.0,True
2026-08-11,664023,822697,Ian Happ,Chicago Cubs,Chicago Cubs@Washington Nationals,Jake Irvin,Nationals Park,0.0,0.0,0.0,0.358,0.0,0.358,132,0.0,0.0,True
2026-08-11,657041,824886,Lane Thomas,Atlanta Braves,New York Mets@Atlanta Braves,Nolan McLean,Truist Park,-0.3953,0.0,0.0,0.592,-0.3953,0.358,133,0.0,0.0,True
2026-08-11,596019,824886,Francisco Lindor,New York Mets,New York Mets@Atlanta Braves,Martín Pérez,Truist Park,-0.3953,0.0,0.0,0.592,-0.3953,0.358,134,0.0,0.0,True
2026-08-11,680777,823673,Ryan Jeffers,Minnesota Twins,Baltimore Orioles@Minnesota Twins,Brandon Young,Target Field,0.0,0.0,0.0,0.358,0.0,0.358,135,0.0,0.0,True
2026-08-11,572233,823186,Christian Walker,Houston Astros,Houston Astros@San Francisco Giants,Carson Whisenhunt,Oracle Park,0.0,0.0,0.0,0.358,0.0,0.358,136,0.0,0.0,True
2026-08-11,687749,823264,Jase Bowen,San Diego Padres,Milwaukee Brewers@San Diego Padres,Kyle Harrison,Petco Park,0.0,0.0,0.0,0.357,0.0,0.357,137,0.0,0.0,True
2026-08-11,608324,822697,Alex Bregman,Chicago Cubs,Chicago Cubs@Washington Nationals,Jake Irvin,Nationals Park,0.0,0.0,0.0,0.355,0.0,0.355,138,1.0,1.0,True
2026-08-11,671739,824886,Michael Harris II,Atlanta Braves,New York Mets@Atlanta Braves,Nolan McLean,Truist Park,0.0,0.0,0.0,0.355,0.0,0.355,139,0.0,0.0,True
2026-08-11,664983,825046,Jake McCarthy,Colorado Rockies,Colorado Rockies@Arizona Diamondbacks,Mitch Bratt,Chase Field,0.0,0.0,0.0,0.35,0.0,0.35,140,0.0,0.0,True
2026-08-11,516782,823917,Starling Marte,Kansas City Royals,Kansas City Royals@Los Angeles Dodgers,Blake Snell,UNIQLO Field at Dodger Stadium,0.0,0.0,0.0,0.348,0.0,0.348,141,0.0,0.0,True
2026-08-11,687605,822697,Andrew Pinckney,Washington Nationals,Chicago Cubs@Washington Nationals,Shota Imanaga,Nationals Park,0.0,0.0,0.0,0.345,0.0,0.345,142,0.0,0.0,True
2026-08-11,695670,822697,Harry Ford,Washington Nationals,Chicago Cubs@Washington Nationals,Shota Imanaga,Nationals Park,0.0,0.0,0.0,0.345,0.0,0.345,143,0.0,0.0,True
2026-08-11,663330,822778,Jahmai Jones,Boston Red Sox,Boston Red Sox@Toronto Blue Jays,Dylan Cease,Rogers Centre,0.0,0.0,0.0,0.342,0.0,0.342,144,0.0,0.0,True
2026-08-11,676439,823917,Hunter Feduccia,Los Angeles Dodgers,Kansas City Royals@Los Angeles Dodgers,Michael Wacha,UNIQLO Field at Dodger Stadium,0.0,0.0,0.0,0.341,0.0,0.341,145,0.0,0.0,True
2026-08-11,694197,824240,Angel Genao,Cleveland Guardians,Cleveland Guardians@Detroit Tigers,Drew Anderson,Comerica Park,0.0,0.0,0.0,0.34,0.0,0.34,146,0.0,0.0,True
2026-08-11,694673,822697,Abimelec Ortiz,Washington Nationals,Chicago Cubs@Washington Nationals,Shota Imanaga,Nationals Park,0.0,0.0,0.0,0.34,0.0,0.34,147,0.0,0.0,True
2026-08-11,571771,823917,Enrique Hernández,Los Angeles Dodgers,Kansas City Royals@Los Angeles Dodgers,Michael Wacha,UNIQLO Field at Dodger Stadium,0.0,0.0,0.0,0.34,0.0,0.34,148,0.0,0.0,True
2026-08-11,663538,822697,Nico Hoerner,Chicago Cubs,Chicago Cubs@Washington Nationals,Jake Irvin,Nationals Park,0.0,0.0,0.0,0.339,0.0,0.339,149,0.0,0.0,True
2026-08-11,701785,823673,Kaelen Culpepper,Minnesota Twins,Baltimore Orioles@Minnesota Twins,Brandon Young,Target Field,0.0,0.0,0.0,0.338,0.0,0.338,150,0.0,0.0,True
2026-08-11,699625,823019,Jimmy Crooks,St. Louis Cardinals,Philadelphia Phillies@St. Louis Cardinals,Cristopher Sánchez,Busch Stadium,0.0,0.0,0.0,0.337,0.0,0.337,151,0.0,0.0,True
2026-08-11,804668,823832,Rafael Flores Jr.,Pittsburgh Pirates,Pittsburgh Pirates@Miami Marlins,Eury Pérez,loanDepot park,0.0,0.0,0.0,0.335,0.0,0.335,152,0.0,0.0,True
2026-08-11,595879,824240,Javier Báez,Detroit Tigers,Cleveland Guardians@Detroit Tigers,Tanner Bibee,Comerica Park,0.0,0.0,0.0,0.334,0.0,0.334,153,0.0,0.0,True
2026-08-11,672386,822778,Alejandro Kirk,Toronto Blue Jays,Boston Red Sox@Toronto Blue Jays,Patrick Sandoval,Rogers Centre,0.0,0.0,0.0,0.334,0.0,0.334,154,0.0,0.0,True
2026-08-11,543510,825046,James McCann,Arizona Diamondbacks,Colorado Rockies@Arizona Diamondbacks,Tomoyuki Sugano,Chase Field,0.0,0.0,0.0,0.334,0.0,0.334,155,0.0,0.0,True
2026-08-11,607043,823997,Brandon Nimmo,Texas Rangers,Texas Rangers@Los Angeles Angels,Ryan Johnson,Angel Stadium,-0.4474,0.0,0.0,0.592,-0.4475,0.3271,156,0.0,0.0,True
2026-08-11,701807,824886,Carson Benge,New York Mets,New York Mets@Atlanta Braves,Martín Pérez,Truist Park,0.0,0.0,0.0,0.327,0.0,0.327,157,0.0,0.0,True
2026-08-11,807712,823673,Luke Keaschall,Minnesota Twins,Baltimore Orioles@Minnesota Twins,Brandon Young,Target Field,0.0,0.0,0.0,0.327,0.0,0.327,158,0.0,0.0,True
2026-08-11,642715,823186,Willy Adames,San Francisco Giants,Houston Astros@San Francisco Giants,Hunter Brown,Oracle Park,0.0,0.0,0.0,0.327,0.0,0.327,159,0.0,0.0,True
2026-08-11,665923,823832,Esteury Ruiz,Miami Marlins,Pittsburgh Pirates@Miami Marlins,Paul Skenes,loanDepot park,0.0,0.0,0.0,0.323,0.0,0.323,160,1.0,1.0,True
2026-08-11,690984,824240,Petey Halpin,Cleveland Guardians,Cleveland Guardians@Detroit Tigers,Drew Anderson,Comerica Park,0.0,0.0,0.0,0.321,0.0,0.321,161,0.0,0.0,True
2026-08-11,671732,824970,Lawrence Butler,Athletics,Tampa Bay Rays@Athletics,Nick Martinez,Sutter Health Park,0.0,0.0,0.0,0.321,0.0,0.321,162,1.0,1.0,True
2026-08-11,571912,823917,Luke Maile,Kansas City Royals,Kansas City Royals@Los Angeles Dodgers,Blake Snell,UNIQLO Field at Dodger Stadium,0.0,0.0,0.0,0.32,0.0,0.32,163,0.0,0.0,True
2026-08-11,687529,823186,Grant McCray,San Francisco Giants,Houston Astros@San Francisco Giants,Hunter Brown,Oracle Park,0.0,0.0,0.0,0.318,0.0,0.318,164,0.0,0.0,True
2026-08-11,677588,822697,José Tena,Washington Nationals,Chicago Cubs@Washington Nationals,Shota Imanaga,Nationals Park,0.0,0.0,0.0,0.312,0.0,0.312,165,0.0,0.0,True
2026-08-11,640459,823832,Brian Navarreto,Miami Marlins,Pittsburgh Pirates@Miami Marlins,Paul Skenes,loanDepot park,0.0,0.0,0.0,0.311,0.0,0.311,166,0.0,0.0,True
2026-08-11,673357,824886,Luis Robert Jr.,New York Mets,New York Mets@Atlanta Braves,Martín Pérez,Truist Park,-0.3953,0.0,0.0,0.513,-0.3953,0.3102,167,0.0,0.0,True
2026-08-11,642350,823997,Jose Siri,Los Angeles Angels,Texas Rangers@Los Angeles Angels,Cody Bradford,Angel Stadium,-0.2961,0.0,0.0,0.44,-0.2961,0.3097,168,0.0,0.0,True
2026-08-11,672960,822778,Kazuma Okamoto,Toronto Blue Jays,Boston Red Sox@Toronto Blue Jays,Patrick Sandoval,Rogers Centre,0.0,0.0,0.0,0.308,0.0,0.308,169,0.0,0.0,True
2026-08-11,666163,823917,Ben Rortvedt,Los Angeles Dodgers,Kansas City Royals@Los Angeles Dodgers,Michael Wacha,UNIQLO Field at Dodger Stadium,0.0,0.0,0.0,0.305,0.0,0.305,170,0.0,0.0,True
2026-08-11,701649,822697,James Triantos,Chicago Cubs,Chicago Cubs@Washington Nationals,Jake Irvin,Nationals Park,0.0,0.0,0.0,0.302,0.0,0.302,171,0.0,0.0,True
2026-08-11,605137,823673,Josh Bell,Minnesota Twins,Baltimore Orioles@Minnesota Twins,Brandon Young,Target Field,0.0,0.0,0.0,0.302,0.0,0.302,172,0.0,0.0,True
2026-08-11,677649,823997,Ezequiel Duran,Texas Rangers,Texas Rangers@Los Angeles Angels,Ryan Johnson,Angel Stadium,-0.2961,0.0,0.0,0.427,-0.296,0.3006,173,0.0,0.0,True
2026-08-11,669911,824563,Michael Toglia,Cincinnati Reds,Cincinnati Reds@Chicago White Sox,Sean Burke,Rate Field,0.0,0.0,0.0,0.3,0.0,0.3,174,0.0,0.0,True
2026-08-11,691728,825046,Zac Veen,Colorado Rockies,Colorado Rockies@Arizona Diamondbacks,Mitch Bratt,Chase Field,0.0,0.0,0.0,0.3,0.0,0.3,175,0.0,0.0,True
2026-08-11,678225,823264,Jihwan Bae,Milwaukee Brewers,Milwaukee Brewers@San Diego Padres,Walker Buehler,Petco Park,0.0,0.0,0.0,0.3,0.0,0.3,176,0.0,0.0,True
2026-08-11,668800,823186,Andrew Knizner,San Francisco Giants,Houston Astros@San Francisco Giants,Hunter Brown,Oracle Park,0.0,0.0,0.0,0.3,0.0,0.3,177,0.0,0.0,True
2026-08-11,681546,824240,James Outman,Detroit Tigers,Cleveland Guardians@Detroit Tigers,Tanner Bibee,Comerica Park,0.0,0.0,0.0,0.297,0.0,0.297,178,0.0,0.0,True
2026-08-11,681047,823673,Christian Franklin,Baltimore Orioles,Baltimore Orioles@Minnesota Twins,Bailey Ober,Target Field,0.0,0.0,0.0,0.297,0.0,0.297,179,0.0,0.0,True
2026-08-11,801501,823186,Nate Furman,San Francisco Giants,Houston Astros@San Francisco Giants,Hunter Brown,Oracle Park,0.0,0.0,0.0,0.297,0.0,0.297,180,0.0,0.0,True
2026-08-11,807727,822778,Charles McAdoo,Toronto Blue Jays,Boston Red Sox@Toronto Blue Jays,Patrick Sandoval,Rogers Centre,0.0,0.0,0.0,0.296,0.0,0.296,181,0.0,0.0,True
2026-08-11,693409,823019,César Prieto,St. Louis Cardinals,Philadelphia Phillies@St. Louis Cardinals,Cristopher Sánchez,Busch Stadium,0.0,0.0,0.0,0.296,0.0,0.296,182,0.0,0.0,True
2026-08-11,703520,822778,Brett Bateman,Toronto Blue Jays,Boston Red Sox@Toronto Blue Jays,Patrick Sandoval,Rogers Centre,0.0,0.0,0.0,0.294,0.0,0.294,183,0.0,0.0,True
2026-08-11,607208,823019,Trea Turner,Philadelphia Phillies,Philadelphia Phillies@St. Louis Cardinals,Andre Pallante,Busch Stadium,-0.504,0.0,0.0,0.592,-0.5041,0.2936,184,0.0,0.0,True
2026-08-11,703601,824240,Max Clark,Detroit Tigers,Cleveland Guardians@Detroit Tigers,Tanner Bibee,Comerica Park,0.0,0.0,0.0,0.293,0.0,0.293,185,0.0,0.0,True
2026-08-11,699302,824563,Héctor Rodríguez,Cincinnati Reds,Cincinnati Reds@Chicago White Sox,Sean Burke,Rate Field,0.0,0.0,0.0,0.288,0.0,0.288,186,0.0,0.0,True
2026-08-11,689414,824970,Liam Hicks,Tampa Bay Rays,Tampa Bay Rays@Athletics,Mason Barnett,Sutter Health Park,0.0,0.0,0.0,0.285,0.0,0.285,187,0.0,0.0,True
2026-08-11,679529,824240,Spencer Torkelson,Detroit Tigers,Cleveland Guardians@Detroit Tigers,Tanner Bibee,Comerica Park,0.0,0.0,0.0,0.28,0.0,0.28,188,0.0,0.0,True
2026-08-11,668930,823264,Brice Turang,Milwaukee Brewers,Milwaukee Brewers@San Diego Padres,Walker Buehler,Petco Park,0.0,0.0,0.0,0.28,0.0,0.28,189,0.0,0.0,True
2026-08-11,702176,823673,Alan Roden,Minnesota Twins,Baltimore Orioles@Minnesota Twins,Brandon Young,Target Field,0.0,0.0,0.0,0.278,0.0,0.278,190,0.0,0.0,True
2026-08-11,671083,823186,Buddy Kennedy,San Francisco Giants,Houston Astros@San Francisco Giants,Hunter Brown,Oracle Park,0.0,0.0,0.0,0.278,0.0,0.278,191,0.0,0.0,True
2026-08-11,687597,825046,Jordan Beck,Colorado Rockies,Colorado Rockies@Arizona Diamondbacks,Mitch Bratt,Chase Field,0.0,0.0,0.0,0.277,0.0,0.277,192,0.0,0.0,True
2026-08-11,665804,822697,Miguel Amaya,Chicago Cubs,Chicago Cubs@Washington Nationals,Jake Irvin,Nationals Park,0.0,0.0,0.0,0.276,0.0,0.276,193,0.0,0.0,True
2026-08-11,701852,823186,Drew Cavanaugh,San Francisco Giants,Houston Astros@San Francisco Giants,Hunter Brown,Oracle Park,0.0,0.0,0.0,0.276,0.0,0.276,194,0.0,0.0,True
2026-08-11,641680,824970,Jonah Heim,Athletics,Tampa Bay Rays@Athletics,Nick Martinez,Sutter Health Park,0.0,0.0,0.0,0.275,0.0,0.275,195,0.0,0.0,True
2026-08-11,681624,823917,Andy Pages,Los Angeles Dodgers,Kansas City Royals@Los Angeles Dodgers,Michael Wacha,UNIQLO Field at Dodger Stadium,0.0,0.0,0.0,0.275,0.0,0.275,196,0.0,0.0,True
2026-08-11,686681,823917,Michael Massey,Kansas City Royals,Kansas City Royals@Los Angeles Dodgers,Blake Snell,UNIQLO Field at Dodger Stadium,0.0,0.0,0.0,0.275,0.0,0.275,197,0.0,0.0,True
2026-08-11,666139,823997,Josh Lowe,Los Angeles Angels,Texas Rangers@Los Angeles Angels,Cody Bradford,Angel Stadium,-0.4474,0.0,0.0,0.496,-0.4474,0.2741,198,0.0,0.0,True
2026-08-11,682927,823832,Ronny Simon,Pittsburgh Pirates,Pittsburgh Pirates@Miami Marlins,Eury Pérez,loanDepot park,0.0,0.0,0.0,0.273,0.0,0.273,199,0.0,0.0,True
2026-08-11,691011,824563,Drew Romo,Chicago White Sox,Cincinnati Reds@Chicago White Sox,Nick Lodolo,Rate Field,0.0,0.0,0.0,0.271,0.0,0.271,200,0.0,0.0,True
2026-08-11,518595,823997,Travis d'Arnaud,Los Angeles Angels,Texas Rangers@Los Angeles Angels,Cody Bradford,Angel Stadium,-0.2961,0.0,0.0,0.385,-0.2961,0.271,201,0.0,0.0,True
2026-08-11,642215,823512,Weston Wilson,Seattle Mariners,Seattle Mariners@New York Yankees,Ryan Weathers,Yankee Stadium,0.0,0.0,0.0,0.27,0.0,0.27,202,0.0,0.0,True
2026-08-11,802139,823019,JJ Wetherholt,St. Louis Cardinals,Philadelphia Phillies@St. Louis Cardinals,Cristopher Sánchez,Busch Stadium,0.0,0.0,0.0,0.27,0.0,0.27,203,0.0,0.0,True
2026-08-11,669720,823264,Austin Hays,San Diego Padres,Milwaukee Brewers@San Diego Padres,Kyle Harrison,Petco Park,0.0,0.0,0.0,0.27,0.0,0.27,204,0.0,0.0,True
2026-08-11,650859,823264,Luis Rengifo,San Diego Padres,Milwaukee Brewers@San Diego Padres,Kyle Harrison,Petco Park,0.0,0.0,0.0,0.27,0.0,0.27,205,1.0,1.0,True
2026-08-11,500743,823917,Miguel Rojas,Los Angeles Dodgers,Kansas City Royals@Los Angeles Dodgers,Michael Wacha,UNIQLO Field at Dodger Stadium,0.0,0.0,0.0,0.269,0.0,0.269,206,0.0,0.0,True
2026-08-11,691373,823832,Jhostynxon Garcia,Pittsburgh Pirates,Pittsburgh Pirates@Miami Marlins,Eury Pérez,loanDepot park,0.0,0.0,0.0,0.268,0.0,0.268,207,0.0,0.0,True
2026-08-11,663757,823512,Trent Grisham,New York Yankees,Seattle Mariners@New York Yankees,Bryan Woo,Yankee Stadium,0.0,0.0,0.0,0.265,0.0,0.265,208,0.0,0.0,True
2026-08-11,647304,823512,Josh Naylor,Seattle Mariners,Seattle Mariners@New York Yankees,Ryan Weathers,Yankee Stadium,0.0,0.0,0.0,0.265,0.0,0.265,209,0.0,0.0,True
2026-08-11,664034,823264,Ty France,San Diego Padres,Milwaukee Brewers@San Diego Padres,Kyle Harrison,Petco Park,0.0,0.0,0.0,0.265,0.0,0.265,210,0.0,0.0,True
2026-08-11,701162,824240,Ben Malgeri,Detroit Tigers,Cleveland Guardians@Detroit Tigers,Tanner Bibee,Comerica Park,0.0,0.0,0.0,0.264,0.0,0.264,211,0.0,0.0,True
2026-08-11,543807,822778,George Springer,Toronto Blue Jays,Boston Red Sox@Toronto Blue Jays,Patrick Sandoval,Rogers Centre,0.0,0.0,0.0,0.261,0.0,0.261,212,0.0,0.0,True
2026-08-11,702332,822778,Caleb Durbin,Boston Red Sox,Boston Red Sox@Toronto Blue Jays,Dylan Cease,Rogers Centre,0.0,0.0,0.0,0.261,0.0,0.261,213,0.0,0.0,True
2026-08-11,682998,825046,Corbin Carroll,Arizona Diamondbacks,Colorado Rockies@Arizona Diamondbacks,Tomoyuki Sugano,Chase Field,0.0,0.0,0.0,0.261,0.0,0.261,214,1.0,1.0,True
2026-08-11,694374,825046,Tim Tawa,Arizona Diamondbacks,Colorado Rockies@Arizona Diamondbacks,Tomoyuki Sugano,Chase Field,0.0,0.0,0.0,0.261,0.0,0.261,215,0.0,0.0,True
2026-08-11,605141,823917,Mookie Betts,Los Angeles Dodgers,Kansas City Royals@Los Angeles Dodgers,Michael Wacha,UNIQLO Field at Dodger Stadium,0.0,0.0,0.0,0.261,0.0,0.261,216,1.0,1.0,True
2026-08-11,686668,824563,Brenton Doyle,Chicago White Sox,Cincinnati Reds@Chicago White Sox,Nick Lodolo,Rate Field,0.0,0.0,0.0,0.259,0.0,0.259,217,1.0,1.0,True
2026-08-11,663586,824886,Austin Riley,Atlanta Braves,New York Mets@Atlanta Braves,Nolan McLean,Truist Park,-0.3953,0.0,0.0,0.427,-0.3953,0.2582,218,0.0,0.0,True
2026-08-11,650968,823673,Yohel Pozo,Baltimore Orioles,Baltimore Orioles@Minnesota Twins,Bailey Ober,Target Field,0.0,0.0,0.0,0.257,0.0,0.257,219,0.0,0.0,True
2026-08-11,686948,824886,Drake Baldwin,Atlanta Braves,New York Mets@Atlanta Braves,Nolan McLean,Truist Park,0.0,0.0,0.0,0.256,0.0,0.256,220,0.0,0.0,True
2026-08-11,700337,824563,Edgar Quero,Chicago White Sox,Cincinnati Reds@Chicago White Sox,Nick Lodolo,Rate Field,0.0,0.0,0.0,0.256,0.0,0.256,221,1.0,1.0,True
2026-08-11,678489,825046,Jorge Barrosa,Arizona Diamondbacks,Colorado Rockies@Arizona Diamondbacks,Tomoyuki Sugano,Chase Field,0.0,0.0,0.0,0.256,0.0,0.256,222,0.0,0.0,True
2026-08-11,700246,824970,Carson Williams,Tampa Bay Rays,Tampa Bay Rays@Athletics,Mason Barnett,Sutter Health Park,0.0,0.0,0.0,0.255,0.0,0.255,223,1.0,1.0,True
2026-08-11,657136,822778,Connor Wong,Boston Red Sox,Boston Red Sox@Toronto Blue Jays,Dylan Cease,Rogers Centre,0.0,0.0,0.0,0.253,0.0,0.253,224,0.0,0.0,True
2026-08-11,805779,824970,Jacob Wilson,Athletics,Tampa Bay Rays@Athletics,Nick Martinez,Sutter Health Park,0.0,0.0,0.0,0.252,0.0,0.252,225,0.0,0.0,True
2026-08-11,683766,823186,Christian Koss,San Francisco Giants,Houston Astros@San Francisco Giants,Hunter Brown,Oracle Park,0.0,0.0,0.0,0.249,0.0,0.249,226,0.0,0.0,True
2026-08-11,656555,824240,Rhys Hoskins,Cleveland Guardians,Cleveland Guardians@Detroit Tigers,Drew Anderson,Comerica Park,0.0,0.0,0.0,0.248,0.0,0.248,227,0.0,0.0,True
2026-08-11,621438,822697,Tyrone Taylor,Chicago Cubs,Chicago Cubs@Washington Nationals,Jake Irvin,Nationals Park,0.0,0.0,0.0,0.248,0.0,0.248,228,0.0,0.0,True
2026-08-11,645305,823512,Ali Sánchez,New York Yankees,Seattle Mariners@New York Yankees,Bryan Woo,Yankee Stadium,0.0,0.0,0.0,0.248,0.0,0.248,229,0.0,0.0,True
2026-08-11,660821,822778,Jesús Sánchez,Toronto Blue Jays,Boston Red Sox@Toronto Blue Jays,Patrick Sandoval,Rogers Centre,0.0,0.0,0.0,0.248,0.0,0.248,230,0.0,0.0,True
2026-08-11,665966,823673,Carlos Narváez,Baltimore Orioles,Baltimore Orioles@Minnesota Twins,Bailey Ober,Target Field,0.0,0.0,0.0,0.248,0.0,0.248,231,0.0,0.0,True
2026-08-11,624641,823019,Edmundo Sosa,Philadelphia Phillies,Philadelphia Phillies@St. Louis Cardinals,Andre Pallante,Busch Stadium,-0.504,0.0,0.0,0.496,-0.504,0.246,232,0.0,0.0,True
2026-08-11,656577,823673,Alex Jackson,Minnesota Twins,Baltimore Orioles@Minnesota Twins,Brandon Young,Target Field,0.0,0.0,0.0,0.245,0.0,0.245,233,0.0,0.0,True
2026-08-11,650490,824970,Yandy Díaz,Tampa Bay Rays,Tampa Bay Rays@Athletics,Mason Barnett,Sutter Health Park,0.0,0.0,0.0,0.244,0.0,0.244,234,1.0,1.0,True
2026-08-11,680977,823512,Brendan Donovan,Seattle Mariners,Seattle Mariners@New York Yankees,Ryan Weathers,Yankee Stadium,0.0,0.0,0.0,0.241,0.0,0.241,235,0.0,0.0,True
2026-08-11,670770,824563,TJ Friedl,Cincinnati Reds,Cincinnati Reds@Chicago White Sox,Sean Burke,Rate Field,0.0,0.0,0.0,0.24,0.0,0.24,236,0.0,0.0,True
2026-08-11,596117,823019,Garrett Stubbs,Philadelphia Phillies,Philadelphia Phillies@St. Louis Cardinals,Andre Pallante,Busch Stadium,0.0,0.0,0.0,0.24,0.0,0.24,237,0.0,0.0,True
2026-08-11,672515,825046,Gabriel Moreno,Arizona Diamondbacks,Colorado Rockies@Arizona Diamondbacks,Tomoyuki Sugano,Chase Field,0.0,0.0,0.0,0.24,0.0,0.24,238,0.0,0.0,True
2026-08-11,678662,825046,Ezequiel Tovar,Colorado Rockies,Colorado Rockies@Arizona Diamondbacks,Mitch Bratt,Chase Field,0.0,0.0,0.0,0.24,0.0,0.24,239,0.0,0.0,True
2026-08-11,823550,823264,Sung-Mun Song,San Diego Padres,Milwaukee Brewers@San Diego Padres,Kyle Harrison,Petco Park,0.0,0.0,0.0,0.24,0.0,0.24,240,0.0,0.0,True
2026-08-11,595978,824240,Austin Hedges,Cleveland Guardians,Cleveland Guardians@Detroit Tigers,Drew Anderson,Comerica Park,0.0,0.0,0.0,0.237,0.0,0.237,241,0.0,0.0,True
2026-08-11,676609,823512,José Caballero,New York Yankees,Seattle Mariners@New York Yankees,Bryan Woo,Yankee Stadium,0.0,0.0,0.0,0.233,0.0,0.233,242,0.0,0.0,True
2026-08-11,702284,823512,Cole Young,Seattle Mariners,Seattle Mariners@New York Yankees,Ryan Weathers,Yankee Stadium,0.0,0.0,0.0,0.23,0.0,0.23,243,0.0,0.0,True
2026-08-11,672695,825046,Geraldo Perdomo,Arizona Diamondbacks,Colorado Rockies@Arizona Diamondbacks,Tomoyuki Sugano,Chase Field,0.0,0.0,0.0,0.23,0.0,0.23,244,0.0,0.0,True
2026-08-11,688363,823832,Graham Pauley,Miami Marlins,Pittsburgh Pirates@Miami Marlins,Paul Skenes,loanDepot park,0.0,0.0,0.0,0.226,0.0,0.226,245,0.0,0.0,True
2026-08-11,805300,823832,Jakob Marsee,Miami Marlins,Pittsburgh Pirates@Miami Marlins,Paul Skenes,loanDepot park,0.0,0.0,0.0,0.226,0.0,0.226,246,0.0,0.0,True
2026-08-11,641857,823512,Ryan McMahon,New York Yankees,Seattle Mariners@New York Yankees,Bryan Woo,Yankee Stadium,0.0,0.0,0.0,0.226,0.0,0.226,247,0.0,0.0,True
2026-08-11,687093,823997,Vaughn Grissom,Los Angeles Angels,Texas Rangers@Los Angeles Angels,Cody Bradford,Angel Stadium,-0.2961,0.0,0.0,0.321,-0.296,0.226,248,0.0,0.0,True
2026-08-11,624431,824563,Jose Trevino,Cincinnati Reds,Cincinnati Reds@Chicago White Sox,Sean Burke,Rate Field,0.0,0.0,0.0,0.225,0.0,0.225,249,0.0,0.0,True
2026-08-11,677592,823019,Everson Pereira,St. Louis Cardinals,Philadelphia Phillies@St. Louis Cardinals,Cristopher Sánchez,Busch Stadium,-0.504,0.0,0.0,0.452,-0.504,0.2242,250,1.0,1.0,True
2026-08-11,683737,822697,Michael Busch,Chicago Cubs,Chicago Cubs@Washington Nationals,Jake Irvin,Nationals Park,0.0,0.0,0.0,0.223,0.0,0.223,251,0.0,0.0,True
2026-08-11,640902,823512,Jhonny Pereda,Seattle Mariners,Seattle Mariners@New York Yankees,Ryan Weathers,Yankee Stadium,0.0,0.0,0.0,0.22,0.0,0.22,252,0.0,0.0,True
2026-08-11,663647,824563,Ke'Bryan Hayes,Cincinnati Reds,Cincinnati Reds@Chicago White Sox,Sean Burke,Rate Field,0.0,0.0,0.0,0.214,0.0,0.214,253,0.0,0.0,True
2026-08-11,672356,824886,Gabriel Arias,New York Mets,New York Mets@Atlanta Braves,Martín Pérez,Truist Park,-0.3953,0.0,0.0,0.347,-0.3954,0.2098,254,0.0,0.0,True
2026-08-11,596146,825046,Max Kepler,Arizona Diamondbacks,Colorado Rockies@Arizona Diamondbacks,Tomoyuki Sugano,Chase Field,0.0,0.0,0.0,0.208,0.0,0.208,255,0.0,0.0,True
2026-08-11,699393,822697,Pedro Ramírez,Chicago Cubs,Chicago Cubs@Washington Nationals,Jake Irvin,Nationals Park,0.0,0.0,0.0,0.197,0.0,0.197,256,0.0,0.0,True
2026-08-11,502671,823512,Paul Goldschmidt,New York Yankees,Seattle Mariners@New York Yankees,Bryan Woo,Yankee Stadium,0.0,0.0,0.0,0.197,0.0,0.197,257,0.0,0.0,True
2026-08-11,664954,825046,Brett Sullivan,Colorado Rockies,Colorado Rockies@Arizona Diamondbacks,Mitch Bratt,Chase Field,0.0,0.0,0.0,0.197,0.0,0.197,258,0.0,0.0,True
2026-08-11,696285,822697,Jacob Young,Washington Nationals,Chicago Cubs@Washington Nationals,Shota Imanaga,Nationals Park,0.0,0.0,0.0,0.192,0.0,0.192,259,1.0,1.0,True
2026-08-11,678011,822778,Anthony Seigler,Boston Red Sox,Boston Red Sox@Toronto Blue Jays,Dylan Cease,Rogers Centre,0.0,0.0,0.0,0.192,0.0,0.192,260,0.0,0.0,True
2026-08-11,681393,825046,Connor Norby,Colorado Rockies,Colorado Rockies@Arizona Diamondbacks,Mitch Bratt,Chase Field,0.0,0.0,0.0,0.192,0.0,0.192,261,0.0,0.0,True
2026-08-11,666126,824970,Carlos Cortes,Athletics,Tampa Bay Rays@Athletics,Nick Martinez,Sutter Health Park,0.0,0.0,0.0,0.192,0.0,0.192,262,0.0,0.0,True
2026-08-11,669397,823186,Nick Allen,Houston Astros,Houston Astros@San Francisco Giants,Carson Whisenhunt,Oracle Park,0.0,0.0,0.0,0.191,0.0,0.191,263,0.0,0.0,True
2026-08-11,656537,823019,Derek Hill,Philadelphia Phillies,Philadelphia Phillies@St. Louis Cardinals,Andre Pallante,Busch Stadium,-0.504,0.0,0.0,0.384,-0.5039,0.1905,264,0.0,0.0,True
2026-08-11,608348,822697,Carson Kelly,Chicago Cubs,Chicago Cubs@Washington Nationals,Jake Irvin,Nationals Park,0.0,0.0,0.0,0.188,0.0,0.188,265,0.0,0.0,True
2026-08-11,805811,823186,Bryce Eldridge,San Francisco Giants,Houston Astros@San Francisco Giants,Hunter Brown,Oracle Park,0.0,0.0,0.0,0.188,0.0,0.188,266,1.0,1.0,True
2026-08-11,665506,824886,Cristian Pache,New York Mets,New York Mets@Atlanta Braves,Martín Pérez,Truist Park,-0.3953,0.0,0.0,0.305,-0.3954,0.1844,267,0.0,0.0,True
2026-08-11,643446,824970,Jeff McNeil,Athletics,Tampa Bay Rays@Athletics,Nick Martinez,Sutter Health Park,0.0,0.0,0.0,0.183,0.0,0.183,268,0.0,0.0,True
2026-08-11,642851,823997,Austin Wynns,Texas Rangers,Texas Rangers@Los Angeles Angels,Ryan Johnson,Angel Stadium,-0.2961,0.0,0.0,0.257,-0.2961,0.1809,269,0.0,0.0,True
2026-08-11,694203,823997,Denzer Guzman,Los Angeles Angels,Texas Rangers@Los Angeles Angels,Cody Bradford,Angel Stadium,-0.2961,0.0,0.0,0.256,-0.2961,0.1802,270,0.0,0.0,True
2026-08-11,553869,823997,Elias Díaz,Texas Rangers,Texas Rangers@Los Angeles Angels,Ryan Johnson,Angel Stadium,-0.2961,0.0,0.0,0.256,-0.2961,0.1802,271,0.0,0.0,True
2026-08-11,679822,823997,Justin Foscue,Texas Rangers,Texas Rangers@Los Angeles Angels,Ryan Johnson,Angel Stadium,-0.2961,0.0,0.0,0.256,-0.2961,0.1802,272,0.0,0.0,True
2026-08-11,806068,823512,Colt Emerson,Seattle Mariners,Seattle Mariners@New York Yankees,Ryan Weathers,Yankee Stadium,0.0,0.0,0.0,0.179,0.0,0.179,273,0.0,0.0,True
2026-08-11,702616,823673,Jackson Holliday,Baltimore Orioles,Baltimore Orioles@Minnesota Twins,Bailey Ober,Target Field,0.0,0.0,0.0,0.175,0.0,0.175,274,0.0,0.0,True
2026-08-11,608369,823997,Corey Seager,Texas Rangers,Texas Rangers@Los Angeles Angels,Ryan Johnson,Angel Stadium,-0.4474,0.0,0.0,0.314,-0.4475,0.1735,275,0.0,0.0,True
2026-08-11,676724,824886,Jared Young,New York Mets,New York Mets@Atlanta Braves,Martín Pérez,Truist Park,0.0,0.0,0.0,0.171,0.0,0.171,276,0.0,0.0,True
2026-08-11,669221,824886,Sean Murphy,Atlanta Braves,New York Mets@Atlanta Braves,Nolan McLean,Truist Park,-0.3953,0.0,0.0,0.278,-0.3953,0.1681,277,0.0,0.0,True
2026-08-11,683953,824240,Travis Bazzana,Cleveland Guardians,Cleveland Guardians@Detroit Tigers,Drew Anderson,Comerica Park,0.0,0.0,0.0,0.167,0.0,0.167,278,0.0,0.0,True
2026-08-11,671218,823512,Heliot Ramos,New York Yankees,Seattle Mariners@New York Yankees,Bryan Woo,Yankee Stadium,0.0,0.0,0.0,0.164,0.0,0.164,279,0.0,0.0,True
2026-08-11,665926,822778,Andrés Giménez,Toronto Blue Jays,Boston Red Sox@Toronto Blue Jays,Patrick Sandoval,Rogers Centre,0.0,0.0,0.0,0.164,0.0,0.164,280,0.0,0.0,True
2026-08-11,683002,823673,Gunnar Henderson,Baltimore Orioles,Baltimore Orioles@Minnesota Twins,Bailey Ober,Target Field,0.0,0.0,0.0,0.164,0.0,0.164,281,1.0,1.0,True
2026-08-11,695731,824563,Braden Montgomery,Chicago White Sox,Cincinnati Reds@Chicago White Sox,Nick Lodolo,Rate Field,0.0,0.0,0.0,0.164,0.0,0.164,282,0.0,0.0,True
2026-08-11,694249,825046,Cole Carrigg,Colorado Rockies,Colorado Rockies@Arizona Diamondbacks,Mitch Bratt,Chase Field,0.0,0.0,0.0,0.164,0.0,0.164,283,0.0,0.0,True
2026-08-11,686555,823917,Isaac Collins,Kansas City Royals,Kansas City Royals@Los Angeles Dodgers,Blake Snell,UNIQLO Field at Dodger Stadium,0.0,0.0,0.0,0.164,0.0,0.164,284,0.0,0.0,True
2026-08-11,650559,823019,Bryan De La Cruz,Philadelphia Phillies,Philadelphia Phillies@St. Louis Cardinals,Andre Pallante,Busch Stadium,-0.504,0.0,0.0,0.323,-0.504,0.1602,285,0.0,0.0,True
2026-08-11,701675,823019,Nathan Church,St. Louis Cardinals,Philadelphia Phillies@St. Louis Cardinals,Cristopher Sánchez,Busch Stadium,0.0,0.0,0.0,0.16,0.0,0.16,286,0.0,0.0,True
2026-08-11,592885,823264,Christian Yelich,Milwaukee Brewers,Milwaukee Brewers@San Diego Padres,Walker Buehler,Petco Park,0.0,0.0,0.0,0.16,0.0,0.16,287,0.0,0.0,True
2026-08-11,669242,823917,Tommy Edman,Los Angeles Dodgers,Kansas City Royals@Los Angeles Dodgers,Michael Wacha,UNIQLO Field at Dodger Stadium,0.0,0.0,0.0,0.16,0.0,0.16,288,0.0,0.0,True
2026-08-11,679845,823917,Nick Loftin,Kansas City Royals,Kansas City Royals@Los Angeles Dodgers,Blake Snell,UNIQLO Field at Dodger Stadium,0.0,0.0,0.0,0.16,0.0,0.16,289,0.0,0.0,True
2026-08-11,695508,823997,Cam Cauley,Texas Rangers,Texas Rangers@Los Angeles Angels,Ryan Johnson,Angel Stadium,-0.2961,0.0,0.0,0.226,-0.296,0.1591,290,0.0,0.0,True
2026-08-11,655316,822778,Andruw Monasterio,Boston Red Sox,Boston Red Sox@Toronto Blue Jays,Dylan Cease,Rogers Centre,0.0,0.0,0.0,0.157,0.0,0.157,291,0.0,0.0,True
2026-08-11,673490,824886,Ha-Seong Kim,Atlanta Braves,New York Mets@Atlanta Braves,Nolan McLean,Truist Park,-0.3953,0.0,0.0,0.257,-0.3953,0.1554,292,0.0,0.0,True
2026-08-11,593871,824886,Jorge Polanco,New York Mets,New York Mets@Atlanta Braves,Martín Pérez,Truist Park,-0.3953,0.0,0.0,0.256,-0.3953,0.1548,293,0.0,0.0,True
2026-08-11,620443,824886,Luis Torrens,New York Mets,New York Mets@Atlanta Braves,Martín Pérez,Truist Park,-0.3953,0.0,0.0,0.256,-0.3953,0.1548,294,0.0,0.0,True
2026-08-11,668804,823832,Bryan Reynolds,Pittsburgh Pirates,Pittsburgh Pirates@Miami Marlins,Eury Pérez,loanDepot park,0.0,0.0,0.0,0.154,0.0,0.154,295,0.0,0.0,True
2026-08-11,681082,823019,Bryson Stott,Philadelphia Phillies,Philadelphia Phillies@St. Louis Cardinals,Andre Pallante,Busch Stadium,0.0,0.0,0.0,0.151,0.0,0.151,296,0.0,0.0,True
2026-08-11,665489,822778,Vladimir Guerrero Jr.,Toronto Blue Jays,Boston Red Sox@Toronto Blue Jays,Patrick Sandoval,Rogers Centre,0.0,0.0,0.0,0.148,0.0,0.148,297,0.0,0.0,True
2026-08-11,807799,822778,Masataka Yoshida,Boston Red Sox,Boston Red Sox@Toronto Blue Jays,Dylan Cease,Rogers Centre,0.0,0.0,0.0,0.148,0.0,0.148,298,0.0,0.0,True
2026-08-11,662139,823186,Daulton Varsho,Houston Astros,Houston Astros@San Francisco Giants,Carson Whisenhunt,Oracle Park,0.0,0.0,0.0,0.148,0.0,0.148,299,0.0,0.0,True
2026-08-11,621020,822697,Dansby Swanson,Chicago Cubs,Chicago Cubs@Washington Nationals,Jake Irvin,Nationals Park,0.0,0.0,0.0,0.145,0.0,0.145,300,0.0,0.0,True
2026-08-11,803011,824563,Sam Antonacci,Chicago White Sox,Cincinnati Reds@Chicago White Sox,Nick Lodolo,Rate Field,0.0,0.0,0.0,0.145,0.0,0.145,301,0.0,0.0,True
2026-08-11,661388,823264,William Contreras,Milwaukee Brewers,Milwaukee Brewers@San Diego Padres,Walker Buehler,Petco Park,0.0,0.0,0.0,0.145,0.0,0.145,302,0.0,0.0,True
2026-08-11,666018,824970,Jonathan Aranda,Tampa Bay Rays,Tampa Bay Rays@Athletics,Mason Barnett,Sutter Health Park,0.0,0.0,0.0,0.142,0.0,0.142,303,0.0,0.0,True
2026-08-11,800050,824240,Chase DeLauter,Cleveland Guardians,Cleveland Guardians@Detroit Tigers,Drew Anderson,Comerica Park,0.0,0.0,0.0,0.14,0.0,0.14,304,1.0,1.0,True
2026-08-11,669016,823019,Brandon Marsh,Philadelphia Phillies,Philadelphia Phillies@St. Louis Cardinals,Andre Pallante,Busch Stadium,0.0,0.0,0.0,0.14,0.0,0.14,305,0.0,0.0,True
2026-08-11,663968,823832,Jake Mangum,Pittsburgh Pirates,Pittsburgh Pirates@Miami Marlins,Eury Pérez,loanDepot park,0.0,0.0,0.0,0.137,0.0,0.137,306,0.0,0.0,True
2026-08-11,672284,823997,Jarred Kelenic,Texas Rangers,Texas Rangers@Los Angeles Angels,Ryan Johnson,Angel Stadium,-0.4474,0.0,0.0,0.248,-0.4476,0.137,307,0.0,0.0,True
2026-08-11,691594,823832,Javier Sanoja,Miami Marlins,Pittsburgh Pirates@Miami Marlins,Paul Skenes,loanDepot park,0.0,0.0,0.0,0.135,0.0,0.135,308,0.0,0.0,True
2026-08-11,664770,822778,Nathan Lukes,Toronto Blue Jays,Boston Red Sox@Toronto Blue Jays,Patrick Sandoval,Rogers Centre,0.0,0.0,0.0,0.133,0.0,0.133,309,0.0,0.0,True
2026-08-11,671056,823019,Iván Herrera,St. Louis Cardinals,Philadelphia Phillies@St. Louis Cardinals,Cristopher Sánchez,Busch Stadium,-0.504,0.0,0.0,0.265,-0.5042,0.1314,310,0.0,0.0,True
2026-08-11,665019,823673,Kody Clemens,Minnesota Twins,Baltimore Orioles@Minnesota Twins,Brandon Young,Target Field,0.0,0.0,0.0,0.13,0.0,0.13,311,0.0,0.0,True
2026-08-11,685133,823997,Wade Meckler,Los Angeles Angels,Texas Rangers@Los Angeles Angels,Cody Bradford,Angel Stadium,-0.4474,0.0,0.0,0.233,-0.4472,0.1288,312,0.0,0.0,True
2026-08-11,680757,824240,Steven Kwan,Cleveland Guardians,Cleveland Guardians@Detroit Tigers,Drew Anderson,Comerica Park,0.0,0.0,0.0,0.128,0.0,0.128,313,0.0,0.0,True
2026-08-11,514888,823186,Jose Altuve,Houston Astros,Houston Astros@San Francisco Giants,Carson Whisenhunt,Oracle Park,0.0,0.0,0.0,0.128,0.0,0.128,314,0.0,0.0,True
2026-08-11,686780,823019,Pedro Pagés,St. Louis Cardinals,Philadelphia Phillies@St. Louis Cardinals,Cristopher Sánchez,Busch Stadium,-0.504,0.0,0.0,0.256,-0.5039,0.127,315,0.0,0.0,True
2026-08-11,677587,824240,Brayan Rocchio,Cleveland Guardians,Cleveland Guardians@Detroit Tigers,Drew Anderson,Comerica Park,0.0,0.0,0.0,0.126,0.0,0.126,316,0.0,0.0,True
2026-08-11,545361,823997,Mike Trout,Los Angeles Angels,Texas Rangers@Los Angeles Angels,Cody Bradford,Angel Stadium,-0.2961,0.0,0.0,0.179,-0.2961,0.126,317,0.0,0.0,True
2026-08-11,624428,823997,Adam Frazier,Los Angeles Angels,Texas Rangers@Los Angeles Angels,Cody Bradford,Angel Stadium,-0.4474,0.0,0.0,0.222,-0.4473,0.1227,318,0.0,0.0,True
2026-08-11,664761,823019,Alec Bohm,Philadelphia Phillies,Philadelphia Phillies@St. Louis Cardinals,Andre Pallante,Busch Stadium,-0.504,0.0,0.0,0.244,-0.5041,0.121,319,0.0,0.0,True
2026-08-11,623168,823997,Tyler Heineman,Los Angeles Angels,Texas Rangers@Los Angeles Angels,Cody Bradford,Angel Stadium,-0.2961,0.0,0.0,0.17,-0.2959,0.1197,320,0.0,0.0,True
2026-08-11,694208,823997,Moisés Ballesteros,Los Angeles Angels,Texas Rangers@Los Angeles Angels,Cody Bradford,Angel Stadium,-0.4474,0.0,0.0,0.214,-0.4472,0.1183,321,0.0,0.0,True
2026-08-11,687263,823997,Zach Neto,Los Angeles Angels,Texas Rangers@Los Angeles Angels,Cody Bradford,Angel Stadium,-0.2961,0.0,0.0,0.167,-0.2958,0.1176,322,0.0,0.0,True
2026-08-11,650333,823019,Luis Arraez,Philadelphia Phillies,Philadelphia Phillies@St. Louis Cardinals,Andre Pallante,Busch Stadium,0.0,0.0,0.0,0.11,0.0,0.11,323,0.0,0.0,True
2026-08-11,693304,823832,Nick Gonzales,Pittsburgh Pirates,Pittsburgh Pirates@Miami Marlins,Eury Pérez,loanDepot park,0.0,0.0,0.0,0.107,0.0,0.107,324,0.0,0.0,True
2026-08-11,676391,822778,Ernie Clement,Toronto Blue Jays,Boston Red Sox@Toronto Blue Jays,Patrick Sandoval,Rogers Centre,0.0,0.0,0.0,0.107,0.0,0.107,325,0.0,0.0,True
2026-08-11,592663,823019,J.T. Realmuto,Philadelphia Phillies,Philadelphia Phillies@St. Louis Cardinals,Andre Pallante,Busch Stadium,-0.504,0.0,0.0,0.192,-0.5042,0.0952,326,0.0,0.0,True
2026-08-11,665877,823019,José Fermín,St. Louis Cardinals,Philadelphia Phillies@St. Louis Cardinals,Cristopher Sánchez,Busch Stadium,-0.504,0.0,0.0,0.167,-0.5042,0.0828,327,0.0,0.0,True
2026-08-11,666182,824886,Bo Bichette,New York Mets,New York Mets@Atlanta Braves,Martín Pérez,Truist Park,-0.3953,0.0,0.0,0.126,-0.3952,0.0762,328,0.0,0.0,True
2026-08-11,694384,823997,Nolan Schanuel,Los Angeles Angels,Texas Rangers@Los Angeles Angels,Cody Bradford,Angel Stadium,-0.4474,0.0,0.0,0.13,-0.4477,0.0718,329,0.0,0.0,True
2026-08-11,691023,823019,Jordan Walker,St. Louis Cardinals,Philadelphia Phillies@St. Louis Cardinals,Cristopher Sánchez,Busch Stadium,-0.504,0.0,0.0,0.135,-0.5037,0.067,330,0.0,0.0,True
2026-08-11,690993,824240,Colt Keith,Detroit Tigers,Cleveland Guardians@Detroit Tigers,Tanner Bibee,Comerica Park,0.0,0.0,0.0,0.0,0.0,0.0,331,0.0,0.0,True
2026-08-11,656716,824240,Zach McKinstry,Detroit Tigers,Cleveland Guardians@Detroit Tigers,Tanner Bibee,Comerica Park,0.0,0.0,0.0,0.0,0.0,0.0,332,0.0,0.0,True
2026-08-11,608070,824240,José Ramírez,Cleveland Guardians,Cleveland Guardians@Detroit Tigers,Drew Anderson,Comerica Park,0.0,0.0,0.0,0.0,0.0,0.0,333,0.0,0.0,True
2026-08-11,672640,823832,Otto Lopez,Miami Marlins,Pittsburgh Pirates@Miami Marlins,Paul Skenes,loanDepot park,0.0,0.0,0.0,0.0,0.0,0.0,334,0.0,0.0,True
2026-08-11,669364,823832,Xavier Edwards,Miami Marlins,Pittsburgh Pirates@Miami Marlins,Paul Skenes,loanDepot park,0.0,0.0,0.0,0.0,0.0,0.0,335,0.0,0.0,True
2026-08-11,669707,823832,Jared Triolo,Pittsburgh Pirates,Pittsburgh Pirates@Miami Marlins,Eury Pérez,loanDepot park,0.0,0.0,0.0,0.0,0.0,0.0,336,0.0,0.0,True
2026-08-11,678391,822697,Jorbit Vivas,Washington Nationals,Chicago Cubs@Washington Nationals,Shota Imanaga,Nationals Park,0.0,0.0,0.0,0.0,0.0,0.0,337,0.0,0.0,True
2026-08-11,660688,822697,Keibert Ruiz,Washington Nationals,Chicago Cubs@Washington Nationals,Shota Imanaga,Nationals Park,0.0,0.0,0.0,0.0,0.0,0.0,338,0.0,0.0,True
2026-08-11,683083,822697,Nasim Nuñez,Washington Nationals,Chicago Cubs@Washington Nationals,Shota Imanaga,Nationals Park,0.0,0.0,0.0,0.0,0.0,0.0,339,0.0,0.0,True
2026-08-11,660844,823512,Leo Rivas,Seattle Mariners,Seattle Mariners@New York Yankees,Ryan Weathers,Yankee Stadium,0.0,0.0,0.0,0.0,0.0,0.0,340,0.0,0.0,True
2026-08-11,621493,823512,Taylor Ward,Seattle Mariners,Seattle Mariners@New York Yankees,Ryan Weathers,Yankee Stadium,0.0,0.0,0.0,0.0,0.0,0.0,341,0.0,0.0,True
2026-08-11,645302,823512,Victor Robles,Seattle Mariners,Seattle Mariners@New York Yankees,Ryan Weathers,Yankee Stadium,0.0,0.0,0.0,0.0,0.0,0.0,342,0.0,0.0,True
2026-08-11,669701,822778,Josh Smith,Toronto Blue Jays,Boston Red Sox@Toronto Blue Jays,Patrick Sandoval,Rogers Centre,0.0,0.0,0.0,0.0,0.0,0.0,343,0.0,0.0,True
2026-08-11,664702,822778,Myles Straw,Toronto Blue Jays,Boston Red Sox@Toronto Blue Jays,Patrick Sandoval,Rogers Centre,0.0,0.0,0.0,0.0,0.0,0.0,344,0.0,0.0,True
2026-08-11,668939,822778,Adley Rutschman,Boston Red Sox,Boston Red Sox@Toronto Blue Jays,Dylan Cease,Rogers Centre,0.0,0.0,0.0,0.0,0.0,0.0,345,0.0,0.0,True
2026-08-11,686765,822778,Nick Sogard,Boston Red Sox,Boston Red Sox@Toronto Blue Jays,Dylan Cease,Rogers Centre,0.0,0.0,0.0,0.0,0.0,0.0,346,0.0,0.0,True
2026-08-11,642086,824886,Dominic Smith,Atlanta Braves,New York Mets@Atlanta Braves,Nolan McLean,Truist Park,0.0,0.0,0.0,0.0,0.0,0.0,347,0.0,0.0,True
2026-08-11,805347,824886,Jim Jarvis,Atlanta Braves,New York Mets@Atlanta Braves,Nolan McLean,Truist Park,0.0,0.0,0.0,0.0,0.0,0.0,348,0.0,0.0,True
2026-08-11,643289,824886,Mauricio Dubón,Atlanta Braves,New York Mets@Atlanta Braves,Nolan McLean,Truist Park,-0.3953,0.0,0.0,0.0,0.0,0.0,349,0.0,0.0,True
2026-08-11,805999,824886,A.J. Ewing,New York Mets,New York Mets@Atlanta Braves,Martín Pérez,Truist Park,0.0,0.0,0.0,0.0,0.0,0.0,350,0.0,0.0,True
2026-08-11,668885,823673,Austin Martin,Minnesota Twins,Baltimore Orioles@Minnesota Twins,Brandon Young,Target Field,0.0,0.0,0.0,0.0,0.0,0.0,351,0.0,0.0,True
2026-08-11,668952,823673,Ryan Kreidler,Minnesota Twins,Baltimore Orioles@Minnesota Twins,Brandon Young,Target Field,0.0,0.0,0.0,0.0,0.0,0.0,352,0.0,0.0,True
2026-08-11,605170,823673,Victor Caratini,Minnesota Twins,Baltimore Orioles@Minnesota Twins,Brandon Young,Target Field,0.0,0.0,0.0,0.0,0.0,0.0,353,0.0,0.0,True
2026-08-11,687637,823673,Dylan Beavers,Baltimore Orioles,Baltimore Orioles@Minnesota Twins,Bailey Ober,Target Field,0.0,0.0,0.0,0.0,0.0,0.0,354,0.0,0.0,True
2026-08-11,669236,823673,Jeremiah Jackson,Baltimore Orioles,Baltimore Orioles@Minnesota Twins,Bailey Ober,Target Field,0.0,0.0,0.0,0.0,0.0,0.0,355,0.0,0.0,True
2026-08-11,682668,824563,Luisangel Acuña,Chicago White Sox,Cincinnati Reds@Chicago White Sox,Nick Lodolo,Rate Field,0.0,0.0,0.0,0.0,0.0,0.0,356,0.0,0.0,True
2026-08-11,671976,824563,Tristan Peters,Chicago White Sox,Cincinnati Reds@Chicago White Sox,Nick Lodolo,Rate Field,0.0,0.0,0.0,0.0,0.0,0.0,357,0.0,0.0,True
2026-08-11,667472,824563,Dane Myers,Cincinnati Reds,Cincinnati Reds@Chicago White Sox,Sean Burke,Rate Field,0.0,0.0,0.0,0.0,0.0,0.0,358,0.0,0.0,True
2026-08-11,682622,824563,Noelvi Marte,Cincinnati Reds,Cincinnati Reds@Chicago White Sox,Sean Burke,Rate Field,0.0,0.0,0.0,0.0,0.0,0.0,359,0.0,0.0,True
2026-08-11,691458,823019,Blaze Jordan,St. Louis Cardinals,Philadelphia Phillies@St. Louis Cardinals,Cristopher Sánchez,Busch Stadium,-0.504,0.0,0.0,0.0,0.0,0.0,360,0.0,0.0,True
2026-08-11,691026,823019,Masyn Winn,St. Louis Cardinals,Philadelphia Phillies@St. Louis Cardinals,Cristopher Sánchez,Busch Stadium,-0.504,0.0,0.0,0.0,0.0,0.0,361,0.0,0.0,True
2026-08-11,702222,823019,Justin Crawford,Philadelphia Phillies,Philadelphia Phillies@St. Louis Cardinals,Andre Pallante,Busch Stadium,0.0,0.0,0.0,0.0,0.0,0.0,362,0.0,0.0,True
2026-08-11,672724,823997,Oswald Peraza,Los Angeles Angels,Texas Rangers@Los Angeles Angels,Cody Bradford,Angel Stadium,-0.2961,0.0,0.0,0.0,0.0,0.0,363,0.0,0.0,True
2026-08-11,694497,823997,Evan Carter,Texas Rangers,Texas Rangers@Los Angeles Angels,Ryan Johnson,Angel Stadium,-0.4474,0.0,0.0,0.0,0.0,0.0,364,0.0,0.0,True
2026-08-11,670032,823997,Nicky Lopez,Texas Rangers,Texas Rangers@Los Angeles Angels,Ryan Johnson,Angel Stadium,-0.4474,0.0,0.0,0.0,0.0,0.0,365,0.0,0.0,True
2026-08-11,545121,825046,Ildemaro Vargas,Arizona Diamondbacks,Colorado Rockies@Arizona Diamondbacks,Tomoyuki Sugano,Chase Field,0.0,0.0,0.0,0.0,0.0,0.0,366,0.0,0.0,True
2026-08-11,663457,825046,Lars Nootbaar,Arizona Diamondbacks,Colorado Rockies@Arizona Diamondbacks,Tomoyuki Sugano,Chase Field,0.0,0.0,0.0,0.0,0.0,0.0,367,0.0,0.0,True
2026-08-11,691720,825046,Kyle Karros,Colorado Rockies,Colorado Rockies@Arizona Diamondbacks,Mitch Bratt,Chase Field,0.0,0.0,0.0,0.0,0.0,0.0,368,1.0,1.0,True
2026-08-11,681198,825046,TJ Rumfield,Colorado Rockies,Colorado Rockies@Arizona Diamondbacks,Mitch Bratt,Chase Field,0.0,0.0,0.0,0.0,0.0,0.0,369,0.0,0.0,True
2026-08-11,687859,825046,Troy Johnston,Colorado Rockies,Colorado Rockies@Arizona Diamondbacks,Mitch Bratt,Chase Field,0.0,0.0,0.0,0.0,0.0,0.0,370,0.0,0.0,True
2026-08-11,675961,824970,Alika Williams,Athletics,Tampa Bay Rays@Athletics,Nick Martinez,Sutter Health Park,0.0,0.0,0.0,0.0,0.0,0.0,371,0.0,0.0,True
2026-08-11,695720,824970,Tommy White,Athletics,Tampa Bay Rays@Athletics,Nick Martinez,Sutter Health Park,0.0,0.0,0.0,0.0,0.0,0.0,372,0.0,0.0,True
2026-08-11,802415,824970,Chandler Simpson,Tampa Bay Rays,Tampa Bay Rays@Athletics,Mason Barnett,Sutter Health Park,0.0,0.0,0.0,0.0,0.0,0.0,373,0.0,0.0,True
2026-08-11,670764,824970,Taylor Walls,Tampa Bay Rays,Tampa Bay Rays@Athletics,Mason Barnett,Sutter Health Park,0.0,0.0,0.0,0.0,0.0,0.0,374,1.0,2.0,True
2026-08-11,666023,823264,Freddy Fermin,San Diego Padres,Milwaukee Brewers@San Diego Padres,Kyle Harrison,Petco Park,0.0,0.0,0.0,0.0,0.0,0.0,375,0.0,0.0,True
2026-08-11,657757,823264,Gavin Sheets,San Diego Padres,Milwaukee Brewers@San Diego Padres,Kyle Harrison,Petco Park,0.0,0.0,0.0,0.0,0.0,0.0,376,0.0,0.0,True
2026-08-11,630105,823264,Jake Cronenworth,San Diego Padres,Milwaukee Brewers@San Diego Padres,Kyle Harrison,Petco Park,0.0,0.0,0.0,0.0,0.0,0.0,377,0.0,0.0,True
2026-08-11,669134,823264,Luis Campusano,San Diego Padres,Milwaukee Brewers@San Diego Padres,Kyle Harrison,Petco Park,0.0,0.0,0.0,0.0,0.0,0.0,378,1.0,1.0,True
2026-08-11,593428,823264,Xander Bogaerts,San Diego Padres,Milwaukee Brewers@San Diego Padres,Kyle Harrison,Petco Park,0.0,0.0,0.0,0.0,0.0,0.0,379,0.0,0.0,True
2026-08-11,663604,823264,Brandon Lockridge,Milwaukee Brewers,Milwaukee Brewers@San Diego Padres,Walker Buehler,Petco Park,0.0,0.0,0.0,0.0,0.0,0.0,380,0.0,0.0,True
2026-08-11,669003,823264,Garrett Mitchell,Milwaukee Brewers,Milwaukee Brewers@San Diego Padres,Walker Buehler,Petco Park,0.0,0.0,0.0,0.0,0.0,0.0,381,0.0,0.0,True
2026-08-11,596142,823264,Gary Sánchez,Milwaukee Brewers,Milwaukee Brewers@San Diego Padres,Walker Buehler,Petco Park,0.0,0.0,0.0,0.0,0.0,0.0,382,0.0,0.0,True
2026-08-11,800325,823264,Luis Lara,Milwaukee Brewers,Milwaukee Brewers@San Diego Padres,Walker Buehler,Petco Park,0.0,0.0,0.0,0.0,0.0,0.0,383,0.0,0.0,True
2026-08-11,687551,823186,Drew Gilbert,San Francisco Giants,Houston Astros@San Francisco Giants,Hunter Brown,Oracle Park,0.0,0.0,0.0,0.0,0.0,0.0,384,0.0,0.0,True
2026-08-11,543877,823186,Christian Vázquez,Houston Astros,Houston Astros@San Francisco Giants,Carson Whisenhunt,Oracle Park,0.0,0.0,0.0,0.0,0.0,0.0,385,0.0,0.0,True
2026-08-11,664774,823186,LaMonte Wade Jr.,Houston Astros,Houston Astros@San Francisco Giants,Carson Whisenhunt,Oracle Park,0.0,0.0,0.0,0.0,0.0,0.0,386,0.0,0.0,True
2026-08-11,669743,823917,Alex Call,Los Angeles Dodgers,Kansas City Royals@Los Angeles Dodgers,Michael Wacha,UNIQLO Field at Dodger Stadium,0.0,0.0,0.0,0.0,0.0,0.0,387,0.0,0.0,True
2026-08-11,518692,823917,Freddie Freeman,Los Angeles Dodgers,Kansas City Royals@Los Angeles Dodgers,Michael Wacha,UNIQLO Field at Dodger Stadium,0.0,0.0,0.0,0.0,0.0,0.0,388,0.0,0.0,True
2026-08-11,668942,823917,Josh Rojas,Kansas City Royals,Kansas City Royals@Los Angeles Dodgers,Blake Snell,UNIQLO Field at Dodger Stadium,0.0,0.0,0.0,0.0,0.0,0.0,389,0.0,0.0,True
2026-08-11,664728,823917,Kyle Isbel,Kansas City Royals,Kansas City Royals@Los Angeles Dodgers,Blake Snell,UNIQLO Field at Dodger Stadium,0.0,0.0,0.0,0.0,0.0,0.0,390,0.0,0.0,True
2026-08-12,621566,824883,Matt Olson,Atlanta Braves,New York Mets@Atlanta Braves,Zac Thornton,Truist Park,0.0,0.0,0.0323,1.0,0.0969,1.0969,1,0.0,0.0,True
2026-08-12,553993,824562,Eugenio Suárez,Cincinnati Reds,Cincinnati Reds@Chicago White Sox,Luis Castillo,Rate Field,0.0,0.0,0.0302,1.0,0.0906,1.0906,2,1.0,1.0,True
2026-08-12,641933,823672,Tyler O'Neill,Baltimore Orioles,Baltimore Orioles@Minnesota Twins,Zebby Matthews,Target Field,0.0,0.0,0.0215,1.0,0.0645,1.0645,3,0.0,0.0,True
2026-08-12,624424,822698,Michael Conforto,Chicago Cubs,Chicago Cubs@Washington Nationals,Jackson Kent,Nationals Park,0.0,0.0,0.0,1.0,0.0,1.0,4,0.0,0.0,True
2026-08-12,663886,824562,Tyler Stephenson,Cincinnati Reds,Cincinnati Reds@Chicago White Sox,Luis Castillo,Rate Field,0.0,0.0,0.022,0.932,0.066,0.9935,5,1.0,1.0,True
2026-08-12,808959,824562,Munetaka Murakami,Chicago White Sox,Cincinnati Reds@Chicago White Sox,Rhett Lowder,Rate Field,0.0,0.0,-0.0099,1.0,-0.0297,0.9703,6,0.0,0.0,True
2026-08-12,665052,823833,Griffin Conine,Miami Marlins,Pittsburgh Pirates@Miami Marlins,Carmen Mlodzinski,loanDepot park,0.0,0.0,-0.0104,1.0,-0.0312,0.9688,7,1.0,1.0,True
2026-08-12,683357,823833,Owen Caissie,Miami Marlins,Pittsburgh Pirates@Miami Marlins,Carmen Mlodzinski,loanDepot park,0.0,0.0,-0.0136,0.993,-0.0408,0.9525,8,1.0,1.0,True
2026-08-12,701538,823263,Jackson Merrill,San Diego Padres,Milwaukee Brewers@San Diego Padres,Dustin May,Petco Park,0.0,0.0,0.037,0.855,0.111,0.9499,9,0.0,0.0,True
2026-08-12,701358,823187,Cam Smith,Houston Astros,Houston Astros@San Francisco Giants,Adrian Houser,Oracle Park,0.0,0.0,0.0218,0.879,0.0654,0.9365,10,0.0,0.0,True
2026-08-12,699013,823833,Esmerlyn Valdez,Pittsburgh Pirates,Pittsburgh Pirates@Miami Marlins,Janson Junk,loanDepot park,0.0,0.0,-0.0092,0.962,-0.0277,0.9354,11,0.0,0.0,True
2026-08-12,682928,822698,CJ Abrams,Washington Nationals,Chicago Cubs@Washington Nationals,David Peterson,Nationals Park,0.0,0.0,0.0098,0.888,0.0294,0.9141,12,0.0,0.0,True
2026-08-12,696100,825047,Hunter Goodman,Colorado Rockies,Colorado Rockies@Arizona Diamondbacks,Merrill Kelly,Chase Field,0.0,0.0,0.0009,0.905,0.0027,0.9074,13,0.0,0.0,True
2026-08-12,571448,825047,Nolan Arenado,Arizona Diamondbacks,Colorado Rockies@Arizona Diamondbacks,Ryan Feltner,Chase Field,0.0,0.0,0.0666,0.74,0.1999,0.8879,14,0.0,0.0,True
2026-08-12,666211,823187,Taylor Trammell,Houston Astros,Houston Astros@San Francisco Giants,Adrian Houser,Oracle Park,0.0,0.0,-0.0093,0.905,-0.0278,0.8798,15,0.0,0.0,True
2026-08-12,668709,824562,JJ Bleday,Cincinnati Reds,Cincinnati Reds@Chicago White Sox,Luis Castillo,Rate Field,0.0,0.0,0.0263,0.789,0.079,0.8513,16,0.0,0.0,True
2026-08-12,701398,824562,Sal Stewart,Cincinnati Reds,Cincinnati Reds@Chicago White Sox,Luis Castillo,Rate Field,0.0,0.0,0.0129,0.818,0.0388,0.8497,17,1.0,1.0,True
2026-08-12,665862,823511,Jazz Chisholm Jr.,New York Yankees,Seattle Mariners@New York Yankees,Bryce Miller,Yankee Stadium,0.0,0.0,-0.0414,0.962,-0.1242,0.8425,18,0.0,0.0,True
2026-08-12,650489,825047,Willi Castro,Colorado Rockies,Colorado Rockies@Arizona Diamondbacks,Merrill Kelly,Chase Field,0.0,0.0,0.0253,0.769,0.0759,0.8274,19,0.0,0.0,True
2026-08-12,691718,822698,Pete Crow-Armstrong,Chicago Cubs,Chicago Cubs@Washington Nationals,Jackson Kent,Nationals Park,0.0,0.0,0.0,0.818,0.0,0.818,20,0.0,0.0,True
2026-08-12,665161,823187,Jeremy Peña,Houston Astros,Houston Astros@San Francisco Giants,Adrian Houser,Oracle Park,0.0,0.0,-0.0187,0.855,-0.0561,0.807,21,0.0,0.0,True
2026-08-12,680574,824562,Matt McLain,Cincinnati Reds,Cincinnati Reds@Chicago White Sox,Luis Castillo,Rate Field,0.0,0.0,0.0059,0.769,0.0177,0.7826,22,0.0,0.0,True
2026-08-12,695506,823916,Jac Caglianone,Kansas City Royals,Kansas City Royals@Los Angeles Dodgers,Eric Lauer,UNIQLO Field at Dodger Stadium,0.0,0.0,0.0222,0.726,0.0667,0.7744,23,0.0,0.0,True
2026-08-12,678218,822779,Brandon Valenzuela,Toronto Blue Jays,Boston Red Sox@Toronto Blue Jays,Ranger Suarez,Rogers Centre,0.0,0.0,-0.0017,0.769,-0.0051,0.7651,24,0.0,0.0,True
2026-08-12,682848,823833,Endy Rodríguez,Pittsburgh Pirates,Pittsburgh Pirates@Miami Marlins,Janson Junk,loanDepot park,0.0,0.0,0.0055,0.744,0.0165,0.7563,25,0.0,0.0,True
2026-08-12,680869,824967,Zack Gelof,Athletics,Tampa Bay Rays@Athletics,Drew Rasmussen,Sutter Health Park,0.0,0.0,0.0,0.754,0.0,0.754,26,1.0,1.0,True
2026-08-12,682674,823187,Victor Bericoto,San Francisco Giants,Houston Astros@San Francisco Giants,Bryan King,Oracle Park,0.0,0.0,0.0,0.744,0.0,0.744,27,0.0,0.0,True
2026-08-12,678545,823187,Osleivis Basabe,San Francisco Giants,Houston Astros@San Francisco Giants,Bryan King,Oracle Park,0.0,0.0,-0.0112,0.769,-0.0336,0.7432,28,0.0,0.0,True
2026-08-12,678882,822779,Ceddanne Rafaela,Boston Red Sox,Boston Red Sox@Toronto Blue Jays,José Soriano,Rogers Centre,0.0,0.0,-0.0305,0.816,-0.0915,0.7413,29,0.0,0.0,True
2026-08-12,571970,823916,Max Muncy,Los Angeles Dodgers,Kansas City Royals@Los Angeles Dodgers,Daniel Lynch IV,UNIQLO Field at Dodger Stadium,0.0,0.0,-0.0719,0.932,-0.2157,0.731,30,1.0,1.0,True
2026-08-12,666160,825047,Mickey Moniak,Colorado Rockies,Colorado Rockies@Arizona Diamondbacks,Merrill Kelly,Chase Field,0.0,0.0,-0.0021,0.733,-0.0063,0.7284,31,0.0,0.0,True
2026-08-12,682829,824562,Elly De La Cruz,Cincinnati Reds,Cincinnati Reds@Chicago White Sox,Luis Castillo,Rate Field,0.0,0.0,0.0498,0.628,0.1494,0.7218,32,0.0,0.0,True
2026-08-12,693307,824241,Dillon Dingler,Detroit Tigers,Cleveland Guardians@Detroit Tigers,Foster Griffin,Comerica Park,0.0,0.0,0.0099,0.699,0.0298,0.7198,33,0.0,0.0,True
2026-08-12,682987,823511,Spencer Jones,New York Yankees,Seattle Mariners@New York Yankees,Bryce Miller,Yankee Stadium,0.0,0.0,-0.0018,0.721,-0.0054,0.7171,34,0.0,0.0,True
2026-08-12,664040,823833,Brandon Lowe,Pittsburgh Pirates,Pittsburgh Pirates@Miami Marlins,Janson Junk,loanDepot park,0.0,0.0,0.0078,0.699,0.0235,0.7154,35,0.0,0.0,True
2026-08-12,691788,823833,Joe Mack,Miami Marlins,Pittsburgh Pirates@Miami Marlins,Carmen Mlodzinski,loanDepot park,0.0,0.0,-0.0078,0.721,-0.0234,0.7041,36,0.0,0.0,True
2026-08-12,622268,824967,Donovan Walton,Athletics,Tampa Bay Rays@Athletics,Drew Rasmussen,Sutter Health Park,0.0,0.0,-0.0185,0.744,-0.0555,0.7027,37,0.0,0.0,True
2026-08-12,691406,824967,Junior Caminero,Tampa Bay Rays,Tampa Bay Rays@Athletics,Jack Perkins,Sutter Health Park,0.0,0.0,0.009,0.675,0.027,0.6932,38,0.0,0.0,True
2026-08-12,677800,822779,Wilyer Abreu,Boston Red Sox,Boston Red Sox@Toronto Blue Jays,José Soriano,Rogers Centre,0.0,0.0,-0.0261,0.74,-0.0782,0.6821,39,0.0,0.0,True
2026-08-12,691781,822698,Brady House,Washington Nationals,Chicago Cubs@Washington Nationals,David Peterson,Nationals Park,0.0,0.0,-0.0139,0.699,-0.0416,0.6699,40,0.0,0.0,True
2026-08-12,596019,824883,Francisco Lindor,New York Mets,New York Mets@Atlanta Braves,Tyler Mahle,Truist Park,0.0,0.0,-0.0231,0.712,-0.0692,0.6627,41,0.0,0.0,True
2026-08-12,573262,824883,Mike Yastrzemski,Atlanta Braves,New York Mets@Atlanta Braves,Zac Thornton,Truist Park,0.0,0.0,-0.0061,0.659,-0.0184,0.6469,42,1.0,1.0,True
2026-08-12,672275,824241,Patrick Bailey,Cleveland Guardians,Cleveland Guardians@Detroit Tigers,Framber Valdez,Comerica Park,0.0,0.0,-0.0468,0.744,-0.1405,0.6395,43,0.0,0.0,True
2026-08-12,805367,824562,Chase Meidroth,Chicago White Sox,Cincinnati Reds@Chicago White Sox,Rhett Lowder,Rate Field,0.0,0.0,0.0091,0.615,0.0273,0.6318,44,1.0,1.0,True
2026-08-12,663616,823672,Trevor Larnach,Minnesota Twins,Baltimore Orioles@Minnesota Twins,Shane Baz,Target Field,0.0,0.0,-0.0238,0.679,-0.0714,0.6305,45,0.0,0.0,True
2026-08-12,683146,824883,Brett Baty,New York Mets,New York Mets@Atlanta Braves,Tyler Mahle,Truist Park,0.0,0.0,-0.0041,0.624,-0.0123,0.6163,46,0.0,0.0,True
2026-08-12,641343,823263,Jake Bauers,Milwaukee Brewers,Milwaukee Brewers@San Diego Padres,Robbie Ray,Petco Park,0.0,0.0,0.0257,0.563,0.0771,0.6064,47,0.0,0.0,True
2026-08-12,624413,823672,Pete Alonso,Baltimore Orioles,Baltimore Orioles@Minnesota Twins,Zebby Matthews,Target Field,0.0,0.0,0.031,0.549,0.0931,0.6001,48,0.0,0.0,True
2026-08-12,695600,823916,Carter Jensen,Kansas City Royals,Kansas City Royals@Los Angeles Dodgers,Eric Lauer,UNIQLO Field at Dodger Stadium,0.0,0.0,-0.0001,0.592,-0.0003,0.5918,49,0.0,0.0,True
2026-08-12,663656,823916,Kyle Tucker,Los Angeles Dodgers,Kansas City Royals@Los Angeles Dodgers,Daniel Lynch IV,UNIQLO Field at Dodger Stadium,0.0,0.0,-0.0278,0.641,-0.0835,0.5875,50,0.0,0.0,True
2026-08-12,695734,822698,Daylen Lile,Washington Nationals,Chicago Cubs@Washington Nationals,David Peterson,Nationals Park,0.0,0.0,-0.0283,0.641,-0.0849,0.5866,51,0.0,0.0,True
2026-08-12,677594,823511,Julio Rodríguez,Seattle Mariners,Seattle Mariners@New York Yankees,Will Warren,Yankee Stadium,0.0,0.0,0.0163,0.559,0.0488,0.5863,52,1.0,1.0,True
2026-08-12,646240,823187,Rafael Devers,San Francisco Giants,Houston Astros@San Francisco Giants,Bryan King,Oracle Park,0.0,0.0,0.0135,0.559,0.0404,0.5816,53,0.0,0.0,True
2026-08-12,691777,824967,Max Muncy,Athletics,Tampa Bay Rays@Athletics,Drew Rasmussen,Sutter Health Park,0.0,0.0,-0.0414,0.659,-0.1241,0.5772,54,0.0,0.0,True
2026-08-12,671277,823511,Luis García Jr.,New York Yankees,Seattle Mariners@New York Yankees,Bryce Miller,Yankee Stadium,0.0,0.0,-0.0018,0.57,-0.0054,0.5669,55,0.0,0.0,True
2026-08-12,681715,823833,Heriberto Hernández,Miami Marlins,Pittsburgh Pirates@Miami Marlins,Carmen Mlodzinski,loanDepot park,0.0,0.0,-0.0243,0.577,-0.073,0.5349,56,1.0,1.0,True
2026-08-12,660271,823916,Shohei Ohtani,Los Angeles Dodgers,Kansas City Royals@Los Angeles Dodgers,Daniel Lynch IV,UNIQLO Field at Dodger Stadium,0.0,0.0,-0.0387,0.603,-0.1161,0.533,57,1.0,1.0,True
2026-08-12,660670,824883,Ronald Acuña Jr.,Atlanta Braves,New York Mets@Atlanta Braves,Zac Thornton,Truist Park,-0.4172,0.0,-0.0055,0.916,-0.4269,0.525,58,0.0,0.0,True
2026-08-12,606192,823916,Teoscar Hernández,Los Angeles Dodgers,Kansas City Royals@Los Angeles Dodgers,Daniel Lynch IV,UNIQLO Field at Dodger Stadium,0.0,0.0,0.0,0.524,0.0,0.524,59,0.0,0.0,True
2026-08-12,808982,823187,Jung Hoo Lee,San Francisco Giants,Houston Astros@San Francisco Giants,Bryan King,Oracle Park,0.0,0.0,0.0,0.522,0.0,0.522,60,0.0,0.0,True
2026-08-12,700250,823511,Ben Rice,New York Yankees,Seattle Mariners@New York Yankees,Bryce Miller,Yankee Stadium,0.0,0.0,-0.0245,0.563,-0.0735,0.5216,61,0.0,0.0,True
2026-08-12,694192,823263,Jackson Chourio,Milwaukee Brewers,Milwaukee Brewers@San Diego Padres,Robbie Ray,Petco Park,0.0,0.0,-0.0069,0.531,-0.0207,0.52,62,0.0,0.0,True
2026-08-12,691723,823672,Coby Mayo,Baltimore Orioles,Baltimore Orioles@Minnesota Twins,Zebby Matthews,Target Field,0.0,0.0,0.0,0.513,0.0,0.513,63,0.0,0.0,True
2026-08-12,642708,823511,Amed Rosario,New York Yankees,Seattle Mariners@New York Yankees,Bryce Miller,Yankee Stadium,0.0,0.0,0.0,0.513,0.0,0.513,64,0.0,0.0,True
2026-08-12,642201,822779,Eli White,Boston Red Sox,Boston Red Sox@Toronto Blue Jays,José Soriano,Rogers Centre,0.0,0.0,0.0,0.513,0.0,0.513,65,0.0,0.0,True
2026-08-12,575929,822779,Willson Contreras,Boston Red Sox,Boston Red Sox@Toronto Blue Jays,José Soriano,Rogers Centre,0.0,0.0,0.0,0.513,0.0,0.513,66,1.0,1.0,True
2026-08-12,663743,824967,Nick Fortes,Tampa Bay Rays,Tampa Bay Rays@Athletics,Jack Perkins,Sutter Health Park,0.0,0.0,0.0,0.496,0.0,0.496,67,0.0,0.0,True
2026-08-12,687401,823263,Joey Ortiz,Milwaukee Brewers,Milwaukee Brewers@San Diego Padres,Robbie Ray,Petco Park,0.0,0.0,0.0,0.496,0.0,0.496,68,0.0,0.0,True
2026-08-12,677870,823833,Leo Jiménez,Miami Marlins,Pittsburgh Pirates@Miami Marlins,Carmen Mlodzinski,loanDepot park,0.0,0.0,0.0,0.496,0.0,0.496,69,0.0,0.0,True
2026-08-12,680664,824241,Eduardo Valencia,Detroit Tigers,Cleveland Guardians@Detroit Tigers,Foster Griffin,Comerica Park,0.0,0.0,0.0,0.494,0.0,0.494,70,1.0,1.0,True
2026-08-12,592626,823994,Joc Pederson,Texas Rangers,Texas Rangers@Los Angeles Angels,George Klassen,Angel Stadium,-0.4266,0.0,0.0,0.855,-0.4265,0.4903,71,0.0,0.0,True
2026-08-12,681297,823672,Colton Cowser,Baltimore Orioles,Baltimore Orioles@Minnesota Twins,Zebby Matthews,Target Field,0.0,0.0,0.0,0.481,0.0,0.481,72,0.0,0.0,True
2026-08-12,680700,824967,Richie Palacios,Tampa Bay Rays,Tampa Bay Rays@Athletics,Jack Perkins,Sutter Health Park,0.0,0.0,0.0,0.481,0.0,0.481,73,0.0,0.0,True
2026-08-12,665487,823263,Fernando Tatis Jr.,San Diego Padres,Milwaukee Brewers@San Diego Padres,Dustin May,Petco Park,0.0,0.0,0.0,0.481,0.0,0.481,74,0.0,0.0,True
2026-08-12,650402,824241,Gleyber Torres,Detroit Tigers,Cleveland Guardians@Detroit Tigers,Foster Griffin,Comerica Park,0.0,0.0,0.0,0.481,0.0,0.481,75,1.0,1.0,True
2026-08-12,673548,822698,Seiya Suzuki,Chicago Cubs,Chicago Cubs@Washington Nationals,Jackson Kent,Nationals Park,0.0,0.0,0.0,0.481,0.0,0.481,76,0.0,0.0,True
2026-08-12,669224,823511,Austin Wells,New York Yankees,Seattle Mariners@New York Yankees,Bryce Miller,Yankee Stadium,0.0,0.0,0.0,0.481,0.0,0.481,77,0.0,0.0,True
2026-08-12,643217,824562,Andrew Benintendi,Chicago White Sox,Cincinnati Reds@Chicago White Sox,Rhett Lowder,Rate Field,0.0,0.0,0.0,0.481,0.0,0.481,78,0.0,0.0,True
2026-08-12,686475,823916,Tyler Tolbert,Kansas City Royals,Kansas City Royals@Los Angeles Dodgers,Eric Lauer,UNIQLO Field at Dodger Stadium,0.0,0.0,0.0,0.481,0.0,0.481,79,0.0,0.0,True
2026-08-12,543760,824883,Marcus Semien,New York Mets,New York Mets@Atlanta Braves,Tyler Mahle,Truist Park,-0.4172,0.0,0.0,0.818,-0.4172,0.4767,80,0.0,0.0,True
2026-08-12,683734,823263,Andrew Vaughn,Milwaukee Brewers,Milwaukee Brewers@San Diego Padres,Robbie Ray,Petco Park,0.0,0.0,0.0,0.466,0.0,0.466,81,0.0,0.0,True
2026-08-12,666176,824241,Jo Adell,Cleveland Guardians,Cleveland Guardians@Detroit Tigers,Framber Valdez,Comerica Park,0.0,0.0,0.0,0.466,0.0,0.466,82,1.0,1.0,True
2026-08-12,680779,823833,Henry Davis,Pittsburgh Pirates,Pittsburgh Pirates@Miami Marlins,Janson Junk,loanDepot park,0.0,0.0,0.0,0.466,0.0,0.466,83,0.0,0.0,True
2026-08-12,663728,823511,Cal Raleigh,Seattle Mariners,Seattle Mariners@New York Yankees,Will Warren,Yankee Stadium,0.0,0.0,0.0,0.466,0.0,0.466,84,0.0,0.0,True
2026-08-12,678246,824562,Miguel Vargas,Chicago White Sox,Cincinnati Reds@Chicago White Sox,Rhett Lowder,Rate Field,0.0,0.0,0.0,0.462,0.0,0.462,85,0.0,0.0,True
2026-08-12,677951,823916,Bobby Witt Jr.,Kansas City Royals,Kansas City Royals@Los Angeles Dodgers,Eric Lauer,UNIQLO Field at Dodger Stadium,0.0,0.0,0.0,0.462,0.0,0.462,86,0.0,0.0,True
2026-08-12,691016,824967,Tyler Soderstrom,Athletics,Tampa Bay Rays@Athletics,Drew Rasmussen,Sutter Health Park,0.0,0.0,0.0,0.452,0.0,0.452,87,0.0,0.0,True
2026-08-12,668723,824967,Ryan Vilade,Tampa Bay Rays,Tampa Bay Rays@Athletics,Jack Perkins,Sutter Health Park,0.0,0.0,0.0,0.452,0.0,0.452,88,0.0,0.0,True
2026-08-12,682626,824883,Francisco Alvarez,New York Mets,New York Mets@Atlanta Braves,Tyler Mahle,Truist Park,-0.4172,0.0,0.0,0.769,-0.4172,0.4482,89,0.0,0.0,True
2026-08-12,686797,823672,Brooks Lee,Minnesota Twins,Baltimore Orioles@Minnesota Twins,Shane Baz,Target Field,0.0,0.0,0.0,0.444,0.0,0.444,90,0.0,0.0,True
2026-08-12,547180,823017,Bryce Harper,Philadelphia Phillies,Philadelphia Phillies@St. Louis Cardinals,Kyle Leahy,Busch Stadium,-0.3375,0.0,0.0,0.669,-0.3375,0.4432,91,0.0,0.0,True
2026-08-12,701678,824241,Hao-Yu Lee,Detroit Tigers,Cleveland Guardians@Detroit Tigers,Foster Griffin,Comerica Park,0.0,0.0,0.0,0.44,0.0,0.44,92,0.0,0.0,True
2026-08-12,605137,823672,Josh Bell,Minnesota Twins,Baltimore Orioles@Minnesota Twins,Shane Baz,Target Field,0.0,0.0,0.0,0.435,0.0,0.435,93,0.0,0.0,True
2026-08-12,686527,823511,Dominic Canzone,Seattle Mariners,Seattle Mariners@New York Yankees,Will Warren,Yankee Stadium,0.0,0.0,0.0,0.435,0.0,0.435,94,1.0,1.0,True
2026-08-12,668904,823672,Royce Lewis,Minnesota Twins,Baltimore Orioles@Minnesota Twins,Shane Baz,Target Field,0.0,0.0,0.0,0.427,0.0,0.427,95,0.0,0.0,True
2026-08-12,687952,823672,Christian Encarnacion-Strand,Baltimore Orioles,Baltimore Orioles@Minnesota Twins,Zebby Matthews,Target Field,0.0,0.0,0.0,0.427,0.0,0.427,96,0.0,0.0,True
2026-08-12,694378,823833,Jacob Gonzalez,Pittsburgh Pirates,Pittsburgh Pirates@Miami Marlins,Janson Junk,loanDepot park,0.0,0.0,0.0,0.427,0.0,0.427,97,1.0,1.0,True
2026-08-12,687462,823833,Spencer Horwitz,Pittsburgh Pirates,Pittsburgh Pirates@Miami Marlins,Janson Junk,loanDepot park,0.0,0.0,0.0,0.427,0.0,0.427,98,0.0,0.0,True
2026-08-12,521692,823916,Salvador Perez,Kansas City Royals,Kansas City Royals@Los Angeles Dodgers,Eric Lauer,UNIQLO Field at Dodger Stadium,0.0,0.0,0.0,0.42,0.0,0.42,99,0.0,0.0,True
2026-08-12,680776,822779,Jarren Duran,Boston Red Sox,Boston Red Sox@Toronto Blue Jays,José Soriano,Rogers Centre,0.0,0.0,0.0,0.412,0.0,0.412,100,0.0,0.0,True
2026-08-12,670231,823916,John Rave,Kansas City Royals,Kansas City Royals@Los Angeles Dodgers,Eric Lauer,UNIQLO Field at Dodger Stadium,0.0,0.0,0.0,0.411,0.0,0.411,101,0.0,0.0,True
2026-08-12,703607,824967,Henry Bolte,Athletics,Tampa Bay Rays@Athletics,Drew Rasmussen,Sutter Health Park,0.0,0.0,0.0,0.405,0.0,0.405,102,0.0,0.0,True
2026-08-12,673237,823187,Yainer Diaz,Houston Astros,Houston Astros@San Francisco Giants,Adrian Houser,Oracle Park,0.0,0.0,0.0,0.405,0.0,0.405,103,0.0,0.0,True
2026-08-12,592518,823263,Manny Machado,San Diego Padres,Milwaukee Brewers@San Diego Padres,Dustin May,Petco Park,0.0,0.0,0.0,0.398,0.0,0.398,104,0.0,0.0,True
2026-08-12,668227,823511,Randy Arozarena,Seattle Mariners,Seattle Mariners@New York Yankees,Will Warren,Yankee Stadium,0.0,0.0,0.0,0.398,0.0,0.398,105,1.0,1.0,True
2026-08-12,665953,822698,Andrés Chaparro,Washington Nationals,Chicago Cubs@Washington Nationals,David Peterson,Nationals Park,0.0,0.0,0.0,0.396,0.0,0.396,106,0.0,0.0,True
2026-08-12,676356,824967,Jonny DeLuca,Tampa Bay Rays,Tampa Bay Rays@Athletics,Jack Perkins,Sutter Health Park,0.0,0.0,0.0,0.394,0.0,0.394,107,0.0,0.0,True
2026-08-12,695657,824562,Colson Montgomery,Chicago White Sox,Cincinnati Reds@Chicago White Sox,Rhett Lowder,Rate Field,0.0,0.0,0.0,0.394,0.0,0.394,108,0.0,0.0,True
2026-08-12,665750,823672,Leody Taveras,Baltimore Orioles,Baltimore Orioles@Minnesota Twins,Zebby Matthews,Target Field,0.0,0.0,0.0,0.385,0.0,0.385,109,1.0,1.0,True
2026-08-12,673357,824883,Luis Robert Jr.,New York Mets,New York Mets@Atlanta Braves,Tyler Mahle,Truist Park,-0.4172,0.0,0.0,0.659,-0.4171,0.3841,110,1.0,1.0,True
2026-08-12,545341,824562,Randal Grichuk,Chicago White Sox,Cincinnati Reds@Chicago White Sox,Rhett Lowder,Rate Field,0.0,0.0,0.0,0.382,0.0,0.382,111,0.0,0.0,True
2026-08-12,670623,823187,Isaac Paredes,Houston Astros,Houston Astros@San Francisco Giants,Adrian Houser,Oracle Park,0.0,0.0,0.0,0.378,0.0,0.378,112,0.0,0.0,True
2026-08-12,682988,825047,Tyler Locklear,Arizona Diamondbacks,Colorado Rockies@Arizona Diamondbacks,Ryan Feltner,Chase Field,0.0,0.0,0.0,0.377,0.0,0.377,113,0.0,0.0,True
2026-08-12,814439,825047,Ryan Waldschmidt,Arizona Diamondbacks,Colorado Rockies@Arizona Diamondbacks,Ryan Feltner,Chase Field,0.0,0.0,0.0,0.375,0.0,0.375,114,0.0,0.0,True
2026-08-12,664023,822698,Ian Happ,Chicago Cubs,Chicago Cubs@Washington Nationals,Jackson Kent,Nationals Park,0.0,0.0,0.0,0.375,0.0,0.375,115,0.0,0.0,True
2026-08-12,805808,824241,Kevin McGonigle,Detroit Tigers,Cleveland Guardians@Detroit Tigers,Foster Griffin,Comerica Park,0.0,0.0,0.0,0.372,0.0,0.372,116,0.0,0.0,True
2026-08-12,676475,823017,Alec Burleson,St. Louis Cardinals,Philadelphia Phillies@St. Louis Cardinals,Zack Wheeler,Busch Stadium,-0.3375,0.0,0.0,0.559,-0.3376,0.3703,117,0.0,0.0,True
2026-08-12,676369,823187,Nelson Velázquez,Houston Astros,Houston Astros@San Francisco Giants,Adrian Houser,Oracle Park,0.0,0.0,0.0,0.368,0.0,0.368,118,0.0,0.0,True
2026-08-12,661531,824967,Brian Serven,Athletics,Tampa Bay Rays@Athletics,Drew Rasmussen,Sutter Health Park,0.0,0.0,0.0,0.366,0.0,0.366,119,0.0,0.0,True
2026-08-12,650490,824967,Yandy Díaz,Tampa Bay Rays,Tampa Bay Rays@Athletics,Jack Perkins,Sutter Health Park,0.0,0.0,0.0,0.366,0.0,0.366,120,0.0,0.0,True
2026-08-12,663538,822698,Nico Hoerner,Chicago Cubs,Chicago Cubs@Washington Nationals,Jackson Kent,Nationals Park,0.0,0.0,0.0,0.366,0.0,0.366,121,0.0,0.0,True
2026-08-12,664983,825047,Jake McCarthy,Colorado Rockies,Colorado Rockies@Arizona Diamondbacks,Merrill Kelly,Chase Field,0.0,0.0,0.0,0.361,0.0,0.361,122,0.0,0.0,True
2026-08-12,806146,823511,George Lombard Jr.,New York Yankees,Seattle Mariners@New York Yankees,Bryce Miller,Yankee Stadium,0.0,0.0,0.0,0.359,0.0,0.359,123,0.0,0.0,True
2026-08-12,682663,823833,Agustín Ramírez,Miami Marlins,Pittsburgh Pirates@Miami Marlins,Carmen Mlodzinski,loanDepot park,0.0,0.0,0.0,0.358,0.0,0.358,124,0.0,0.0,True
2026-08-12,686611,822698,Dylan Crews,Washington Nationals,Chicago Cubs@Washington Nationals,David Peterson,Nationals Park,0.0,0.0,0.0,0.358,0.0,0.358,125,0.0,0.0,True
2026-08-12,687749,823263,Jase Bowen,San Diego Padres,Milwaukee Brewers@San Diego Padres,Dustin May,Petco Park,0.0,0.0,0.0,0.357,0.0,0.357,126,0.0,0.0,True
2026-08-12,516782,823916,Starling Marte,Kansas City Royals,Kansas City Royals@Los Angeles Dodgers,Eric Lauer,UNIQLO Field at Dodger Stadium,0.0,0.0,0.0,0.348,0.0,0.348,127,0.0,0.0,True
2026-08-12,687605,822698,Andrew Pinckney,Washington Nationals,Chicago Cubs@Washington Nationals,David Peterson,Nationals Park,0.0,0.0,0.0,0.345,0.0,0.345,128,0.0,0.0,True
2026-08-12,695670,822698,Harry Ford,Washington Nationals,Chicago Cubs@Washington Nationals,David Peterson,Nationals Park,0.0,0.0,0.0,0.345,0.0,0.345,129,0.0,0.0,True
2026-08-12,657041,824883,Lane Thomas,Atlanta Braves,New York Mets@Atlanta Braves,Zac Thornton,Truist Park,-0.4172,0.0,0.0,0.592,-0.4172,0.345,130,1.0,1.0,True
2026-08-12,572233,823187,Christian Walker,Houston Astros,Houston Astros@San Francisco Giants,Adrian Houser,Oracle Park,0.0,0.0,0.0,0.342,0.0,0.342,131,0.0,0.0,True
2026-08-12,592885,823263,Christian Yelich,Milwaukee Brewers,Milwaukee Brewers@San Diego Padres,Robbie Ray,Petco Park,0.0,0.0,0.0,0.342,0.0,0.342,132,0.0,0.0,True
2026-08-12,663330,822779,Jahmai Jones,Boston Red Sox,Boston Red Sox@Toronto Blue Jays,José Soriano,Rogers Centre,0.0,0.0,0.0,0.342,0.0,0.342,133,0.0,0.0,True
2026-08-12,676439,823916,Hunter Feduccia,Los Angeles Dodgers,Kansas City Royals@Los Angeles Dodgers,Daniel Lynch IV,UNIQLO Field at Dodger Stadium,0.0,0.0,0.0,0.341,0.0,0.341,134,1.0,1.0,True
2026-08-12,694197,824241,Angel Genao,Cleveland Guardians,Cleveland Guardians@Detroit Tigers,Framber Valdez,Comerica Park,0.0,0.0,0.0,0.34,0.0,0.34,135,0.0,0.0,True
2026-08-12,694673,822698,Abimelec Ortiz,Washington Nationals,Chicago Cubs@Washington Nationals,David Peterson,Nationals Park,0.0,0.0,0.0,0.34,0.0,0.34,136,1.0,2.0,True
2026-08-12,571771,823916,Enrique Hernández,Los Angeles Dodgers,Kansas City Royals@Los Angeles Dodgers,Daniel Lynch IV,UNIQLO Field at Dodger Stadium,0.0,0.0,0.0,0.34,0.0,0.34,137,0.0,0.0,True
2026-08-12,694671,823994,Wyatt Langford,Texas Rangers,Texas Rangers@Los Angeles Angels,George Klassen,Angel Stadium,-0.3077,0.0,0.0,0.491,-0.3077,0.3399,138,0.0,0.0,True
2026-08-12,701785,823672,Kaelen Culpepper,Minnesota Twins,Baltimore Orioles@Minnesota Twins,Shane Baz,Target Field,0.0,0.0,0.0,0.338,0.0,0.338,139,0.0,0.0,True
2026-08-12,804668,823833,Rafael Flores Jr.,Pittsburgh Pirates,Pittsburgh Pirates@Miami Marlins,Janson Junk,loanDepot park,0.0,0.0,0.0,0.335,0.0,0.335,140,1.0,2.0,True
2026-08-12,543510,825047,James McCann,Arizona Diamondbacks,Colorado Rockies@Arizona Diamondbacks,Ryan Feltner,Chase Field,0.0,0.0,0.0,0.334,0.0,0.334,141,0.0,0.0,True
2026-08-12,663993,824241,Nathaniel Lowe,Cleveland Guardians,Cleveland Guardians@Detroit Tigers,Framber Valdez,Comerica Park,0.0,0.0,0.0,0.334,0.0,0.334,142,0.0,0.0,True
2026-08-12,672386,822779,Alejandro Kirk,Toronto Blue Jays,Boston Red Sox@Toronto Blue Jays,Ranger Suarez,Rogers Centre,0.0,0.0,0.0,0.334,0.0,0.334,143,0.0,0.0,True
2026-08-12,680777,823672,Ryan Jeffers,Minnesota Twins,Baltimore Orioles@Minnesota Twins,Shane Baz,Target Field,0.0,0.0,0.0,0.327,0.0,0.327,144,0.0,0.0,True
2026-08-12,671732,824967,Lawrence Butler,Athletics,Tampa Bay Rays@Athletics,Drew Rasmussen,Sutter Health Park,0.0,0.0,0.0,0.327,0.0,0.327,145,1.0,1.0,True
2026-08-12,607043,823994,Brandon Nimmo,Texas Rangers,Texas Rangers@Los Angeles Angels,George Klassen,Angel Stadium,-0.4266,0.0,0.0,0.57,-0.4267,0.3268,146,0.0,0.0,True
2026-08-12,665923,823833,Esteury Ruiz,Miami Marlins,Pittsburgh Pirates@Miami Marlins,Carmen Mlodzinski,loanDepot park,0.0,0.0,0.0,0.323,0.0,0.323,147,0.0,0.0,True
2026-08-12,690984,824241,Petey Halpin,Cleveland Guardians,Cleveland Guardians@Detroit Tigers,Framber Valdez,Comerica Park,0.0,0.0,0.0,0.321,0.0,0.321,148,0.0,0.0,True
2026-08-12,571912,823916,Luke Maile,Kansas City Royals,Kansas City Royals@Los Angeles Dodgers,Eric Lauer,UNIQLO Field at Dodger Stadium,0.0,0.0,0.0,0.32,0.0,0.32,149,0.0,0.0,True
2026-08-12,663494,823017,Bryan Torres,St. Louis Cardinals,Philadelphia Phillies@St. Louis Cardinals,Zack Wheeler,Busch Stadium,-0.3375,0.0,0.0,0.481,-0.3374,0.3187,150,0.0,0.0,True
2026-08-12,687529,823187,Grant McCray,San Francisco Giants,Houston Astros@San Francisco Giants,Bryan King,Oracle Park,0.0,0.0,0.0,0.318,0.0,0.318,151,0.0,0.0,True
2026-08-12,807712,823672,Luke Keaschall,Minnesota Twins,Baltimore Orioles@Minnesota Twins,Shane Baz,Target Field,0.0,0.0,0.0,0.314,0.0,0.314,152,1.0,1.0,True
2026-08-12,701807,824883,Carson Benge,New York Mets,New York Mets@Atlanta Braves,Tyler Mahle,Truist Park,0.0,0.0,0.0,0.314,0.0,0.314,153,0.0,0.0,True
2026-08-12,677588,822698,José Tena,Washington Nationals,Chicago Cubs@Washington Nationals,David Peterson,Nationals Park,0.0,0.0,0.0,0.312,0.0,0.312,154,1.0,1.0,True
2026-08-12,640459,823833,Brian Navarreto,Miami Marlins,Pittsburgh Pirates@Miami Marlins,Carmen Mlodzinski,loanDepot park,0.0,0.0,0.0,0.311,0.0,0.311,155,0.0,0.0,True
2026-08-12,672960,822779,Kazuma Okamoto,Toronto Blue Jays,Boston Red Sox@Toronto Blue Jays,Ranger Suarez,Rogers Centre,0.0,0.0,0.0,0.308,0.0,0.308,156,0.0,0.0,True
2026-08-12,666163,823916,Ben Rortvedt,Los Angeles Dodgers,Kansas City Royals@Los Angeles Dodgers,Daniel Lynch IV,UNIQLO Field at Dodger Stadium,0.0,0.0,0.0,0.305,0.0,0.305,157,0.0,0.0,True
2026-08-12,642350,823994,Jose Siri,Los Angeles Angels,Texas Rangers@Los Angeles Angels,Cal Quantrill,Angel Stadium,-0.3077,0.0,0.0,0.44,-0.3077,0.3046,158,0.0,0.0,True
2026-08-12,645277,824883,Ozzie Albies,Atlanta Braves,New York Mets@Atlanta Braves,Zac Thornton,Truist Park,-0.4172,0.0,0.0,0.522,-0.4172,0.3042,159,0.0,0.0,True
2026-08-12,701649,822698,James Triantos,Chicago Cubs,Chicago Cubs@Washington Nationals,Jackson Kent,Nationals Park,0.0,0.0,0.0,0.302,0.0,0.302,160,0.0,0.0,True
2026-08-12,663757,823511,Trent Grisham,New York Yankees,Seattle Mariners@New York Yankees,Bryce Miller,Yankee Stadium,0.0,0.0,0.0,0.302,0.0,0.302,161,1.0,2.0,True
2026-08-12,691182,825047,Adael Amador,Colorado Rockies,Colorado Rockies@Arizona Diamondbacks,Merrill Kelly,Chase Field,0.0,0.0,0.0,0.3,0.0,0.3,162,0.0,0.0,True
2026-08-12,691728,825047,Zac Veen,Colorado Rockies,Colorado Rockies@Arizona Diamondbacks,Merrill Kelly,Chase Field,0.0,0.0,0.0,0.3,0.0,0.3,163,1.0,1.0,True
2026-08-12,668800,823187,Andrew Knizner,San Francisco Giants,Houston Astros@San Francisco Giants,Bryan King,Oracle Park,0.0,0.0,0.0,0.3,0.0,0.3,164,0.0,0.0,True
2026-08-12,678225,823263,Jihwan Bae,Milwaukee Brewers,Milwaukee Brewers@San Diego Padres,Robbie Ray,Petco Park,0.0,0.0,0.0,0.3,0.0,0.3,165,0.0,0.0,True
2026-08-12,667452,824241,Corey Julks,Detroit Tigers,Cleveland Guardians@Detroit Tigers,Foster Griffin,Comerica Park,0.0,0.0,0.0,0.3,0.0,0.3,166,0.0,0.0,True
2026-08-12,669911,824562,Michael Toglia,Cincinnati Reds,Cincinnati Reds@Chicago White Sox,Luis Castillo,Rate Field,0.0,0.0,0.0,0.3,0.0,0.3,167,0.0,0.0,True
2026-08-12,681047,823672,Christian Franklin,Baltimore Orioles,Baltimore Orioles@Minnesota Twins,Zebby Matthews,Target Field,0.0,0.0,0.0,0.297,0.0,0.297,168,0.0,0.0,True
2026-08-12,801501,823187,Nate Furman,San Francisco Giants,Houston Astros@San Francisco Giants,Bryan King,Oracle Park,0.0,0.0,0.0,0.297,0.0,0.297,169,0.0,0.0,True
2026-08-12,681546,824241,James Outman,Detroit Tigers,Cleveland Guardians@Detroit Tigers,Foster Griffin,Comerica Park,0.0,0.0,0.0,0.297,0.0,0.297,170,0.0,0.0,True
2026-08-12,670541,823187,Yordan Alvarez,Houston Astros,Houston Astros@San Francisco Giants,Adrian Houser,Oracle Park,0.0,0.0,0.0,0.296,0.0,0.296,171,0.0,0.0,True
2026-08-12,807727,822779,Charles McAdoo,Toronto Blue Jays,Boston Red Sox@Toronto Blue Jays,Ranger Suarez,Rogers Centre,0.0,0.0,0.0,0.296,0.0,0.296,172,0.0,0.0,True
2026-08-12,703520,822779,Brett Bateman,Toronto Blue Jays,Boston Red Sox@Toronto Blue Jays,Ranger Suarez,Rogers Centre,0.0,0.0,0.0,0.294,0.0,0.294,173,0.0,0.0,True
2026-08-12,703601,824241,Max Clark,Detroit Tigers,Cleveland Guardians@Detroit Tigers,Foster Griffin,Comerica Park,0.0,0.0,0.0,0.293,0.0,0.293,174,0.0,0.0,True
2026-08-12,668930,823263,Brice Turang,Milwaukee Brewers,Milwaukee Brewers@San Diego Padres,Robbie Ray,Petco Park,0.0,0.0,0.0,0.29,0.0,0.29,175,0.0,0.0,True
2026-08-12,679529,824241,Spencer Torkelson,Detroit Tigers,Cleveland Guardians@Detroit Tigers,Foster Griffin,Comerica Park,0.0,0.0,0.0,0.29,0.0,0.29,176,0.0,0.0,True
2026-08-12,686681,823916,Michael Massey,Kansas City Royals,Kansas City Royals@Los Angeles Dodgers,Eric Lauer,UNIQLO Field at Dodger Stadium,0.0,0.0,0.0,0.29,0.0,0.29,177,0.0,0.0,True
2026-08-12,699302,824562,Héctor Rodríguez,Cincinnati Reds,Cincinnati Reds@Chicago White Sox,Luis Castillo,Rate Field,0.0,0.0,0.0,0.288,0.0,0.288,178,0.0,0.0,True
2026-08-12,663968,823833,Jake Mangum,Pittsburgh Pirates,Pittsburgh Pirates@Miami Marlins,Janson Junk,loanDepot park,0.0,0.0,0.0,0.285,0.0,0.285,179,0.0,0.0,True
2026-08-12,666139,823994,Josh Lowe,Los Angeles Angels,Texas Rangers@Los Angeles Angels,Cal Quantrill,Angel Stadium,-0.4266,0.0,0.0,0.496,-0.4266,0.2844,180,0.0,0.0,True
2026-08-12,656941,823017,Kyle Schwarber,Philadelphia Phillies,Philadelphia Phillies@St. Louis Cardinals,Kyle Leahy,Busch Stadium,-0.3375,0.0,0.0,0.427,-0.3375,0.2829,181,1.0,2.0,True
2026-08-12,677649,823994,Ezequiel Duran,Texas Rangers,Texas Rangers@Los Angeles Angels,George Klassen,Angel Stadium,-0.3077,0.0,0.0,0.405,-0.3077,0.2804,182,0.0,0.0,True
2026-08-12,641680,824967,Jonah Heim,Athletics,Tampa Bay Rays@Athletics,Drew Rasmussen,Sutter Health Park,0.0,0.0,0.0,0.28,0.0,0.28,183,0.0,0.0,True
2026-08-12,681624,823916,Andy Pages,Los Angeles Dodgers,Kansas City Royals@Los Angeles Dodgers,Daniel Lynch IV,UNIQLO Field at Dodger Stadium,0.0,0.0,0.0,0.28,0.0,0.28,184,0.0,0.0,True
2026-08-12,702176,823672,Alan Roden,Minnesota Twins,Baltimore Orioles@Minnesota Twins,Shane Baz,Target Field,0.0,0.0,0.0,0.278,0.0,0.278,185,0.0,0.0,True
2026-08-12,671083,823187,Buddy Kennedy,San Francisco Giants,Houston Astros@San Francisco Giants,Bryan King,Oracle Park,0.0,0.0,0.0,0.278,0.0,0.278,186,0.0,0.0,True
2026-08-12,687597,825047,Jordan Beck,Colorado Rockies,Colorado Rockies@Arizona Diamondbacks,Merrill Kelly,Chase Field,0.0,0.0,0.0,0.277,0.0,0.277,187,0.0,0.0,True
2026-08-12,701852,823187,Drew Cavanaugh,San Francisco Giants,Houston Astros@San Francisco Giants,Bryan King,Oracle Park,0.0,0.0,0.0,0.276,0.0,0.276,188,0.0,0.0,True
2026-08-12,665804,822698,Miguel Amaya,Chicago Cubs,Chicago Cubs@Washington Nationals,Jackson Kent,Nationals Park,0.0,0.0,0.0,0.276,0.0,0.276,189,0.0,0.0,True
2026-08-12,665019,823672,Kody Clemens,Minnesota Twins,Baltimore Orioles@Minnesota Twins,Shane Baz,Target Field,0.0,0.0,0.0,0.275,0.0,0.275,190,0.0,0.0,True
2026-08-12,606466,825047,Ketel Marte,Arizona Diamondbacks,Colorado Rockies@Arizona Diamondbacks,Ryan Feltner,Chase Field,0.0,0.0,0.0,0.275,0.0,0.275,191,0.0,0.0,True
2026-08-12,650859,823263,Luis Rengifo,San Diego Padres,Milwaukee Brewers@San Diego Padres,Dustin May,Petco Park,0.0,0.0,0.0,0.275,0.0,0.275,192,0.0,0.0,True
2026-08-12,682927,823833,Ronny Simon,Pittsburgh Pirates,Pittsburgh Pirates@Miami Marlins,Janson Junk,loanDepot park,0.0,0.0,0.0,0.273,0.0,0.273,193,0.0,0.0,True
2026-08-12,691011,824562,Drew Romo,Chicago White Sox,Cincinnati Reds@Chicago White Sox,Rhett Lowder,Rate Field,0.0,0.0,0.0,0.271,0.0,0.271,194,1.0,1.0,True
2026-08-12,669720,823263,Austin Hays,San Diego Padres,Milwaukee Brewers@San Diego Padres,Dustin May,Petco Park,0.0,0.0,0.0,0.27,0.0,0.27,195,0.0,0.0,True
2026-08-12,642215,823511,Weston Wilson,Seattle Mariners,Seattle Mariners@New York Yankees,Will Warren,Yankee Stadium,0.0,0.0,0.0,0.27,0.0,0.27,196,1.0,1.0,True
2026-08-12,500743,823916,Miguel Rojas,Los Angeles Dodgers,Kansas City Royals@Los Angeles Dodgers,Daniel Lynch IV,UNIQLO Field at Dodger Stadium,0.0,0.0,0.0,0.269,0.0,0.269,197,0.0,0.0,True
2026-08-12,691373,823833,Jhostynxon Garcia,Pittsburgh Pirates,Pittsburgh Pirates@Miami Marlins,Janson Junk,loanDepot park,0.0,0.0,0.0,0.268,0.0,0.268,198,0.0,0.0,True
2026-08-12,518595,823994,Travis d'Arnaud,Los Angeles Angels,Texas Rangers@Los Angeles Angels,Cal Quantrill,Angel Stadium,-0.3077,0.0,0.0,0.385,-0.3078,0.2665,199,0.0,0.0,True
2026-08-12,664034,823263,Ty France,San Diego Padres,Milwaukee Brewers@San Diego Padres,Dustin May,Petco Park,0.0,0.0,0.0,0.265,0.0,0.265,200,0.0,0.0,True
2026-08-12,647304,823511,Josh Naylor,Seattle Mariners,Seattle Mariners@New York Yankees,Will Warren,Yankee Stadium,0.0,0.0,0.0,0.265,0.0,0.265,201,0.0,0.0,True
2026-08-12,701162,824241,Ben Malgeri,Detroit Tigers,Cleveland Guardians@Detroit Tigers,Foster Griffin,Comerica Park,0.0,0.0,0.0,0.264,0.0,0.264,202,0.0,0.0,True
2026-08-12,694374,825047,Tim Tawa,Arizona Diamondbacks,Colorado Rockies@Arizona Diamondbacks,Ryan Feltner,Chase Field,0.0,0.0,0.0,0.261,0.0,0.261,203,0.0,0.0,True
2026-08-12,686668,824562,Brenton Doyle,Chicago White Sox,Cincinnati Reds@Chicago White Sox,Rhett Lowder,Rate Field,0.0,0.0,0.0,0.259,0.0,0.259,204,0.0,0.0,True
2026-08-12,650968,823672,Yohel Pozo,Baltimore Orioles,Baltimore Orioles@Minnesota Twins,Zebby Matthews,Target Field,0.0,0.0,0.0,0.257,0.0,0.257,205,0.0,0.0,True
2026-08-12,678489,825047,Jorge Barrosa,Arizona Diamondbacks,Colorado Rockies@Arizona Diamondbacks,Ryan Feltner,Chase Field,0.0,0.0,0.0,0.256,0.0,0.256,206,0.0,0.0,True
2026-08-12,543807,822779,George Springer,Toronto Blue Jays,Boston Red Sox@Toronto Blue Jays,Ranger Suarez,Rogers Centre,0.0,0.0,0.0,0.256,0.0,0.256,207,0.0,0.0,True
2026-08-12,593871,824883,Jorge Polanco,New York Mets,New York Mets@Atlanta Braves,Tyler Mahle,Truist Park,0.0,0.0,0.0,0.256,0.0,0.256,208,0.0,0.0,True
2026-08-12,700337,824562,Edgar Quero,Chicago White Sox,Cincinnati Reds@Chicago White Sox,Rhett Lowder,Rate Field,0.0,0.0,0.0,0.256,0.0,0.256,209,0.0,0.0,True
2026-08-12,700246,824967,Carson Williams,Tampa Bay Rays,Tampa Bay Rays@Athletics,Jack Perkins,Sutter Health Park,0.0,0.0,0.0,0.255,0.0,0.255,210,0.0,0.0,True
2026-08-12,669394,823994,Jake Burger,Texas Rangers,Texas Rangers@Los Angeles Angels,George Klassen,Angel Stadium,-0.3077,0.0,0.0,0.366,-0.3077,0.2534,211,0.0,0.0,True
2026-08-12,657136,822779,Connor Wong,Boston Red Sox,Boston Red Sox@Toronto Blue Jays,José Soriano,Rogers Centre,0.0,0.0,0.0,0.253,0.0,0.253,212,0.0,0.0,True
2026-08-12,663586,824883,Austin Riley,Atlanta Braves,New York Mets@Atlanta Braves,Zac Thornton,Truist Park,-0.4172,0.0,0.0,0.427,-0.4171,0.2489,213,1.0,1.0,True
2026-08-12,665966,823672,Carlos Narváez,Baltimore Orioles,Baltimore Orioles@Minnesota Twins,Zebby Matthews,Target Field,0.0,0.0,0.0,0.248,0.0,0.248,214,0.0,0.0,True
2026-08-12,682998,825047,Corbin Carroll,Arizona Diamondbacks,Colorado Rockies@Arizona Diamondbacks,Ryan Feltner,Chase Field,0.0,0.0,0.0,0.248,0.0,0.248,215,1.0,1.0,True
2026-08-12,656555,824241,Rhys Hoskins,Cleveland Guardians,Cleveland Guardians@Detroit Tigers,Framber Valdez,Comerica Park,0.0,0.0,0.0,0.248,0.0,0.248,216,0.0,0.0,True
2026-08-12,621438,822698,Tyrone Taylor,Chicago Cubs,Chicago Cubs@Washington Nationals,Jackson Kent,Nationals Park,0.0,0.0,0.0,0.248,0.0,0.248,217,0.0,0.0,True
2026-08-12,645305,823511,Ali Sánchez,New York Yankees,Seattle Mariners@New York Yankees,Bryce Miller,Yankee Stadium,0.0,0.0,0.0,0.248,0.0,0.248,218,0.0,0.0,True
2026-08-12,660821,822779,Jesús Sánchez,Toronto Blue Jays,Boston Red Sox@Toronto Blue Jays,Ranger Suarez,Rogers Centre,0.0,0.0,0.0,0.248,0.0,0.248,219,0.0,0.0,True
2026-08-12,686948,824883,Drake Baldwin,Atlanta Braves,New York Mets@Atlanta Braves,Zac Thornton,Truist Park,0.0,0.0,0.0,0.248,0.0,0.248,220,0.0,0.0,True
2026-08-12,545361,823994,Mike Trout,Los Angeles Angels,Texas Rangers@Los Angeles Angels,Cal Quantrill,Angel Stadium,-0.3077,0.0,0.0,0.358,-0.3078,0.2478,221,0.0,0.0,True
2026-08-12,656577,823672,Alex Jackson,Minnesota Twins,Baltimore Orioles@Minnesota Twins,Shane Baz,Target Field,0.0,0.0,0.0,0.245,0.0,0.245,222,0.0,0.0,True
2026-08-12,608324,822698,Alex Bregman,Chicago Cubs,Chicago Cubs@Washington Nationals,Jackson Kent,Nationals Park,0.0,0.0,0.0,0.244,0.0,0.244,223,1.0,3.0,True
2026-08-12,680977,823511,Brendan Donovan,Seattle Mariners,Seattle Mariners@New York Yankees,Will Warren,Yankee Stadium,0.0,0.0,0.0,0.241,0.0,0.241,224,0.0,0.0,True
2026-08-12,624641,823017,Edmundo Sosa,Philadelphia Phillies,Philadelphia Phillies@St. Louis Cardinals,Kyle Leahy,Busch Stadium,-0.5154,0.0,0.0,0.496,-0.5153,0.2404,225,0.0,0.0,True
2026-08-12,678662,825047,Ezequiel Tovar,Colorado Rockies,Colorado Rockies@Arizona Diamondbacks,Merrill Kelly,Chase Field,0.0,0.0,0.0,0.24,0.0,0.24,226,0.0,0.0,True
2026-08-12,823550,823263,Sung-Mun Song,San Diego Padres,Milwaukee Brewers@San Diego Padres,Dustin May,Petco Park,0.0,0.0,0.0,0.24,0.0,0.24,227,0.0,0.0,True
2026-08-12,682657,824241,Angel Martínez,Cleveland Guardians,Cleveland Guardians@Detroit Tigers,Framber Valdez,Comerica Park,0.0,0.0,0.0,0.24,0.0,0.24,228,0.0,0.0,True
2026-08-12,670770,824562,TJ Friedl,Cincinnati Reds,Cincinnati Reds@Chicago White Sox,Luis Castillo,Rate Field,0.0,0.0,0.0,0.24,0.0,0.24,229,0.0,0.0,True
2026-08-12,672515,825047,Gabriel Moreno,Arizona Diamondbacks,Colorado Rockies@Arizona Diamondbacks,Ryan Feltner,Chase Field,0.0,0.0,0.0,0.237,0.0,0.237,230,0.0,0.0,True
2026-08-12,595978,824241,Austin Hedges,Cleveland Guardians,Cleveland Guardians@Detroit Tigers,Framber Valdez,Comerica Park,0.0,0.0,0.0,0.237,0.0,0.237,231,0.0,0.0,True
2026-08-12,671739,824883,Michael Harris II,Atlanta Braves,New York Mets@Atlanta Braves,Zac Thornton,Truist Park,0.0,0.0,0.0,0.237,0.0,0.237,232,0.0,0.0,True
2026-08-12,657757,823263,Gavin Sheets,San Diego Padres,Milwaukee Brewers@San Diego Padres,Dustin May,Petco Park,0.0,0.0,0.0,0.233,0.0,0.233,233,0.0,0.0,True
2026-08-12,676609,823511,José Caballero,New York Yankees,Seattle Mariners@New York Yankees,Bryce Miller,Yankee Stadium,0.0,0.0,0.0,0.233,0.0,0.233,234,0.0,0.0,True
2026-08-12,687093,823994,Vaughn Grissom,Los Angeles Angels,Texas Rangers@Los Angeles Angels,Cal Quantrill,Angel Stadium,-0.3077,0.0,0.0,0.334,-0.3078,0.2312,235,0.0,0.0,True
2026-08-12,672695,825047,Geraldo Perdomo,Arizona Diamondbacks,Colorado Rockies@Arizona Diamondbacks,Ryan Feltner,Chase Field,0.0,0.0,0.0,0.23,0.0,0.23,236,0.0,0.0,True
2026-08-12,683748,824967,Victor Mesa Jr.,Tampa Bay Rays,Tampa Bay Rays@Athletics,Jack Perkins,Sutter Health Park,0.0,0.0,0.0,0.226,0.0,0.226,237,0.0,0.0,True
2026-08-12,688363,823833,Graham Pauley,Miami Marlins,Pittsburgh Pirates@Miami Marlins,Carmen Mlodzinski,loanDepot park,0.0,0.0,0.0,0.226,0.0,0.226,238,0.0,0.0,True
2026-08-12,641857,823511,Ryan McMahon,New York Yankees,Seattle Mariners@New York Yankees,Bryce Miller,Yankee Stadium,0.0,0.0,0.0,0.226,0.0,0.226,239,0.0,0.0,True
2026-08-12,624431,824562,Jose Trevino,Cincinnati Reds,Cincinnati Reds@Chicago White Sox,Luis Castillo,Rate Field,0.0,0.0,0.0,0.225,0.0,0.225,240,0.0,0.0,True
2026-08-12,699625,823017,Jimmy Crooks,St. Louis Cardinals,Philadelphia Phillies@St. Louis Cardinals,Zack Wheeler,Busch Stadium,-0.3375,0.0,0.0,0.337,-0.3374,0.2233,241,0.0,0.0,True
2026-08-12,805300,823833,Jakob Marsee,Miami Marlins,Pittsburgh Pirates@Miami Marlins,Carmen Mlodzinski,loanDepot park,0.0,0.0,0.0,0.22,0.0,0.22,242,0.0,0.0,True
2026-08-12,640902,823511,Jhonny Pereda,Seattle Mariners,Seattle Mariners@New York Yankees,Will Warren,Yankee Stadium,0.0,0.0,0.0,0.22,0.0,0.22,243,0.0,0.0,True
2026-08-12,677592,823017,Everson Pereira,St. Louis Cardinals,Philadelphia Phillies@St. Louis Cardinals,Zack Wheeler,Busch Stadium,-0.5154,0.0,0.0,0.452,-0.5155,0.219,244,0.0,0.0,True
2026-08-12,687551,823187,Drew Gilbert,San Francisco Giants,Houston Astros@San Francisco Giants,Bryan King,Oracle Park,0.0,0.0,0.0,0.214,0.0,0.214,245,0.0,0.0,True
2026-08-12,663647,824562,Ke'Bryan Hayes,Cincinnati Reds,Cincinnati Reds@Chicago White Sox,Luis Castillo,Rate Field,0.0,0.0,0.0,0.214,0.0,0.214,246,0.0,0.0,True
2026-08-12,596146,825047,Max Kepler,Arizona Diamondbacks,Colorado Rockies@Arizona Diamondbacks,Ryan Feltner,Chase Field,0.0,0.0,0.0,0.208,0.0,0.208,247,0.0,0.0,True
2026-08-12,672356,824883,Gabriel Arias,New York Mets,New York Mets@Atlanta Braves,Tyler Mahle,Truist Park,-0.4172,0.0,0.0,0.347,-0.4173,0.2022,248,0.0,0.0,True
2026-08-12,608348,822698,Carson Kelly,Chicago Cubs,Chicago Cubs@Washington Nationals,Jackson Kent,Nationals Park,0.0,0.0,0.0,0.202,0.0,0.202,249,0.0,0.0,True
2026-08-12,656775,824967,Cedric Mullins,Tampa Bay Rays,Tampa Bay Rays@Athletics,Jack Perkins,Sutter Health Park,0.0,0.0,0.0,0.197,0.0,0.197,250,0.0,0.0,True
2026-08-12,664954,825047,Brett Sullivan,Colorado Rockies,Colorado Rockies@Arizona Diamondbacks,Merrill Kelly,Chase Field,0.0,0.0,0.0,0.197,0.0,0.197,251,1.0,1.0,True
2026-08-12,699393,822698,Pedro Ramírez,Chicago Cubs,Chicago Cubs@Washington Nationals,Jackson Kent,Nationals Park,0.0,0.0,0.0,0.197,0.0,0.197,252,0.0,0.0,True
2026-08-12,502671,823511,Paul Goldschmidt,New York Yankees,Seattle Mariners@New York Yankees,Bryce Miller,Yankee Stadium,0.0,0.0,0.0,0.197,0.0,0.197,253,0.0,0.0,True
2026-08-12,806068,823511,Colt Emerson,Seattle Mariners,Seattle Mariners@New York Yankees,Will Warren,Yankee Stadium,0.0,0.0,0.0,0.197,0.0,0.197,254,0.0,0.0,True
2026-08-12,693409,823017,César Prieto,St. Louis Cardinals,Philadelphia Phillies@St. Louis Cardinals,Zack Wheeler,Busch Stadium,-0.3375,0.0,0.0,0.296,-0.3375,0.1961,255,0.0,0.0,True
2026-08-12,666126,824967,Carlos Cortes,Athletics,Tampa Bay Rays@Athletics,Drew Rasmussen,Sutter Health Park,0.0,0.0,0.0,0.192,0.0,0.192,256,0.0,0.0,True
2026-08-12,681393,825047,Connor Norby,Colorado Rockies,Colorado Rockies@Arizona Diamondbacks,Merrill Kelly,Chase Field,0.0,0.0,0.0,0.192,0.0,0.192,257,0.0,0.0,True
2026-08-12,678011,822779,Anthony Seigler,Boston Red Sox,Boston Red Sox@Toronto Blue Jays,José Soriano,Rogers Centre,0.0,0.0,0.0,0.192,0.0,0.192,258,0.0,0.0,True
2026-08-12,695731,824562,Braden Montgomery,Chicago White Sox,Cincinnati Reds@Chicago White Sox,Rhett Lowder,Rate Field,0.0,0.0,0.0,0.192,0.0,0.192,259,0.0,0.0,True
2026-08-12,669397,823187,Nick Allen,Houston Astros,Houston Astros@San Francisco Giants,Adrian Houser,Oracle Park,0.0,0.0,0.0,0.191,0.0,0.191,260,0.0,0.0,True
2026-08-12,656537,823017,Derek Hill,Philadelphia Phillies,Philadelphia Phillies@St. Louis Cardinals,Kyle Leahy,Busch Stadium,-0.5154,0.0,0.0,0.384,-0.5154,0.1861,261,0.0,0.0,True
2026-08-12,608369,823994,Corey Seager,Texas Rangers,Texas Rangers@Los Angeles Angels,George Klassen,Angel Stadium,-0.4266,0.0,0.0,0.314,-0.4268,0.18,262,1.0,1.0,True
2026-08-12,642851,823994,Austin Wynns,Texas Rangers,Texas Rangers@Los Angeles Angels,George Klassen,Angel Stadium,-0.3077,0.0,0.0,0.257,-0.3078,0.1779,263,0.0,0.0,True
2026-08-12,665506,824883,Cristian Pache,New York Mets,New York Mets@Atlanta Braves,Tyler Mahle,Truist Park,-0.4172,0.0,0.0,0.305,-0.417,0.1778,264,0.0,0.0,True
2026-08-12,694203,823994,Denzer Guzman,Los Angeles Angels,Texas Rangers@Los Angeles Angels,Cal Quantrill,Angel Stadium,-0.3077,0.0,0.0,0.256,-0.3078,0.1772,265,0.0,0.0,True
2026-08-12,553869,823994,Elias Díaz,Texas Rangers,Texas Rangers@Los Angeles Angels,George Klassen,Angel Stadium,-0.3077,0.0,0.0,0.256,-0.3078,0.1772,266,0.0,0.0,True
2026-08-12,679822,823994,Justin Foscue,Texas Rangers,Texas Rangers@Los Angeles Angels,George Klassen,Angel Stadium,-0.3077,0.0,0.0,0.256,-0.3078,0.1772,267,0.0,0.0,True
2026-08-12,802139,823017,JJ Wetherholt,St. Louis Cardinals,Philadelphia Phillies@St. Louis Cardinals,Zack Wheeler,Busch Stadium,-0.3375,0.0,0.0,0.265,-0.3374,0.1756,268,0.0,0.0,True
2026-08-12,607208,823017,Trea Turner,Philadelphia Phillies,Philadelphia Phillies@St. Louis Cardinals,Kyle Leahy,Busch Stadium,-0.5154,0.0,0.0,0.361,-0.5155,0.1749,269,0.0,0.0,True
2026-08-12,805811,823187,Bryce Eldridge,San Francisco Giants,Houston Astros@San Francisco Giants,Bryan King,Oracle Park,0.0,0.0,0.0,0.171,0.0,0.171,270,0.0,0.0,True
2026-08-12,676724,824883,Jared Young,New York Mets,New York Mets@Atlanta Braves,Tyler Mahle,Truist Park,0.0,0.0,0.0,0.171,0.0,0.171,271,0.0,0.0,True
2026-08-12,683002,823672,Gunnar Henderson,Baltimore Orioles,Baltimore Orioles@Minnesota Twins,Zebby Matthews,Target Field,0.0,0.0,0.0,0.167,0.0,0.167,272,0.0,0.0,True
2026-08-12,643446,824967,Jeff McNeil,Athletics,Tampa Bay Rays@Athletics,Drew Rasmussen,Sutter Health Park,0.0,0.0,0.0,0.167,0.0,0.167,273,0.0,0.0,True
2026-08-12,642715,823187,Willy Adames,San Francisco Giants,Houston Astros@San Francisco Giants,Bryan King,Oracle Park,0.0,0.0,0.0,0.167,0.0,0.167,274,0.0,0.0,True
2026-08-12,665926,822779,Andrés Giménez,Toronto Blue Jays,Boston Red Sox@Toronto Blue Jays,Ranger Suarez,Rogers Centre,0.0,0.0,0.0,0.167,0.0,0.167,275,0.0,0.0,True
2026-08-12,702616,823672,Jackson Holliday,Baltimore Orioles,Baltimore Orioles@Minnesota Twins,Zebby Matthews,Target Field,0.0,0.0,0.0,0.164,0.0,0.164,276,0.0,0.0,True
2026-08-12,694249,825047,Cole Carrigg,Colorado Rockies,Colorado Rockies@Arizona Diamondbacks,Merrill Kelly,Chase Field,0.0,0.0,0.0,0.164,0.0,0.164,277,0.0,0.0,True
2026-08-12,803011,824562,Sam Antonacci,Chicago White Sox,Cincinnati Reds@Chicago White Sox,Rhett Lowder,Rate Field,0.0,0.0,0.0,0.164,0.0,0.164,278,0.0,0.0,True
2026-08-12,686555,823916,Isaac Collins,Kansas City Royals,Kansas City Royals@Los Angeles Dodgers,Eric Lauer,UNIQLO Field at Dodger Stadium,0.0,0.0,0.0,0.164,0.0,0.164,279,0.0,0.0,True
2026-08-12,679845,823916,Nick Loftin,Kansas City Royals,Kansas City Royals@Los Angeles Dodgers,Eric Lauer,UNIQLO Field at Dodger Stadium,0.0,0.0,0.0,0.164,0.0,0.164,280,0.0,0.0,True
2026-08-12,669221,824883,Sean Murphy,Atlanta Braves,New York Mets@Atlanta Braves,Zac Thornton,Truist Park,-0.4172,0.0,0.0,0.278,-0.4173,0.162,281,0.0,0.0,True
2026-08-12,596117,823017,Garrett Stubbs,Philadelphia Phillies,Philadelphia Phillies@St. Louis Cardinals,Kyle Leahy,Busch Stadium,-0.3375,0.0,0.0,0.24,-0.3375,0.159,282,0.0,0.0,True
2026-08-12,621020,822698,Dansby Swanson,Chicago Cubs,Chicago Cubs@Washington Nationals,Jackson Kent,Nationals Park,0.0,0.0,0.0,0.157,0.0,0.157,283,1.0,1.0,True
2026-08-12,669242,823916,Tommy Edman,Los Angeles Dodgers,Kansas City Royals@Los Angeles Dodgers,Daniel Lynch IV,UNIQLO Field at Dodger Stadium,0.0,0.0,0.0,0.157,0.0,0.157,284,0.0,0.0,True
2026-08-12,650559,823017,Bryan De La Cruz,Philadelphia Phillies,Philadelphia Phillies@St. Louis Cardinals,Kyle Leahy,Busch Stadium,-0.5154,0.0,0.0,0.323,-0.5155,0.1565,285,0.0,0.0,True
2026-08-12,695508,823994,Cam Cauley,Texas Rangers,Texas Rangers@Los Angeles Angels,George Klassen,Angel Stadium,-0.3077,0.0,0.0,0.226,-0.3075,0.1565,286,0.0,0.0,True
2026-08-12,800050,824241,Chase DeLauter,Cleveland Guardians,Cleveland Guardians@Detroit Tigers,Framber Valdez,Comerica Park,0.0,0.0,0.0,0.154,0.0,0.154,287,0.0,0.0,True
2026-08-12,668804,823833,Bryan Reynolds,Pittsburgh Pirates,Pittsburgh Pirates@Miami Marlins,Janson Junk,loanDepot park,0.0,0.0,0.0,0.154,0.0,0.154,288,0.0,0.0,True
2026-08-12,655316,822779,Andruw Monasterio,Boston Red Sox,Boston Red Sox@Toronto Blue Jays,José Soriano,Rogers Centre,0.0,0.0,0.0,0.154,0.0,0.154,289,0.0,0.0,True
2026-08-12,662139,823187,Daulton Varsho,Houston Astros,Houston Astros@San Francisco Giants,Adrian Houser,Oracle Park,0.0,0.0,0.0,0.151,0.0,0.151,290,0.0,0.0,True
2026-08-12,807799,822779,Masataka Yoshida,Boston Red Sox,Boston Red Sox@Toronto Blue Jays,José Soriano,Rogers Centre,0.0,0.0,0.0,0.151,0.0,0.151,291,0.0,0.0,True
2026-08-12,673490,824883,Ha-Seong Kim,Atlanta Braves,New York Mets@Atlanta Braves,Zac Thornton,Truist Park,-0.4172,0.0,0.0,0.257,-0.4171,0.1498,292,0.0,0.0,True
2026-08-12,620443,824883,Luis Torrens,New York Mets,New York Mets@Atlanta Braves,Tyler Mahle,Truist Park,-0.4172,0.0,0.0,0.256,-0.4172,0.1492,293,1.0,1.0,True
2026-08-12,666018,824967,Jonathan Aranda,Tampa Bay Rays,Tampa Bay Rays@Athletics,Jack Perkins,Sutter Health Park,0.0,0.0,0.0,0.145,0.0,0.145,294,0.0,0.0,True
2026-08-12,689414,824967,Liam Hicks,Tampa Bay Rays,Tampa Bay Rays@Athletics,Jack Perkins,Sutter Health Park,0.0,0.0,0.0,0.145,0.0,0.145,295,1.0,1.0,True
2026-08-12,661388,823263,William Contreras,Milwaukee Brewers,Milwaukee Brewers@San Diego Padres,Robbie Ray,Petco Park,0.0,0.0,0.0,0.145,0.0,0.145,296,0.0,0.0,True
2026-08-12,691594,823833,Javier Sanoja,Miami Marlins,Pittsburgh Pirates@Miami Marlins,Carmen Mlodzinski,loanDepot park,0.0,0.0,0.0,0.145,0.0,0.145,297,0.0,0.0,True
2026-08-12,665489,822779,Vladimir Guerrero Jr.,Toronto Blue Jays,Boston Red Sox@Toronto Blue Jays,Ranger Suarez,Rogers Centre,0.0,0.0,0.0,0.145,0.0,0.145,298,0.0,0.0,True
2026-08-12,672284,823994,Jarred Kelenic,Texas Rangers,Texas Rangers@Los Angeles Angels,George Klassen,Angel Stadium,-0.4266,0.0,0.0,0.248,-0.4266,0.1422,299,0.0,0.0,True
2026-08-12,680757,824241,Steven Kwan,Cleveland Guardians,Cleveland Guardians@Detroit Tigers,Framber Valdez,Comerica Park,0.0,0.0,0.0,0.137,0.0,0.137,300,0.0,0.0,True
2026-08-12,702332,822779,Caleb Durbin,Boston Red Sox,Boston Red Sox@Toronto Blue Jays,José Soriano,Rogers Centre,0.0,0.0,0.0,0.135,0.0,0.135,301,1.0,1.0,True
2026-08-12,664770,822779,Nathan Lukes,Toronto Blue Jays,Boston Red Sox@Toronto Blue Jays,Ranger Suarez,Rogers Centre,0.0,0.0,0.0,0.133,0.0,0.133,302,0.0,0.0,True
2026-08-12,514888,823187,Jose Altuve,Houston Astros,Houston Astros@San Francisco Giants,Adrian Houser,Oracle Park,0.0,0.0,0.0,0.128,0.0,0.128,303,0.0,0.0,True
2026-08-12,624428,823994,Adam Frazier,Los Angeles Angels,Texas Rangers@Los Angeles Angels,Cal Quantrill,Angel Stadium,-0.4266,0.0,0.0,0.222,-0.4266,0.1273,304,0.0,0.0,True
2026-08-12,805779,824967,Jacob Wilson,Athletics,Tampa Bay Rays@Athletics,Drew Rasmussen,Sutter Health Park,0.0,0.0,0.0,0.126,0.0,0.126,305,0.0,0.0,True
2026-08-12,686780,823017,Pedro Pagés,St. Louis Cardinals,Philadelphia Phillies@St. Louis Cardinals,Zack Wheeler,Busch Stadium,-0.5154,0.0,0.0,0.256,-0.5152,0.1241,306,0.0,0.0,True
2026-08-12,694208,823994,Moisés Ballesteros,Los Angeles Angels,Texas Rangers@Los Angeles Angels,Cal Quantrill,Angel Stadium,-0.4266,0.0,0.0,0.214,-0.4266,0.1227,307,0.0,0.0,True
2026-08-12,685133,823994,Wade Meckler,Los Angeles Angels,Texas Rangers@Los Angeles Angels,Cal Quantrill,Angel Stadium,-0.4266,0.0,0.0,0.214,-0.4266,0.1227,308,0.0,0.0,True
2026-08-12,702284,823511,Cole Young,Seattle Mariners,Seattle Mariners@New York Yankees,Will Warren,Yankee Stadium,0.0,0.0,0.0,0.12,0.0,0.12,309,0.0,0.0,True
2026-08-12,671056,823017,Iván Herrera,St. Louis Cardinals,Philadelphia Phillies@St. Louis Cardinals,Zack Wheeler,Busch Stadium,-0.5154,0.0,0.0,0.244,-0.5156,0.1182,310,0.0,0.0,True
2026-08-12,687263,823994,Zach Neto,Los Angeles Angels,Texas Rangers@Los Angeles Angels,Cal Quantrill,Angel Stadium,-0.3077,0.0,0.0,0.164,-0.3079,0.1135,311,0.0,0.0,True
2026-08-12,693304,823833,Nick Gonzales,Pittsburgh Pirates,Pittsburgh Pirates@Miami Marlins,Janson Junk,loanDepot park,0.0,0.0,0.0,0.113,0.0,0.113,312,0.0,0.0,True
2026-08-12,683737,822698,Michael Busch,Chicago Cubs,Chicago Cubs@Washington Nationals,Jackson Kent,Nationals Park,0.0,0.0,0.0,0.113,0.0,0.113,313,0.0,0.0,True
2026-08-12,676391,822779,Ernie Clement,Toronto Blue Jays,Boston Red Sox@Toronto Blue Jays,Ranger Suarez,Rogers Centre,0.0,0.0,0.0,0.111,0.0,0.111,314,0.0,0.0,True
2026-08-12,701675,823017,Nathan Church,St. Louis Cardinals,Philadelphia Phillies@St. Louis Cardinals,Zack Wheeler,Busch Stadium,-0.3375,0.0,0.0,0.16,-0.3375,0.106,315,0.0,0.0,True
2026-08-12,681082,823017,Bryson Stott,Philadelphia Phillies,Philadelphia Phillies@St. Louis Cardinals,Kyle Leahy,Busch Stadium,-0.3375,0.0,0.0,0.151,-0.3377,0.1,316,0.0,0.0,True
2026-08-12,623168,823994,Tyler Heineman,Los Angeles Angels,Texas Rangers@Los Angeles Angels,Cal Quantrill,Angel Stadium,-0.4266,0.0,0.0,0.17,-0.4265,0.0975,317,0.0,0.0,True
2026-08-12,592663,823017,J.T. Realmuto,Philadelphia Phillies,Philadelphia Phillies@St. Louis Cardinals,Kyle Leahy,Busch Stadium,-0.5154,0.0,0.0,0.197,-0.5152,0.0955,318,0.0,0.0,True
2026-08-12,665877,823017,José Fermín,St. Louis Cardinals,Philadelphia Phillies@St. Louis Cardinals,Zack Wheeler,Busch Stadium,-0.5154,0.0,0.0,0.16,-0.5156,0.0775,319,0.0,0.0,True
2026-08-12,694384,823994,Nolan Schanuel,Los Angeles Angels,Texas Rangers@Los Angeles Angels,Cal Quantrill,Angel Stadium,-0.4266,0.0,0.0,0.128,-0.4266,0.0734,320,0.0,0.0,True
2026-08-12,666182,824883,Bo Bichette,New York Mets,New York Mets@Atlanta Braves,Tyler Mahle,Truist Park,-0.4172,0.0,0.0,0.124,-0.4169,0.0723,321,1.0,1.0,True
2026-08-12,650333,823017,Luis Arraez,Philadelphia Phillies,Philadelphia Phillies@St. Louis Cardinals,Kyle Leahy,Busch Stadium,-0.3375,0.0,0.0,0.108,-0.337,0.0716,322,0.0,0.0,True
2026-08-12,691023,823017,Jordan Walker,St. Louis Cardinals,Philadelphia Phillies@St. Louis Cardinals,Zack Wheeler,Busch Stadium,-0.5154,0.0,0.0,0.14,-0.5157,0.0678,323,0.0,0.0,True
2026-08-12,664761,823017,Alec Bohm,Philadelphia Phillies,Philadelphia Phillies@St. Louis Cardinals,Kyle Leahy,Busch Stadium,-0.5154,0.0,0.0,0.124,-0.5153,0.0601,324,0.0,0.0,True
2026-08-12,668885,823672,Austin Martin,Minnesota Twins,Baltimore Orioles@Minnesota Twins,Shane Baz,Target Field,0.0,0.0,0.0,0.0,0.0,0.0,325,0.0,0.0,True
2026-08-12,668952,823672,Ryan Kreidler,Minnesota Twins,Baltimore Orioles@Minnesota Twins,Shane Baz,Target Field,0.0,0.0,0.0,0.0,0.0,0.0,326,0.0,0.0,True
2026-08-12,605170,823672,Victor Caratini,Minnesota Twins,Baltimore Orioles@Minnesota Twins,Shane Baz,Target Field,0.0,0.0,0.0,0.0,0.0,0.0,327,0.0,0.0,True
2026-08-12,687637,823672,Dylan Beavers,Baltimore Orioles,Baltimore Orioles@Minnesota Twins,Zebby Matthews,Target Field,0.0,0.0,0.0,0.0,0.0,0.0,328,1.0,1.0,True
2026-08-12,669236,823672,Jeremiah Jackson,Baltimore Orioles,Baltimore Orioles@Minnesota Twins,Zebby Matthews,Target Field,0.0,0.0,0.0,0.0,0.0,0.0,329,0.0,0.0,True
2026-08-12,691458,823017,Blaze Jordan,St. Louis Cardinals,Philadelphia Phillies@St. Louis Cardinals,Zack Wheeler,Busch Stadium,-0.5154,0.0,0.0,0.0,0.0,0.0,330,0.0,0.0,True
2026-08-12,691026,823017,Masyn Winn,St. Louis Cardinals,Philadelphia Phillies@St. Louis Cardinals,Zack Wheeler,Busch Stadium,-0.5154,0.0,0.0,0.0,0.0,0.0,331,0.0,0.0,True
2026-08-12,669016,823017,Brandon Marsh,Philadelphia Phillies,Philadelphia Phillies@St. Louis Cardinals,Kyle Leahy,Busch Stadium,-0.3375,0.0,0.0,0.0,0.0,0.0,332,1.0,1.0,True
2026-08-12,702222,823017,Justin Crawford,Philadelphia Phillies,Philadelphia Phillies@St. Louis Cardinals,Kyle Leahy,Busch Stadium,-0.3375,0.0,0.0,0.0,0.0,0.0,333,0.0,0.0,True
2026-08-12,675961,824967,Alika Williams,Athletics,Tampa Bay Rays@Athletics,Drew Rasmussen,Sutter Health Park,0.0,0.0,0.0,0.0,0.0,0.0,334,0.0,0.0,True
2026-08-12,695720,824967,Tommy White,Athletics,Tampa Bay Rays@Athletics,Drew Rasmussen,Sutter Health Park,0.0,0.0,0.0,0.0,0.0,0.0,335,0.0,0.0,True
2026-08-12,802415,824967,Chandler Simpson,Tampa Bay Rays,Tampa Bay Rays@Athletics,Jack Perkins,Sutter Health Park,0.0,0.0,0.0,0.0,0.0,0.0,336,0.0,0.0,True
2026-08-12,670764,824967,Taylor Walls,Tampa Bay Rays,Tampa Bay Rays@Athletics,Jack Perkins,Sutter Health Park,0.0,0.0,0.0,0.0,0.0,0.0,337,0.0,0.0,True
2026-08-12,545121,825047,Ildemaro Vargas,Arizona Diamondbacks,Colorado Rockies@Arizona Diamondbacks,Ryan Feltner,Chase Field,0.0,0.0,0.0,0.0,0.0,0.0,338,0.0,0.0,True
2026-08-12,663457,825047,Lars Nootbaar,Arizona Diamondbacks,Colorado Rockies@Arizona Diamondbacks,Ryan Feltner,Chase Field,0.0,0.0,0.0,0.0,0.0,0.0,339,0.0,0.0,True
2026-08-12,681198,825047,TJ Rumfield,Colorado Rockies,Colorado Rockies@Arizona Diamondbacks,Merrill Kelly,Chase Field,0.0,0.0,0.0,0.0,0.0,0.0,340,0.0,0.0,True
2026-08-12,687859,825047,Troy Johnston,Colorado Rockies,Colorado Rockies@Arizona Diamondbacks,Merrill Kelly,Chase Field,0.0,0.0,0.0,0.0,0.0,0.0,341,0.0,0.0,True
2026-08-12,683766,823187,Christian Koss,San Francisco Giants,Houston Astros@San Francisco Giants,Bryan King,Oracle Park,0.0,0.0,0.0,0.0,0.0,0.0,342,0.0,0.0,True
2026-08-12,543877,823187,Christian Vázquez,Houston Astros,Houston Astros@San Francisco Giants,Adrian Houser,Oracle Park,0.0,0.0,0.0,0.0,0.0,0.0,343,0.0,0.0,True
2026-08-12,664774,823187,LaMonte Wade Jr.,Houston Astros,Houston Astros@San Francisco Giants,Adrian Houser,Oracle Park,0.0,0.0,0.0,0.0,0.0,0.0,344,0.0,0.0,True
2026-08-12,666023,823263,Freddy Fermin,San Diego Padres,Milwaukee Brewers@San Diego Padres,Dustin May,Petco Park,0.0,0.0,0.0,0.0,0.0,0.0,345,0.0,0.0,True
2026-08-12,630105,823263,Jake Cronenworth,San Diego Padres,Milwaukee Brewers@San Diego Padres,Dustin May,Petco Park,0.0,0.0,0.0,0.0,0.0,0.0,346,0.0,0.0,True
2026-08-12,669134,823263,Luis Campusano,San Diego Padres,Milwaukee Brewers@San Diego Padres,Dustin May,Petco Park,0.0,0.0,0.0,0.0,0.0,0.0,347,0.0,0.0,True
2026-08-12,593428,823263,Xander Bogaerts,San Diego Padres,Milwaukee Brewers@San Diego Padres,Dustin May,Petco Park,0.0,0.0,0.0,0.0,0.0,0.0,348,1.0,1.0,True
2026-08-12,663604,823263,Brandon Lockridge,Milwaukee Brewers,Milwaukee Brewers@San Diego Padres,Robbie Ray,Petco Park,0.0,0.0,0.0,0.0,0.0,0.0,349,0.0,0.0,True
2026-08-12,666152,823263,David Hamilton,Milwaukee Brewers,Milwaukee Brewers@San Diego Padres,Robbie Ray,Petco Park,0.0,0.0,0.0,0.0,0.0,0.0,350,0.0,0.0,True
2026-08-12,669003,823263,Garrett Mitchell,Milwaukee Brewers,Milwaukee Brewers@San Diego Padres,Robbie Ray,Petco Park,0.0,0.0,0.0,0.0,0.0,0.0,351,0.0,0.0,True
2026-08-12,596142,823263,Gary Sánchez,Milwaukee Brewers,Milwaukee Brewers@San Diego Padres,Robbie Ray,Petco Park,0.0,0.0,0.0,0.0,0.0,0.0,352,1.0,1.0,True
2026-08-12,800325,823263,Luis Lara,Milwaukee Brewers,Milwaukee Brewers@San Diego Padres,Robbie Ray,Petco Park,0.0,0.0,0.0,0.0,0.0,0.0,353,0.0,0.0,True
2026-08-12,690993,824241,Colt Keith,Detroit Tigers,Cleveland Guardians@Detroit Tigers,Foster Griffin,Comerica Park,0.0,0.0,0.0,0.0,0.0,0.0,354,0.0,0.0,True
2026-08-12,595879,824241,Javier Báez,Detroit Tigers,Cleveland Guardians@Detroit Tigers,Foster Griffin,Comerica Park,0.0,0.0,0.0,0.0,0.0,0.0,355,0.0,0.0,True
2026-08-12,656716,824241,Zach McKinstry,Detroit Tigers,Cleveland Guardians@Detroit Tigers,Foster Griffin,Comerica Park,0.0,0.0,0.0,0.0,0.0,0.0,356,0.0,0.0,True
2026-08-12,677587,824241,Brayan Rocchio,Cleveland Guardians,Cleveland Guardians@Detroit Tigers,Framber Valdez,Comerica Park,0.0,0.0,0.0,0.0,0.0,0.0,357,0.0,0.0,True
2026-08-12,608070,824241,José Ramírez,Cleveland Guardians,Cleveland Guardians@Detroit Tigers,Framber Valdez,Comerica Park,0.0,0.0,0.0,0.0,0.0,0.0,358,0.0,0.0,True
2026-08-12,683953,824241,Travis Bazzana,Cleveland Guardians,Cleveland Guardians@Detroit Tigers,Framber Valdez,Comerica Park,0.0,0.0,0.0,0.0,0.0,0.0,359,0.0,0.0,True
2026-08-12,672640,823833,Otto Lopez,Miami Marlins,Pittsburgh Pirates@Miami Marlins,Carmen Mlodzinski,loanDepot park,0.0,0.0,0.0,0.0,0.0,0.0,360,0.0,0.0,True
2026-08-12,669364,823833,Xavier Edwards,Miami Marlins,Pittsburgh Pirates@Miami Marlins,Carmen Mlodzinski,loanDepot park,0.0,0.0,0.0,0.0,0.0,0.0,361,0.0,0.0,True
2026-08-12,669707,823833,Jared Triolo,Pittsburgh Pirates,Pittsburgh Pirates@Miami Marlins,Janson Junk,loanDepot park,0.0,0.0,0.0,0.0,0.0,0.0,362,1.0,1.0,True
2026-08-12,696285,822698,Jacob Young,Washington Nationals,Chicago Cubs@Washington Nationals,David Peterson,Nationals Park,0.0,0.0,0.0,0.0,0.0,0.0,363,0.0,0.0,True
2026-08-12,678391,822698,Jorbit Vivas,Washington Nationals,Chicago Cubs@Washington Nationals,David Peterson,Nationals Park,0.0,0.0,0.0,0.0,0.0,0.0,364,0.0,0.0,True
2026-08-12,660688,822698,Keibert Ruiz,Washington Nationals,Chicago Cubs@Washington Nationals,David Peterson,Nationals Park,0.0,0.0,0.0,0.0,0.0,0.0,365,0.0,0.0,True
2026-08-12,683083,822698,Nasim Nuñez,Washington Nationals,Chicago Cubs@Washington Nationals,David Peterson,Nationals Park,0.0,0.0,0.0,0.0,0.0,0.0,366,0.0,0.0,True
2026-08-12,671218,823511,Heliot Ramos,New York Yankees,Seattle Mariners@New York Yankees,Bryce Miller,Yankee Stadium,0.0,0.0,0.0,0.0,0.0,0.0,367,0.0,0.0,True
2026-08-12,660844,823511,Leo Rivas,Seattle Mariners,Seattle Mariners@New York Yankees,Will Warren,Yankee Stadium,0.0,0.0,0.0,0.0,0.0,0.0,368,0.0,0.0,True
2026-08-12,621493,823511,Taylor Ward,Seattle Mariners,Seattle Mariners@New York Yankees,Will Warren,Yankee Stadium,0.0,0.0,0.0,0.0,0.0,0.0,369,0.0,0.0,True
2026-08-12,645302,823511,Victor Robles,Seattle Mariners,Seattle Mariners@New York Yankees,Will Warren,Yankee Stadium,0.0,0.0,0.0,0.0,0.0,0.0,370,0.0,0.0,True
2026-08-12,669701,822779,Josh Smith,Toronto Blue Jays,Boston Red Sox@Toronto Blue Jays,Ranger Suarez,Rogers Centre,0.0,0.0,0.0,0.0,0.0,0.0,371,0.0,0.0,True
2026-08-12,664702,822779,Myles Straw,Toronto Blue Jays,Boston Red Sox@Toronto Blue Jays,Ranger Suarez,Rogers Centre,0.0,0.0,0.0,0.0,0.0,0.0,372,0.0,0.0,True
2026-08-12,668939,822779,Adley Rutschman,Boston Red Sox,Boston Red Sox@Toronto Blue Jays,José Soriano,Rogers Centre,0.0,0.0,0.0,0.0,0.0,0.0,373,0.0,0.0,True
2026-08-12,686765,822779,Nick Sogard,Boston Red Sox,Boston Red Sox@Toronto Blue Jays,José Soriano,Rogers Centre,0.0,0.0,0.0,0.0,0.0,0.0,374,0.0,0.0,True
2026-08-12,642086,824883,Dominic Smith,Atlanta Braves,New York Mets@Atlanta Braves,Zac Thornton,Truist Park,0.0,0.0,0.0,0.0,0.0,0.0,375,0.0,0.0,True
2026-08-12,805347,824883,Jim Jarvis,Atlanta Braves,New York Mets@Atlanta Braves,Zac Thornton,Truist Park,0.0,0.0,0.0,0.0,0.0,0.0,376,0.0,0.0,True
2026-08-12,643289,824883,Mauricio Dubón,Atlanta Braves,New York Mets@Atlanta Braves,Zac Thornton,Truist Park,-0.4172,0.0,0.0,0.0,0.0,0.0,377,0.0,0.0,True
2026-08-12,805999,824883,A.J. Ewing,New York Mets,New York Mets@Atlanta Braves,Tyler Mahle,Truist Park,0.0,0.0,0.0,0.0,0.0,0.0,378,0.0,0.0,True
2026-08-12,682668,824562,Luisangel Acuña,Chicago White Sox,Cincinnati Reds@Chicago White Sox,Rhett Lowder,Rate Field,0.0,0.0,0.0,0.0,0.0,0.0,379,0.0,0.0,True
2026-08-12,671976,824562,Tristan Peters,Chicago White Sox,Cincinnati Reds@Chicago White Sox,Rhett Lowder,Rate Field,0.0,0.0,0.0,0.0,0.0,0.0,380,0.0,0.0,True
2026-08-12,667472,824562,Dane Myers,Cincinnati Reds,Cincinnati Reds@Chicago White Sox,Luis Castillo,Rate Field,0.0,0.0,0.0,0.0,0.0,0.0,381,0.0,0.0,True
2026-08-12,682622,824562,Noelvi Marte,Cincinnati Reds,Cincinnati Reds@Chicago White Sox,Luis Castillo,Rate Field,0.0,0.0,0.0,0.0,0.0,0.0,382,0.0,0.0,True
2026-08-12,669743,823916,Alex Call,Los Angeles Dodgers,Kansas City Royals@Los Angeles Dodgers,Daniel Lynch IV,UNIQLO Field at Dodger Stadium,0.0,0.0,0.0,0.0,0.0,0.0,383,0.0,0.0,True
2026-08-12,518692,823916,Freddie Freeman,Los Angeles Dodgers,Kansas City Royals@Los Angeles Dodgers,Daniel Lynch IV,UNIQLO Field at Dodger Stadium,0.0,0.0,0.0,0.0,0.0,0.0,384,0.0,0.0,True
2026-08-12,605141,823916,Mookie Betts,Los Angeles Dodgers,Kansas City Royals@Los Angeles Dodgers,Daniel Lynch IV,UNIQLO Field at Dodger Stadium,0.0,0.0,0.0,0.0,0.0,0.0,385,1.0,1.0,True
2026-08-12,668942,823916,Josh Rojas,Kansas City Royals,Kansas City Royals@Los Angeles Dodgers,Eric Lauer,UNIQLO Field at Dodger Stadium,0.0,0.0,0.0,0.0,0.0,0.0,386,0.0,0.0,True
2026-08-12,664728,823916,Kyle Isbel,Kansas City Royals,Kansas City Royals@Los Angeles Dodgers,Eric Lauer,UNIQLO Field at Dodger Stadium,0.0,0.0,0.0,0.0,0.0,0.0,387,0.0,0.0,True
2026-08-12,672724,823994,Oswald Peraza,Los Angeles Angels,Texas Rangers@Los Angeles Angels,Cal Quantrill,Angel Stadium,-0.3077,0.0,0.0,0.0,0.0,0.0,388,0.0,0.0,True
2026-08-12,694497,823994,Evan Carter,Texas Rangers,Texas Rangers@Los Angeles Angels,George Klassen,Angel Stadium,-0.4266,0.0,0.0,0.0,0.0,0.0,389,0.0,0.0,True
2026-08-12,670032,823994,Nicky Lopez,Texas Rangers,Texas Rangers@Los Angeles Angels,George Klassen,Angel Stadium,-0.4266,0.0,0.0,0.0,0.0,0.0,390,0.0,0.0,True
2026-08-13,808959,824561,Munetaka Murakami,Chicago White Sox,Cincinnati Reds@Chicago White Sox,Andrew Abbott,Rate Field,0.0,0.0,0.0241,1.0,0.0723,1.0723,1,0.0,0.0,True
2026-08-13,553993,824561,Eugenio Suárez,Cincinnati Reds,Cincinnati Reds@Chicago White Sox,Davis Martin,Rate Field,0.0,0.0,0.0162,1.0,0.0486,1.0486,2,1.0,1.0,True
2026-08-13,665052,823829,Griffin Conine,Miami Marlins,Pittsburgh Pirates@Miami Marlins,Braxton Ashcraft,loanDepot park,0.0,0.0,0.0122,1.0,0.0366,1.0366,3,1.0,1.0,True
2026-08-13,699013,823829,Esmerlyn Valdez,Pittsburgh Pirates,Pittsburgh Pirates@Miami Marlins,Tyler Phillips,loanDepot park,0.0,0.0,0.0139,0.962,0.0417,1.0021,4,0.0,0.0,True
2026-08-13,663886,824561,Tyler Stephenson,Cincinnati Reds,Cincinnati Reds@Chicago White Sox,Davis Martin,Rate Field,0.0,0.0,0.0217,0.932,0.0651,0.9927,5,1.0,1.0,True
2026-08-13,683357,823829,Owen Caissie,Miami Marlins,Pittsburgh Pirates@Miami Marlins,Braxton Ashcraft,loanDepot park,0.0,0.0,-0.0045,0.993,-0.0135,0.9796,6,1.0,1.0,True
2026-08-13,624424,822696,Michael Conforto,Chicago Cubs,Chicago Cubs@Washington Nationals,Cade Cavalli,Nationals Park,0.0,0.0,-0.0216,1.0,-0.0648,0.9352,7,0.0,0.0,True
2026-08-13,571970,823915,Max Muncy,Los Angeles Dodgers,Milwaukee Brewers@Los Angeles Dodgers,Shane Drohan,UNIQLO Field at Dodger Stadium,0.0,0.0,-0.0013,0.932,-0.0039,0.9284,8,1.0,1.0,True
2026-08-13,682928,822696,CJ Abrams,Washington Nationals,Chicago Cubs@Washington Nationals,Kevin Gausman,Nationals Park,0.0,0.0,-0.0038,0.888,-0.0114,0.8779,9,0.0,0.0,True
2026-08-13,665862,823508,Jazz Chisholm Jr.,New York Yankees,Seattle Mariners@New York Yankees,Logan Gilbert,Yankee Stadium,0.0,0.0,-0.0318,0.962,-0.0954,0.8702,10,0.0,0.0,True
2026-08-13,668709,824561,JJ Bleday,Cincinnati Reds,Cincinnati Reds@Chicago White Sox,Davis Martin,Rate Field,0.0,0.0,0.0335,0.789,0.1005,0.8683,11,0.0,0.0,True
2026-08-13,701398,824561,Sal Stewart,Cincinnati Reds,Cincinnati Reds@Chicago White Sox,Davis Martin,Rate Field,0.0,0.0,0.0187,0.818,0.0561,0.8639,12,1.0,1.0,True
2026-08-13,691718,822696,Pete Crow-Armstrong,Chicago Cubs,Chicago Cubs@Washington Nationals,Cade Cavalli,Nationals Park,0.0,0.0,0.004,0.818,0.012,0.8278,13,0.0,0.0,True
2026-08-13,678882,822776,Ceddanne Rafaela,Boston Red Sox,Boston Red Sox@Toronto Blue Jays,Max Scherzer,Rogers Centre,0.0,0.0,-0.0001,0.816,-0.0002,0.8158,14,0.0,0.0,True
2026-08-13,682848,823829,Endy Rodríguez,Pittsburgh Pirates,Pittsburgh Pirates@Miami Marlins,Tyler Phillips,loanDepot park,0.0,0.0,0.0258,0.744,0.0774,0.8016,15,0.0,0.0,True
2026-08-13,678218,822776,Brandon Valenzuela,Toronto Blue Jays,Boston Red Sox@Toronto Blue Jays,Payton Tolle,Rogers Centre,0.0,0.0,0.0118,0.769,0.0354,0.7962,16,0.0,0.0,True
2026-08-13,677800,822776,Wilyer Abreu,Boston Red Sox,Boston Red Sox@Toronto Blue Jays,Max Scherzer,Rogers Centre,0.0,0.0,0.0162,0.74,0.0486,0.776,17,0.0,0.0,True
2026-08-13,664040,823829,Brandon Lowe,Pittsburgh Pirates,Pittsburgh Pirates@Miami Marlins,Tyler Phillips,loanDepot park,0.0,0.0,0.0313,0.699,0.0938,0.7646,18,0.0,0.0,True
2026-08-13,680574,824561,Matt McLain,Cincinnati Reds,Cincinnati Reds@Chicago White Sox,Davis Martin,Rate Field,0.0,0.0,-0.0056,0.769,-0.0168,0.7561,19,0.0,0.0,True
2026-08-13,672275,824238,Patrick Bailey,Cleveland Guardians,Cleveland Guardians@Detroit Tigers,Keider Montero,Comerica Park,0.0,0.0,0.0047,0.744,0.0141,0.7545,20,0.0,0.0,True
2026-08-13,691788,823829,Joe Mack,Miami Marlins,Pittsburgh Pirates@Miami Marlins,Braxton Ashcraft,loanDepot park,0.0,0.0,0.0139,0.721,0.0417,0.7511,21,0.0,0.0,True
2026-08-13,682987,823508,Spencer Jones,New York Yankees,Seattle Mariners@New York Yankees,Logan Gilbert,Yankee Stadium,0.0,0.0,-0.0042,0.721,-0.0126,0.7119,22,0.0,0.0,True
2026-08-13,693307,824238,Dillon Dingler,Detroit Tigers,Cleveland Guardians@Detroit Tigers,Parker Messick,Comerica Park,0.0,0.0,0.0002,0.699,0.0006,0.6994,23,0.0,0.0,True
2026-08-13,682829,824561,Elly De La Cruz,Cincinnati Reds,Cincinnati Reds@Chicago White Sox,Davis Martin,Rate Field,0.0,0.0,0.0371,0.628,0.1113,0.6979,24,0.0,0.0,True
2026-08-13,691781,822696,Brady House,Washington Nationals,Chicago Cubs@Washington Nationals,Kevin Gausman,Nationals Park,0.0,0.0,-0.0006,0.699,-0.0019,0.6977,25,0.0,0.0,True
2026-08-13,663656,823915,Kyle Tucker,Los Angeles Dodgers,Milwaukee Brewers@Los Angeles Dodgers,Shane Drohan,UNIQLO Field at Dodger Stadium,0.0,0.0,0.0192,0.641,0.0576,0.6779,26,0.0,0.0,True
2026-08-13,641343,823915,Jake Bauers,Milwaukee Brewers,Milwaukee Brewers@Los Angeles Dodgers,Roki Sasaki,UNIQLO Field at Dodger Stadium,0.0,0.0,0.0616,0.563,0.1847,0.667,27,0.0,0.0,True
2026-08-13,663616,823669,Trevor Larnach,Minnesota Twins,Philadelphia Phillies@Minnesota Twins,Aaron Nola,Field of Dreams,0.0,0.0,-0.0199,0.679,-0.0596,0.6385,28,0.0,0.0,True
2026-08-13,547180,823669,Bryce Harper,Philadelphia Phillies,Philadelphia Phillies@Minnesota Twins,Taj Bradley,Field of Dreams,0.0,0.0,-0.0154,0.669,-0.0462,0.6381,29,0.0,0.0,True
2026-08-13,660271,823915,Shohei Ohtani,Los Angeles Dodgers,Milwaukee Brewers@Los Angeles Dodgers,Shane Drohan,UNIQLO Field at Dodger Stadium,0.0,0.0,0.0126,0.603,0.0378,0.6258,30,1.0,1.0,True
2026-08-13,805367,824561,Chase Meidroth,Chicago White Sox,Cincinnati Reds@Chicago White Sox,Andrew Abbott,Rate Field,0.0,0.0,0.0006,0.615,0.0018,0.6161,31,1.0,1.0,True
2026-08-13,694192,823915,Jackson Chourio,Milwaukee Brewers,Milwaukee Brewers@Los Angeles Dodgers,Roki Sasaki,UNIQLO Field at Dodger Stadium,0.0,0.0,0.0509,0.531,0.1527,0.6121,32,0.0,0.0,True
2026-08-13,671277,823508,Luis García Jr.,New York Yankees,Seattle Mariners@New York Yankees,Logan Gilbert,Yankee Stadium,0.0,0.0,0.0115,0.57,0.0346,0.5897,33,0.0,0.0,True
2026-08-13,695734,822696,Daylen Lile,Washington Nationals,Chicago Cubs@Washington Nationals,Kevin Gausman,Nationals Park,0.0,0.0,-0.0318,0.641,-0.0955,0.5798,34,0.0,0.0,True
2026-08-13,681715,823829,Heriberto Hernández,Miami Marlins,Pittsburgh Pirates@Miami Marlins,Braxton Ashcraft,loanDepot park,0.0,0.0,-0.0104,0.577,-0.0312,0.559,35,1.0,1.0,True
2026-08-13,606192,823915,Teoscar Hernández,Los Angeles Dodgers,Milwaukee Brewers@Los Angeles Dodgers,Shane Drohan,UNIQLO Field at Dodger Stadium,0.0,0.0,0.0129,0.524,0.0387,0.5443,36,0.0,0.0,True
2026-08-13,677594,823508,Julio Rodríguez,Seattle Mariners,Seattle Mariners@New York Yankees,Max Fried,Yankee Stadium,0.0,0.0,-0.0213,0.559,-0.0639,0.5233,37,1.0,1.0,True
2026-08-13,624641,823669,Edmundo Sosa,Philadelphia Phillies,Philadelphia Phillies@Minnesota Twins,Taj Bradley,Field of Dreams,0.0,0.0,0.014,0.496,0.0419,0.5168,38,0.0,0.0,True
2026-08-13,642201,822776,Eli White,Boston Red Sox,Boston Red Sox@Toronto Blue Jays,Max Scherzer,Rogers Centre,0.0,0.0,0.0021,0.513,0.0062,0.5162,39,0.0,0.0,True
2026-08-13,680664,824238,Eduardo Valencia,Detroit Tigers,Cleveland Guardians@Detroit Tigers,Parker Messick,Comerica Park,0.0,0.0,0.0116,0.494,0.0348,0.5112,40,1.0,1.0,True
2026-08-13,683734,823915,Andrew Vaughn,Milwaukee Brewers,Milwaukee Brewers@Los Angeles Dodgers,Roki Sasaki,UNIQLO Field at Dodger Stadium,0.0,0.0,0.0306,0.466,0.0918,0.5088,41,0.0,0.0,True
2026-08-13,700250,823508,Ben Rice,New York Yankees,Seattle Mariners@New York Yankees,Logan Gilbert,Yankee Stadium,0.0,0.0,-0.0323,0.563,-0.097,0.5084,42,0.0,0.0,True
2026-08-13,575929,822776,Willson Contreras,Boston Red Sox,Boston Red Sox@Toronto Blue Jays,Max Scherzer,Rogers Centre,0.0,0.0,-0.0152,0.513,-0.0456,0.4896,43,1.0,1.0,True
2026-08-13,592626,823995,Joc Pederson,Texas Rangers,Texas Rangers@Los Angeles Angels,Walbert Ureña,Angel Stadium,-0.4266,0.0,-0.0012,0.855,-0.4287,0.4885,44,0.0,0.0,True
2026-08-13,642708,823508,Amed Rosario,New York Yankees,Seattle Mariners@New York Yankees,Logan Gilbert,Yankee Stadium,0.0,0.0,-0.0209,0.513,-0.0628,0.4808,45,0.0,0.0,True
2026-08-13,650402,824238,Gleyber Torres,Detroit Tigers,Cleveland Guardians@Detroit Tigers,Parker Messick,Comerica Park,0.0,0.0,-0.0008,0.481,-0.0025,0.4798,46,1.0,1.0,True
2026-08-13,677870,823829,Leo Jiménez,Miami Marlins,Pittsburgh Pirates@Miami Marlins,Braxton Ashcraft,loanDepot park,0.0,0.0,-0.0139,0.496,-0.0417,0.4753,47,0.0,0.0,True
2026-08-13,687401,823915,Joey Ortiz,Milwaukee Brewers,Milwaukee Brewers@Los Angeles Dodgers,Roki Sasaki,UNIQLO Field at Dodger Stadium,0.0,0.0,-0.014,0.496,-0.0419,0.4752,48,0.0,0.0,True
2026-08-13,673548,822696,Seiya Suzuki,Chicago Cubs,Chicago Cubs@Washington Nationals,Cade Cavalli,Nationals Park,0.0,0.0,-0.0054,0.481,-0.0162,0.4732,49,0.0,0.0,True
2026-08-13,666176,824238,Jo Adell,Cleveland Guardians,Cleveland Guardians@Detroit Tigers,Keider Montero,Comerica Park,0.0,0.0,-0.0026,0.466,-0.0077,0.4624,50,1.0,1.0,True
2026-08-13,680779,823829,Henry Davis,Pittsburgh Pirates,Pittsburgh Pirates@Miami Marlins,Tyler Phillips,loanDepot park,0.0,0.0,-0.0063,0.466,-0.0189,0.4572,51,0.0,0.0,True
2026-08-13,701678,824238,Hao-Yu Lee,Detroit Tigers,Cleveland Guardians@Detroit Tigers,Parker Messick,Comerica Park,0.0,0.0,0.0115,0.44,0.0345,0.4552,52,0.0,0.0,True
2026-08-13,678246,824561,Miguel Vargas,Chicago White Sox,Cincinnati Reds@Chicago White Sox,Andrew Abbott,Rate Field,0.0,0.0,-0.0069,0.462,-0.0208,0.4524,53,0.0,0.0,True
2026-08-13,686797,823669,Brooks Lee,Minnesota Twins,Philadelphia Phillies@Minnesota Twins,Aaron Nola,Field of Dreams,0.0,0.0,0.0014,0.444,0.0043,0.4459,54,0.0,0.0,True
2026-08-13,605137,823669,Josh Bell,Minnesota Twins,Philadelphia Phillies@Minnesota Twins,Aaron Nola,Field of Dreams,0.0,0.0,0.0055,0.435,0.0166,0.4422,55,0.0,0.0,True
2026-08-13,643217,824561,Andrew Benintendi,Chicago White Sox,Cincinnati Reds@Chicago White Sox,Andrew Abbott,Rate Field,0.0,0.0,-0.034,0.481,-0.1021,0.4319,56,0.0,0.0,True
2026-08-13,687462,823829,Spencer Horwitz,Pittsburgh Pirates,Pittsburgh Pirates@Miami Marlins,Tyler Phillips,loanDepot park,0.0,0.0,0.0,0.427,0.0,0.427,57,0.0,0.0,True
2026-08-13,668904,823669,Royce Lewis,Minnesota Twins,Philadelphia Phillies@Minnesota Twins,Aaron Nola,Field of Dreams,0.0,0.0,0.0,0.427,0.0,0.427,58,0.0,0.0,True
2026-08-13,656941,823669,Kyle Schwarber,Philadelphia Phillies,Philadelphia Phillies@Minnesota Twins,Taj Bradley,Field of Dreams,0.0,0.0,0.0,0.427,0.0,0.427,59,1.0,2.0,True
2026-08-13,669224,823508,Austin Wells,New York Yankees,Seattle Mariners@New York Yankees,Logan Gilbert,Yankee Stadium,0.0,0.0,-0.0401,0.481,-0.1204,0.4231,60,0.0,0.0,True
2026-08-13,694378,823829,Jacob Gonzalez,Pittsburgh Pirates,Pittsburgh Pirates@Miami Marlins,Tyler Phillips,loanDepot park,0.0,0.0,-0.009,0.427,-0.0269,0.4155,61,1.0,1.0,True
2026-08-13,663728,823508,Cal Raleigh,Seattle Mariners,Seattle Mariners@New York Yankees,Max Fried,Yankee Stadium,0.0,0.0,-0.0362,0.466,-0.1086,0.4154,62,0.0,0.0,True
2026-08-13,680776,822776,Jarren Duran,Boston Red Sox,Boston Red Sox@Toronto Blue Jays,Max Scherzer,Rogers Centre,0.0,0.0,0.0,0.412,0.0,0.412,63,0.0,0.0,True
2026-08-13,668227,823508,Randy Arozarena,Seattle Mariners,Seattle Mariners@New York Yankees,Max Fried,Yankee Stadium,0.0,0.0,0.0,0.398,0.0,0.398,64,1.0,1.0,True
2026-08-13,686527,823508,Dominic Canzone,Seattle Mariners,Seattle Mariners@New York Yankees,Max Fried,Yankee Stadium,0.0,0.0,-0.0286,0.435,-0.0857,0.3977,65,1.0,1.0,True
2026-08-13,665953,822696,Andrés Chaparro,Washington Nationals,Chicago Cubs@Washington Nationals,Kevin Gausman,Nationals Park,0.0,0.0,0.0,0.396,0.0,0.396,66,0.0,0.0,True
2026-08-13,695657,824561,Colson Montgomery,Chicago White Sox,Cincinnati Reds@Chicago White Sox,Andrew Abbott,Rate Field,0.0,0.0,0.0,0.394,0.0,0.394,67,0.0,0.0,True
2026-08-13,656537,823669,Derek Hill,Philadelphia Phillies,Philadelphia Phillies@Minnesota Twins,Taj Bradley,Field of Dreams,0.0,0.0,0.0,0.384,0.0,0.384,68,0.0,0.0,True
2026-08-13,545341,824561,Randal Grichuk,Chicago White Sox,Cincinnati Reds@Chicago White Sox,Andrew Abbott,Rate Field,0.0,0.0,0.0,0.382,0.0,0.382,69,0.0,0.0,True
2026-08-13,664023,822696,Ian Happ,Chicago Cubs,Chicago Cubs@Washington Nationals,Cade Cavalli,Nationals Park,0.0,0.0,0.0,0.375,0.0,0.375,70,0.0,0.0,True
2026-08-13,805808,824238,Kevin McGonigle,Detroit Tigers,Cleveland Guardians@Detroit Tigers,Parker Messick,Comerica Park,0.0,0.0,0.0,0.372,0.0,0.372,71,0.0,0.0,True
2026-08-13,663538,822696,Nico Hoerner,Chicago Cubs,Chicago Cubs@Washington Nationals,Cade Cavalli,Nationals Park,0.0,0.0,0.0,0.366,0.0,0.366,72,0.0,0.0,True
2026-08-13,607208,823669,Trea Turner,Philadelphia Phillies,Philadelphia Phillies@Minnesota Twins,Taj Bradley,Field of Dreams,0.0,0.0,0.0,0.361,0.0,0.361,73,0.0,0.0,True
2026-08-13,806146,823508,George Lombard Jr.,New York Yankees,Seattle Mariners@New York Yankees,Logan Gilbert,Yankee Stadium,0.0,0.0,0.0,0.359,0.0,0.359,74,0.0,0.0,True
2026-08-13,682663,823829,Agustín Ramírez,Miami Marlins,Pittsburgh Pirates@Miami Marlins,Braxton Ashcraft,loanDepot park,0.0,0.0,0.0,0.358,0.0,0.358,75,0.0,0.0,True
2026-08-13,686611,822696,Dylan Crews,Washington Nationals,Chicago Cubs@Washington Nationals,Kevin Gausman,Nationals Park,0.0,0.0,0.0,0.358,0.0,0.358,76,0.0,0.0,True
2026-08-13,687605,822696,Andrew Pinckney,Washington Nationals,Chicago Cubs@Washington Nationals,Kevin Gausman,Nationals Park,0.0,0.0,0.0,0.345,0.0,0.345,77,0.0,0.0,True
2026-08-13,695670,822696,Harry Ford,Washington Nationals,Chicago Cubs@Washington Nationals,Kevin Gausman,Nationals Park,0.0,0.0,0.0,0.345,0.0,0.345,78,0.0,0.0,True
2026-08-13,663330,822776,Jahmai Jones,Boston Red Sox,Boston Red Sox@Toronto Blue Jays,Max Scherzer,Rogers Centre,0.0,0.0,0.0,0.342,0.0,0.342,79,0.0,0.0,True
2026-08-13,592885,823915,Christian Yelich,Milwaukee Brewers,Milwaukee Brewers@Los Angeles Dodgers,Roki Sasaki,UNIQLO Field at Dodger Stadium,0.0,0.0,0.0,0.342,0.0,0.342,80,0.0,0.0,True
2026-08-13,676439,823915,Hunter Feduccia,Los Angeles Dodgers,Milwaukee Brewers@Los Angeles Dodgers,Shane Drohan,UNIQLO Field at Dodger Stadium,0.0,0.0,0.0,0.341,0.0,0.341,81,1.0,1.0,True
2026-08-13,694197,824238,Angel Genao,Cleveland Guardians,Cleveland Guardians@Detroit Tigers,Keider Montero,Comerica Park,0.0,0.0,0.0,0.34,0.0,0.34,82,0.0,0.0,True
2026-08-13,694673,822696,Abimelec Ortiz,Washington Nationals,Chicago Cubs@Washington Nationals,Kevin Gausman,Nationals Park,0.0,0.0,0.0,0.34,0.0,0.34,83,1.0,2.0,True
2026-08-13,571771,823915,Enrique Hernández,Los Angeles Dodgers,Milwaukee Brewers@Los Angeles Dodgers,Shane Drohan,UNIQLO Field at Dodger Stadium,0.0,0.0,0.0,0.34,0.0,0.34,84,0.0,0.0,True
2026-08-13,694671,823995,Wyatt Langford,Texas Rangers,Texas Rangers@Los Angeles Angels,Walbert Ureña,Angel Stadium,-0.3077,0.0,0.0,0.491,-0.3077,0.3399,85,0.0,0.0,True
2026-08-13,701785,823669,Kaelen Culpepper,Minnesota Twins,Philadelphia Phillies@Minnesota Twins,Aaron Nola,Field of Dreams,0.0,0.0,0.0,0.338,0.0,0.338,86,0.0,0.0,True
2026-08-13,804668,823829,Rafael Flores Jr.,Pittsburgh Pirates,Pittsburgh Pirates@Miami Marlins,Tyler Phillips,loanDepot park,0.0,0.0,0.0,0.335,0.0,0.335,87,1.0,2.0,True
2026-08-13,663993,824238,Nathaniel Lowe,Cleveland Guardians,Cleveland Guardians@Detroit Tigers,Keider Montero,Comerica Park,0.0,0.0,0.0,0.334,0.0,0.334,88,0.0,0.0,True
2026-08-13,672386,822776,Alejandro Kirk,Toronto Blue Jays,Boston Red Sox@Toronto Blue Jays,Payton Tolle,Rogers Centre,0.0,0.0,0.0,0.334,0.0,0.334,89,0.0,0.0,True
2026-08-13,680777,823669,Ryan Jeffers,Minnesota Twins,Philadelphia Phillies@Minnesota Twins,Aaron Nola,Field of Dreams,0.0,0.0,0.0,0.327,0.0,0.327,90,0.0,0.0,True
2026-08-13,607043,823995,Brandon Nimmo,Texas Rangers,Texas Rangers@Los Angeles Angels,Walbert Ureña,Angel Stadium,-0.4266,0.0,0.0,0.57,-0.4267,0.3268,91,0.0,0.0,True
2026-08-13,665923,823829,Esteury Ruiz,Miami Marlins,Pittsburgh Pirates@Miami Marlins,Braxton Ashcraft,loanDepot park,0.0,0.0,0.0,0.323,0.0,0.323,92,0.0,0.0,True
2026-08-13,650559,823669,Bryan De La Cruz,Philadelphia Phillies,Philadelphia Phillies@Minnesota Twins,Taj Bradley,Field of Dreams,0.0,0.0,0.0,0.323,0.0,0.323,93,0.0,0.0,True
2026-08-13,690984,824238,Petey Halpin,Cleveland Guardians,Cleveland Guardians@Detroit Tigers,Keider Montero,Comerica Park,0.0,0.0,0.0,0.321,0.0,0.321,94,0.0,0.0,True
2026-08-13,807712,823669,Luke Keaschall,Minnesota Twins,Philadelphia Phillies@Minnesota Twins,Aaron Nola,Field of Dreams,0.0,0.0,0.0,0.314,0.0,0.314,95,1.0,1.0,True
2026-08-13,677588,822696,José Tena,Washington Nationals,Chicago Cubs@Washington Nationals,Kevin Gausman,Nationals Park,0.0,0.0,0.0,0.312,0.0,0.312,96,1.0,1.0,True
2026-08-13,640459,823829,Brian Navarreto,Miami Marlins,Pittsburgh Pirates@Miami Marlins,Braxton Ashcraft,loanDepot park,0.0,0.0,0.0,0.311,0.0,0.311,97,0.0,0.0,True
2026-08-13,672960,822776,Kazuma Okamoto,Toronto Blue Jays,Boston Red Sox@Toronto Blue Jays,Payton Tolle,Rogers Centre,0.0,0.0,0.0,0.308,0.0,0.308,98,0.0,0.0,True
2026-08-13,666163,823915,Ben Rortvedt,Los Angeles Dodgers,Milwaukee Brewers@Los Angeles Dodgers,Shane Drohan,UNIQLO Field at Dodger Stadium,0.0,0.0,0.0,0.305,0.0,0.305,99,0.0,0.0,True
2026-08-13,642350,823995,Jose Siri,Los Angeles Angels,Texas Rangers@Los Angeles Angels,Jacob deGrom,Angel Stadium,-0.3077,0.0,0.0,0.44,-0.3077,0.3046,100,0.0,0.0,True
2026-08-13,663757,823508,Trent Grisham,New York Yankees,Seattle Mariners@New York Yankees,Logan Gilbert,Yankee Stadium,0.0,0.0,0.0,0.302,0.0,0.302,101,1.0,2.0,True
2026-08-13,701649,822696,James Triantos,Chicago Cubs,Chicago Cubs@Washington Nationals,Cade Cavalli,Nationals Park,0.0,0.0,0.0,0.302,0.0,0.302,102,0.0,0.0,True
2026-08-13,667452,824238,Corey Julks,Detroit Tigers,Cleveland Guardians@Detroit Tigers,Parker Messick,Comerica Park,0.0,0.0,0.0,0.3,0.0,0.3,103,0.0,0.0,True
2026-08-13,669911,824561,Michael Toglia,Cincinnati Reds,Cincinnati Reds@Chicago White Sox,Davis Martin,Rate Field,0.0,0.0,0.0,0.3,0.0,0.3,104,0.0,0.0,True
2026-08-13,678225,823915,Jihwan Bae,Milwaukee Brewers,Milwaukee Brewers@Los Angeles Dodgers,Roki Sasaki,UNIQLO Field at Dodger Stadium,0.0,0.0,0.0,0.3,0.0,0.3,105,0.0,0.0,True
2026-08-13,681546,824238,James Outman,Detroit Tigers,Cleveland Guardians@Detroit Tigers,Parker Messick,Comerica Park,0.0,0.0,0.0,0.297,0.0,0.297,106,0.0,0.0,True
2026-08-13,807727,822776,Charles McAdoo,Toronto Blue Jays,Boston Red Sox@Toronto Blue Jays,Payton Tolle,Rogers Centre,0.0,0.0,0.0,0.296,0.0,0.296,107,0.0,0.0,True
2026-08-13,703520,822776,Brett Bateman,Toronto Blue Jays,Boston Red Sox@Toronto Blue Jays,Payton Tolle,Rogers Centre,0.0,0.0,0.0,0.294,0.0,0.294,108,0.0,0.0,True
2026-08-13,703601,824238,Max Clark,Detroit Tigers,Cleveland Guardians@Detroit Tigers,Parker Messick,Comerica Park,0.0,0.0,0.0,0.293,0.0,0.293,109,0.0,0.0,True
2026-08-13,679529,824238,Spencer Torkelson,Detroit Tigers,Cleveland Guardians@Detroit Tigers,Parker Messick,Comerica Park,0.0,0.0,0.0,0.29,0.0,0.29,110,0.0,0.0,True
2026-08-13,668930,823915,Brice Turang,Milwaukee Brewers,Milwaukee Brewers@Los Angeles Dodgers,Roki Sasaki,UNIQLO Field at Dodger Stadium,0.0,0.0,0.0,0.29,0.0,0.29,111,0.0,0.0,True
2026-08-13,699302,824561,Héctor Rodríguez,Cincinnati Reds,Cincinnati Reds@Chicago White Sox,Davis Martin,Rate Field,0.0,0.0,0.0,0.288,0.0,0.288,112,0.0,0.0,True
2026-08-13,663968,823829,Jake Mangum,Pittsburgh Pirates,Pittsburgh Pirates@Miami Marlins,Tyler Phillips,loanDepot park,0.0,0.0,0.0,0.285,0.0,0.285,113,0.0,0.0,True
2026-08-13,666139,823995,Josh Lowe,Los Angeles Angels,Texas Rangers@Los Angeles Angels,Jacob deGrom,Angel Stadium,-0.4266,0.0,0.0,0.496,-0.4266,0.2844,114,0.0,0.0,True
2026-08-13,677649,823995,Ezequiel Duran,Texas Rangers,Texas Rangers@Los Angeles Angels,Walbert Ureña,Angel Stadium,-0.3077,0.0,0.0,0.405,-0.3077,0.2804,115,0.0,0.0,True
2026-08-13,681624,823915,Andy Pages,Los Angeles Dodgers,Milwaukee Brewers@Los Angeles Dodgers,Shane Drohan,UNIQLO Field at Dodger Stadium,0.0,0.0,0.0,0.28,0.0,0.28,116,0.0,0.0,True
2026-08-13,702176,823669,Alan Roden,Minnesota Twins,Philadelphia Phillies@Minnesota Twins,Aaron Nola,Field of Dreams,0.0,0.0,0.0,0.278,0.0,0.278,117,0.0,0.0,True
2026-08-13,665804,822696,Miguel Amaya,Chicago Cubs,Chicago Cubs@Washington Nationals,Cade Cavalli,Nationals Park,0.0,0.0,0.0,0.276,0.0,0.276,118,0.0,0.0,True
2026-08-13,665019,823669,Kody Clemens,Minnesota Twins,Philadelphia Phillies@Minnesota Twins,Aaron Nola,Field of Dreams,0.0,0.0,0.0,0.275,0.0,0.275,119,0.0,0.0,True
2026-08-13,682927,823829,Ronny Simon,Pittsburgh Pirates,Pittsburgh Pirates@Miami Marlins,Tyler Phillips,loanDepot park,0.0,0.0,0.0,0.273,0.0,0.273,120,0.0,0.0,True
2026-08-13,691011,824561,Drew Romo,Chicago White Sox,Cincinnati Reds@Chicago White Sox,Andrew Abbott,Rate Field,0.0,0.0,0.0,0.271,0.0,0.271,121,1.0,1.0,True
2026-08-13,642215,823508,Weston Wilson,Seattle Mariners,Seattle Mariners@New York Yankees,Max Fried,Yankee Stadium,0.0,0.0,0.0,0.27,0.0,0.27,122,1.0,1.0,True
2026-08-13,500743,823915,Miguel Rojas,Los Angeles Dodgers,Milwaukee Brewers@Los Angeles Dodgers,Shane Drohan,UNIQLO Field at Dodger Stadium,0.0,0.0,0.0,0.269,0.0,0.269,123,0.0,0.0,True
2026-08-13,691373,823829,Jhostynxon Garcia,Pittsburgh Pirates,Pittsburgh Pirates@Miami Marlins,Tyler Phillips,loanDepot park,0.0,0.0,0.0,0.268,0.0,0.268,124,0.0,0.0,True
2026-08-13,518595,823995,Travis d'Arnaud,Los Angeles Angels,Texas Rangers@Los Angeles Angels,Jacob deGrom,Angel Stadium,-0.3077,0.0,0.0,0.385,-0.3078,0.2665,125,0.0,0.0,True
2026-08-13,647304,823508,Josh Naylor,Seattle Mariners,Seattle Mariners@New York Yankees,Max Fried,Yankee Stadium,0.0,0.0,0.0,0.265,0.0,0.265,126,0.0,0.0,True
2026-08-13,701162,824238,Ben Malgeri,Detroit Tigers,Cleveland Guardians@Detroit Tigers,Parker Messick,Comerica Park,0.0,0.0,0.0,0.264,0.0,0.264,127,0.0,0.0,True
2026-08-13,686668,824561,Brenton Doyle,Chicago White Sox,Cincinnati Reds@Chicago White Sox,Andrew Abbott,Rate Field,0.0,0.0,0.0,0.259,0.0,0.259,128,0.0,0.0,True
2026-08-13,700337,824561,Edgar Quero,Chicago White Sox,Cincinnati Reds@Chicago White Sox,Andrew Abbott,Rate Field,0.0,0.0,0.0,0.256,0.0,0.256,129,0.0,0.0,True
2026-08-13,543807,822776,George Springer,Toronto Blue Jays,Boston Red Sox@Toronto Blue Jays,Payton Tolle,Rogers Centre,0.0,0.0,0.0,0.256,0.0,0.256,130,0.0,0.0,True
2026-08-13,669394,823995,Jake Burger,Texas Rangers,Texas Rangers@Los Angeles Angels,Walbert Ureña,Angel Stadium,-0.3077,0.0,0.0,0.366,-0.3077,0.2534,131,0.0,0.0,True
2026-08-13,657136,822776,Connor Wong,Boston Red Sox,Boston Red Sox@Toronto Blue Jays,Max Scherzer,Rogers Centre,0.0,0.0,0.0,0.253,0.0,0.253,132,0.0,0.0,True
2026-08-13,656555,824238,Rhys Hoskins,Cleveland Guardians,Cleveland Guardians@Detroit Tigers,Keider Montero,Comerica Park,0.0,0.0,0.0,0.248,0.0,0.248,133,0.0,0.0,True
2026-08-13,645305,823508,Ali Sánchez,New York Yankees,Seattle Mariners@New York Yankees,Logan Gilbert,Yankee Stadium,0.0,0.0,0.0,0.248,0.0,0.248,134,0.0,0.0,True
2026-08-13,660821,822776,Jesús Sánchez,Toronto Blue Jays,Boston Red Sox@Toronto Blue Jays,Payton Tolle,Rogers Centre,0.0,0.0,0.0,0.248,0.0,0.248,135,0.0,0.0,True
2026-08-13,621438,822696,Tyrone Taylor,Chicago Cubs,Chicago Cubs@Washington Nationals,Cade Cavalli,Nationals Park,0.0,0.0,0.0,0.248,0.0,0.248,136,0.0,0.0,True
2026-08-13,545361,823995,Mike Trout,Los Angeles Angels,Texas Rangers@Los Angeles Angels,Jacob deGrom,Angel Stadium,-0.3077,0.0,0.0,0.358,-0.3078,0.2478,137,0.0,0.0,True
2026-08-13,656577,823669,Alex Jackson,Minnesota Twins,Philadelphia Phillies@Minnesota Twins,Aaron Nola,Field of Dreams,0.0,0.0,0.0,0.245,0.0,0.245,138,0.0,0.0,True
2026-08-13,608324,822696,Alex Bregman,Chicago Cubs,Chicago Cubs@Washington Nationals,Cade Cavalli,Nationals Park,0.0,0.0,0.0,0.244,0.0,0.244,139,1.0,3.0,True
2026-08-13,680977,823508,Brendan Donovan,Seattle Mariners,Seattle Mariners@New York Yankees,Max Fried,Yankee Stadium,0.0,0.0,0.0,0.241,0.0,0.241,140,0.0,0.0,True
2026-08-13,682657,824238,Angel Martínez,Cleveland Guardians,Cleveland Guardians@Detroit Tigers,Keider Montero,Comerica Park,0.0,0.0,0.0,0.24,0.0,0.24,141,0.0,0.0,True
2026-08-13,670770,824561,TJ Friedl,Cincinnati Reds,Cincinnati Reds@Chicago White Sox,Davis Martin,Rate Field,0.0,0.0,0.0,0.24,0.0,0.24,142,0.0,0.0,True
2026-08-13,596117,823669,Garrett Stubbs,Philadelphia Phillies,Philadelphia Phillies@Minnesota Twins,Taj Bradley,Field of Dreams,0.0,0.0,0.0,0.24,0.0,0.24,143,0.0,0.0,True
2026-08-13,595978,824238,Austin Hedges,Cleveland Guardians,Cleveland Guardians@Detroit Tigers,Keider Montero,Comerica Park,0.0,0.0,0.0,0.237,0.0,0.237,144,0.0,0.0,True
2026-08-13,676609,823508,José Caballero,New York Yankees,Seattle Mariners@New York Yankees,Logan Gilbert,Yankee Stadium,0.0,0.0,0.0,0.233,0.0,0.233,145,0.0,0.0,True
2026-08-13,687093,823995,Vaughn Grissom,Los Angeles Angels,Texas Rangers@Los Angeles Angels,Jacob deGrom,Angel Stadium,-0.3077,0.0,0.0,0.334,-0.3078,0.2312,146,0.0,0.0,True
2026-08-13,688363,823829,Graham Pauley,Miami Marlins,Pittsburgh Pirates@Miami Marlins,Braxton Ashcraft,loanDepot park,0.0,0.0,0.0,0.226,0.0,0.226,147,0.0,0.0,True
2026-08-13,641857,823508,Ryan McMahon,New York Yankees,Seattle Mariners@New York Yankees,Logan Gilbert,Yankee Stadium,0.0,0.0,0.0,0.226,0.0,0.226,148,0.0,0.0,True
2026-08-13,624431,824561,Jose Trevino,Cincinnati Reds,Cincinnati Reds@Chicago White Sox,Davis Martin,Rate Field,0.0,0.0,0.0,0.225,0.0,0.225,149,0.0,0.0,True
2026-08-13,805300,823829,Jakob Marsee,Miami Marlins,Pittsburgh Pirates@Miami Marlins,Braxton Ashcraft,loanDepot park,0.0,0.0,0.0,0.22,0.0,0.22,150,0.0,0.0,True
2026-08-13,640902,823508,Jhonny Pereda,Seattle Mariners,Seattle Mariners@New York Yankees,Max Fried,Yankee Stadium,0.0,0.0,0.0,0.22,0.0,0.22,151,0.0,0.0,True
2026-08-13,663647,824561,Ke'Bryan Hayes,Cincinnati Reds,Cincinnati Reds@Chicago White Sox,Davis Martin,Rate Field,0.0,0.0,0.0,0.214,0.0,0.214,152,0.0,0.0,True
2026-08-13,608348,822696,Carson Kelly,Chicago Cubs,Chicago Cubs@Washington Nationals,Cade Cavalli,Nationals Park,0.0,0.0,0.0,0.202,0.0,0.202,153,0.0,0.0,True
2026-08-13,502671,823508,Paul Goldschmidt,New York Yankees,Seattle Mariners@New York Yankees,Logan Gilbert,Yankee Stadium,0.0,0.0,0.0,0.197,0.0,0.197,154,0.0,0.0,True
2026-08-13,806068,823508,Colt Emerson,Seattle Mariners,Seattle Mariners@New York Yankees,Max Fried,Yankee Stadium,0.0,0.0,0.0,0.197,0.0,0.197,155,0.0,0.0,True
2026-08-13,699393,822696,Pedro Ramírez,Chicago Cubs,Chicago Cubs@Washington Nationals,Cade Cavalli,Nationals Park,0.0,0.0,0.0,0.197,0.0,0.197,156,0.0,0.0,True
2026-08-13,592663,823669,J.T. Realmuto,Philadelphia Phillies,Philadelphia Phillies@Minnesota Twins,Taj Bradley,Field of Dreams,0.0,0.0,0.0,0.197,0.0,0.197,157,0.0,0.0,True
2026-08-13,695731,824561,Braden Montgomery,Chicago White Sox,Cincinnati Reds@Chicago White Sox,Andrew Abbott,Rate Field,0.0,0.0,0.0,0.192,0.0,0.192,158,0.0,0.0,True
2026-08-13,678011,822776,Anthony Seigler,Boston Red Sox,Boston Red Sox@Toronto Blue Jays,Max Scherzer,Rogers Centre,0.0,0.0,0.0,0.192,0.0,0.192,159,0.0,0.0,True
2026-08-13,608369,823995,Corey Seager,Texas Rangers,Texas Rangers@Los Angeles Angels,Walbert Ureña,Angel Stadium,-0.4266,0.0,0.0,0.314,-0.4268,0.18,160,1.0,1.0,True
2026-08-13,642851,823995,Austin Wynns,Texas Rangers,Texas Rangers@Los Angeles Angels,Walbert Ureña,Angel Stadium,-0.3077,0.0,0.0,0.257,-0.3078,0.1779,161,0.0,0.0,True
2026-08-13,694203,823995,Denzer Guzman,Los Angeles Angels,Texas Rangers@Los Angeles Angels,Jacob deGrom,Angel Stadium,-0.3077,0.0,0.0,0.256,-0.3078,0.1772,162,0.0,0.0,True
2026-08-13,553869,823995,Elias Díaz,Texas Rangers,Texas Rangers@Los Angeles Angels,Walbert Ureña,Angel Stadium,-0.3077,0.0,0.0,0.256,-0.3078,0.1772,163,0.0,0.0,True
2026-08-13,679822,823995,Justin Foscue,Texas Rangers,Texas Rangers@Los Angeles Angels,Walbert Ureña,Angel Stadium,-0.3077,0.0,0.0,0.256,-0.3078,0.1772,164,0.0,0.0,True
2026-08-13,665926,822776,Andrés Giménez,Toronto Blue Jays,Boston Red Sox@Toronto Blue Jays,Payton Tolle,Rogers Centre,0.0,0.0,0.0,0.167,0.0,0.167,165,0.0,0.0,True
2026-08-13,803011,824561,Sam Antonacci,Chicago White Sox,Cincinnati Reds@Chicago White Sox,Andrew Abbott,Rate Field,0.0,0.0,0.0,0.164,0.0,0.164,166,0.0,0.0,True
2026-08-13,621020,822696,Dansby Swanson,Chicago Cubs,Chicago Cubs@Washington Nationals,Cade Cavalli,Nationals Park,0.0,0.0,0.0,0.157,0.0,0.157,167,1.0,1.0,True
2026-08-13,669242,823915,Tommy Edman,Los Angeles Dodgers,Milwaukee Brewers@Los Angeles Dodgers,Shane Drohan,UNIQLO Field at Dodger Stadium,0.0,0.0,0.0,0.157,0.0,0.157,168,0.0,0.0,True
2026-08-13,695508,823995,Cam Cauley,Texas Rangers,Texas Rangers@Los Angeles Angels,Walbert Ureña,Angel Stadium,-0.3077,0.0,0.0,0.226,-0.3075,0.1565,169,0.0,0.0,True
2026-08-13,800050,824238,Chase DeLauter,Cleveland Guardians,Cleveland Guardians@Detroit Tigers,Keider Montero,Comerica Park,0.0,0.0,0.0,0.154,0.0,0.154,170,0.0,0.0,True
2026-08-13,668804,823829,Bryan Reynolds,Pittsburgh Pirates,Pittsburgh Pirates@Miami Marlins,Tyler Phillips,loanDepot park,0.0,0.0,0.0,0.154,0.0,0.154,171,0.0,0.0,True
2026-08-13,655316,822776,Andruw Monasterio,Boston Red Sox,Boston Red Sox@Toronto Blue Jays,Max Scherzer,Rogers Centre,0.0,0.0,0.0,0.154,0.0,0.154,172,0.0,0.0,True
2026-08-13,807799,822776,Masataka Yoshida,Boston Red Sox,Boston Red Sox@Toronto Blue Jays,Max Scherzer,Rogers Centre,0.0,0.0,0.0,0.151,0.0,0.151,173,0.0,0.0,True
2026-08-13,681082,823669,Bryson Stott,Philadelphia Phillies,Philadelphia Phillies@Minnesota Twins,Taj Bradley,Field of Dreams,0.0,0.0,0.0,0.151,0.0,0.151,174,0.0,0.0,True
2026-08-13,691594,823829,Javier Sanoja,Miami Marlins,Pittsburgh Pirates@Miami Marlins,Braxton Ashcraft,loanDepot park,0.0,0.0,0.0,0.145,0.0,0.145,175,0.0,0.0,True
2026-08-13,665489,822776,Vladimir Guerrero Jr.,Toronto Blue Jays,Boston Red Sox@Toronto Blue Jays,Payton Tolle,Rogers Centre,0.0,0.0,0.0,0.145,0.0,0.145,176,0.0,0.0,True
2026-08-13,661388,823915,William Contreras,Milwaukee Brewers,Milwaukee Brewers@Los Angeles Dodgers,Roki Sasaki,UNIQLO Field at Dodger Stadium,0.0,0.0,0.0,0.145,0.0,0.145,177,0.0,0.0,True
2026-08-13,672284,823995,Jarred Kelenic,Texas Rangers,Texas Rangers@Los Angeles Angels,Walbert Ureña,Angel Stadium,-0.4266,0.0,0.0,0.248,-0.4266,0.1422,178,0.0,0.0,True
2026-08-13,680757,824238,Steven Kwan,Cleveland Guardians,Cleveland Guardians@Detroit Tigers,Keider Montero,Comerica Park,0.0,0.0,0.0,0.137,0.0,0.137,179,0.0,0.0,True
2026-08-13,702332,822776,Caleb Durbin,Boston Red Sox,Boston Red Sox@Toronto Blue Jays,Max Scherzer,Rogers Centre,0.0,0.0,0.0,0.135,0.0,0.135,180,1.0,1.0,True
2026-08-13,664770,822776,Nathan Lukes,Toronto Blue Jays,Boston Red Sox@Toronto Blue Jays,Payton Tolle,Rogers Centre,0.0,0.0,0.0,0.133,0.0,0.133,181,0.0,0.0,True
2026-08-13,624428,823995,Adam Frazier,Los Angeles Angels,Texas Rangers@Los Angeles Angels,Jacob deGrom,Angel Stadium,-0.4266,0.0,0.0,0.222,-0.4266,0.1273,182,0.0,0.0,True
2026-08-13,664761,823669,Alec Bohm,Philadelphia Phillies,Philadelphia Phillies@Minnesota Twins,Taj Bradley,Field of Dreams,0.0,0.0,0.0,0.124,0.0,0.124,183,0.0,0.0,True
2026-08-13,694208,823995,Moisés Ballesteros,Los Angeles Angels,Texas Rangers@Los Angeles Angels,Jacob deGrom,Angel Stadium,-0.4266,0.0,0.0,0.214,-0.4266,0.1227,184,0.0,0.0,True
2026-08-13,685133,823995,Wade Meckler,Los Angeles Angels,Texas Rangers@Los Angeles Angels,Jacob deGrom,Angel Stadium,-0.4266,0.0,0.0,0.214,-0.4266,0.1227,185,0.0,0.0,True
2026-08-13,702284,823508,Cole Young,Seattle Mariners,Seattle Mariners@New York Yankees,Max Fried,Yankee Stadium,0.0,0.0,0.0,0.12,0.0,0.12,186,0.0,0.0,True
2026-08-13,687263,823995,Zach Neto,Los Angeles Angels,Texas Rangers@Los Angeles Angels,Jacob deGrom,Angel Stadium,-0.3077,0.0,0.0,0.164,-0.3079,0.1135,187,0.0,0.0,True
2026-08-13,693304,823829,Nick Gonzales,Pittsburgh Pirates,Pittsburgh Pirates@Miami Marlins,Tyler Phillips,loanDepot park,0.0,0.0,0.0,0.113,0.0,0.113,188,0.0,0.0,True
2026-08-13,683737,822696,Michael Busch,Chicago Cubs,Chicago Cubs@Washington Nationals,Cade Cavalli,Nationals Park,0.0,0.0,0.0,0.113,0.0,0.113,189,0.0,0.0,True
2026-08-13,676391,822776,Ernie Clement,Toronto Blue Jays,Boston Red Sox@Toronto Blue Jays,Payton Tolle,Rogers Centre,0.0,0.0,0.0,0.111,0.0,0.111,190,0.0,0.0,True
2026-08-13,650333,823669,Luis Arraez,Philadelphia Phillies,Philadelphia Phillies@Minnesota Twins,Taj Bradley,Field of Dreams,0.0,0.0,0.0,0.108,0.0,0.108,191,0.0,0.0,True
2026-08-13,623168,823995,Tyler Heineman,Los Angeles Angels,Texas Rangers@Los Angeles Angels,Jacob deGrom,Angel Stadium,-0.4266,0.0,0.0,0.17,-0.4265,0.0975,192,0.0,0.0,True
2026-08-13,694384,823995,Nolan Schanuel,Los Angeles Angels,Texas Rangers@Los Angeles Angels,Jacob deGrom,Angel Stadium,-0.4266,0.0,0.0,0.128,-0.4266,0.0734,193,0.0,0.0,True
2026-08-13,690993,824238,Colt Keith,Detroit Tigers,Cleveland Guardians@Detroit Tigers,Parker Messick,Comerica Park,0.0,0.0,0.0,0.0,0.0,0.0,194,0.0,0.0,True
2026-08-13,595879,824238,Javier Báez,Detroit Tigers,Cleveland Guardians@Detroit Tigers,Parker Messick,Comerica Park,0.0,0.0,0.0,0.0,0.0,0.0,195,0.0,0.0,True
2026-08-13,656716,824238,Zach McKinstry,Detroit Tigers,Cleveland Guardians@Detroit Tigers,Parker Messick,Comerica Park,0.0,0.0,0.0,0.0,0.0,0.0,196,0.0,0.0,True
2026-08-13,677587,824238,Brayan Rocchio,Cleveland Guardians,Cleveland Guardians@Detroit Tigers,Keider Montero,Comerica Park,0.0,0.0,0.0,0.0,0.0,0.0,197,0.0,0.0,True
2026-08-13,608070,824238,José Ramírez,Cleveland Guardians,Cleveland Guardians@Detroit Tigers,Keider Montero,Comerica Park,0.0,0.0,0.0,0.0,0.0,0.0,198,0.0,0.0,True
2026-08-13,683953,824238,Travis Bazzana,Cleveland Guardians,Cleveland Guardians@Detroit Tigers,Keider Montero,Comerica Park,0.0,0.0,0.0,0.0,0.0,0.0,199,0.0,0.0,True
2026-08-13,672640,823829,Otto Lopez,Miami Marlins,Pittsburgh Pirates@Miami Marlins,Braxton Ashcraft,loanDepot park,0.0,0.0,0.0,0.0,0.0,0.0,200,0.0,0.0,True
2026-08-13,669364,823829,Xavier Edwards,Miami Marlins,Pittsburgh Pirates@Miami Marlins,Braxton Ashcraft,loanDepot park,0.0,0.0,0.0,0.0,0.0,0.0,201,0.0,0.0,True
2026-08-13,669707,823829,Jared Triolo,Pittsburgh Pirates,Pittsburgh Pirates@Miami Marlins,Tyler Phillips,loanDepot park,0.0,0.0,0.0,0.0,0.0,0.0,202,1.0,1.0,True
2026-08-13,671218,823508,Heliot Ramos,New York Yankees,Seattle Mariners@New York Yankees,Logan Gilbert,Yankee Stadium,0.0,0.0,0.0,0.0,0.0,0.0,203,0.0,0.0,True
2026-08-13,660844,823508,Leo Rivas,Seattle Mariners,Seattle Mariners@New York Yankees,Max Fried,Yankee Stadium,0.0,0.0,0.0,0.0,0.0,0.0,204,0.0,0.0,True
2026-08-13,621493,823508,Taylor Ward,Seattle Mariners,Seattle Mariners@New York Yankees,Max Fried,Yankee Stadium,0.0,0.0,0.0,0.0,0.0,0.0,205,0.0,0.0,True
2026-08-13,645302,823508,Victor Robles,Seattle Mariners,Seattle Mariners@New York Yankees,Max Fried,Yankee Stadium,0.0,0.0,0.0,0.0,0.0,0.0,206,0.0,0.0,True
2026-08-13,682668,824561,Luisangel Acuña,Chicago White Sox,Cincinnati Reds@Chicago White Sox,Andrew Abbott,Rate Field,0.0,0.0,0.0,0.0,0.0,0.0,207,0.0,0.0,True
2026-08-13,671976,824561,Tristan Peters,Chicago White Sox,Cincinnati Reds@Chicago White Sox,Andrew Abbott,Rate Field,0.0,0.0,0.0,0.0,0.0,0.0,208,0.0,0.0,True
2026-08-13,667472,824561,Dane Myers,Cincinnati Reds,Cincinnati Reds@Chicago White Sox,Davis Martin,Rate Field,0.0,0.0,0.0,0.0,0.0,0.0,209,0.0,0.0,True
2026-08-13,682622,824561,Noelvi Marte,Cincinnati Reds,Cincinnati Reds@Chicago White Sox,Davis Martin,Rate Field,0.0,0.0,0.0,0.0,0.0,0.0,210,0.0,0.0,True
2026-08-13,669701,822776,Josh Smith,Toronto Blue Jays,Boston Red Sox@Toronto Blue Jays,Payton Tolle,Rogers Centre,0.0,0.0,0.0,0.0,0.0,0.0,211,0.0,0.0,True
2026-08-13,664702,822776,Myles Straw,Toronto Blue Jays,Boston Red Sox@Toronto Blue Jays,Payton Tolle,Rogers Centre,0.0,0.0,0.0,0.0,0.0,0.0,212,0.0,0.0,True
2026-08-13,668939,822776,Adley Rutschman,Boston Red Sox,Boston Red Sox@Toronto Blue Jays,Max Scherzer,Rogers Centre,0.0,0.0,0.0,0.0,0.0,0.0,213,0.0,0.0,True
2026-08-13,686765,822776,Nick Sogard,Boston Red Sox,Boston Red Sox@Toronto Blue Jays,Max Scherzer,Rogers Centre,0.0,0.0,0.0,0.0,0.0,0.0,214,0.0,0.0,True
2026-08-13,696285,822696,Jacob Young,Washington Nationals,Chicago Cubs@Washington Nationals,Kevin Gausman,Nationals Park,0.0,0.0,0.0,0.0,0.0,0.0,215,0.0,0.0,True
2026-08-13,678391,822696,Jorbit Vivas,Washington Nationals,Chicago Cubs@Washington Nationals,Kevin Gausman,Nationals Park,0.0,0.0,0.0,0.0,0.0,0.0,216,0.0,0.0,True
2026-08-13,660688,822696,Keibert Ruiz,Washington Nationals,Chicago Cubs@Washington Nationals,Kevin Gausman,Nationals Park,0.0,0.0,0.0,0.0,0.0,0.0,217,0.0,0.0,True
2026-08-13,683083,822696,Nasim Nuñez,Washington Nationals,Chicago Cubs@Washington Nationals,Kevin Gausman,Nationals Park,0.0,0.0,0.0,0.0,0.0,0.0,218,0.0,0.0,True
2026-08-13,668885,823669,Austin Martin,Minnesota Twins,Philadelphia Phillies@Minnesota Twins,Aaron Nola,Field of Dreams,0.0,0.0,0.0,0.0,0.0,0.0,219,0.0,0.0,True
2026-08-13,668952,823669,Ryan Kreidler,Minnesota Twins,Philadelphia Phillies@Minnesota Twins,Aaron Nola,Field of Dreams,0.0,0.0,0.0,0.0,0.0,0.0,220,0.0,0.0,True
2026-08-13,605170,823669,Victor Caratini,Minnesota Twins,Philadelphia Phillies@Minnesota Twins,Aaron Nola,Field of Dreams,0.0,0.0,0.0,0.0,0.0,0.0,221,0.0,0.0,True
2026-08-13,669016,823669,Brandon Marsh,Philadelphia Phillies,Philadelphia Phillies@Minnesota Twins,Taj Bradley,Field of Dreams,0.0,0.0,0.0,0.0,0.0,0.0,222,1.0,1.0,True
2026-08-13,702222,823669,Justin Crawford,Philadelphia Phillies,Philadelphia Phillies@Minnesota Twins,Taj Bradley,Field of Dreams,0.0,0.0,0.0,0.0,0.0,0.0,223,0.0,0.0,True
2026-08-13,672724,823995,Oswald Peraza,Los Angeles Angels,Texas Rangers@Los Angeles Angels,Jacob deGrom,Angel Stadium,-0.3077,0.0,0.0,0.0,0.0,0.0,224,0.0,0.0,True
2026-08-13,694497,823995,Evan Carter,Texas Rangers,Texas Rangers@Los Angeles Angels,Walbert Ureña,Angel Stadium,-0.4266,0.0,0.0,0.0,0.0,0.0,225,0.0,0.0,True
2026-08-13,670032,823995,Nicky Lopez,Texas Rangers,Texas Rangers@Los Angeles Angels,Walbert Ureña,Angel Stadium,-0.4266,0.0,0.0,0.0,0.0,0.0,226,0.0,0.0,True
2026-08-13,669743,823915,Alex Call,Los Angeles Dodgers,Milwaukee Brewers@Los Angeles Dodgers,Shane Drohan,UNIQLO Field at Dodger Stadium,0.0,0.0,0.0,0.0,0.0,0.0,227,0.0,0.0,True
2026-08-13,518692,823915,Freddie Freeman,Los Angeles Dodgers,Milwaukee Brewers@Los Angeles Dodgers,Shane Drohan,UNIQLO Field at Dodger Stadium,0.0,0.0,0.0,0.0,0.0,0.0,228,0.0,0.0,True
2026-08-13,605141,823915,Mookie Betts,Los Angeles Dodgers,Milwaukee Brewers@Los Angeles Dodgers,Shane Drohan,UNIQLO Field at Dodger Stadium,0.0,0.0,0.0,0.0,0.0,0.0,229,1.0,1.0,True
2026-08-13,663604,823915,Brandon Lockridge,Milwaukee Brewers,Milwaukee Brewers@Los Angeles Dodgers,Roki Sasaki,UNIQLO Field at Dodger Stadium,0.0,0.0,0.0,0.0,0.0,0.0,230,0.0,0.0,True
2026-08-13,666152,823915,David Hamilton,Milwaukee Brewers,Milwaukee Brewers@Los Angeles Dodgers,Roki Sasaki,UNIQLO Field at Dodger Stadium,0.0,0.0,0.0,0.0,0.0,0.0,231,0.0,0.0,True
2026-08-13,669003,823915,Garrett Mitchell,Milwaukee Brewers,Milwaukee Brewers@Los Angeles Dodgers,Roki Sasaki,UNIQLO Field at Dodger Stadium,0.0,0.0,0.0,0.0,0.0,0.0,232,0.0,0.0,True
2026-08-13,596142,823915,Gary Sánchez,Milwaukee Brewers,Milwaukee Brewers@Los Angeles Dodgers,Roki Sasaki,UNIQLO Field at Dodger Stadium,0.0,0.0,0.0,0.0,0.0,0.0,233,1.0,1.0,True
2026-08-13,800325,823915,Luis Lara,Milwaukee Brewers,Milwaukee Brewers@Los Angeles Dodgers,Roki Sasaki,UNIQLO Field at Dodger Stadium,0.0,0.0,0.0,0.0,0.0,0.0,234,0.0,0.0,True
2026-08-14,641933,822942,Tyler O'Neill,Baltimore Orioles,Baltimore Orioles@Tampa Bay Rays,Steven Matz,Tropicana Field,0.25,0.0,0.0018,1.0,0.2568,1.2568,1,0.0,0.0,True
2026-08-14,691718,824643,Pete Crow-Armstrong,Chicago Cubs,St. Louis Cardinals@Chicago Cubs,Matthew Liberatore,Wrigley Field,0.25,0.0,0.0277,0.905,0.3539,1.2253,2,0.0,0.0,True
2026-08-14,624424,824643,Michael Conforto,Chicago Cubs,St. Louis Cardinals@Chicago Cubs,Matthew Liberatore,Wrigley Field,0.25,0.0,-0.0118,1.0,0.2058,1.2058,3,0.0,0.0,True
2026-08-14,691406,822942,Junior Caminero,Tampa Bay Rays,Baltimore Orioles@Tampa Bay Rays,Chris Bassitt,Tropicana Field,0.25,0.0,0.0,0.824,0.25,1.03,4,0.0,0.0,True
2026-08-14,666211,824159,Taylor Trammell,Houston Astros,Seattle Mariners@Houston Astros,George Kirby,Daikin Park,0.0,0.0,0.0188,0.962,0.0564,1.0163,5,0.0,0.0,True
2026-08-14,665052,824479,Griffin Conine,Miami Marlins,Miami Marlins@Cincinnati Reds,Chase Burns,Great American Ball Park,0.0,0.0,0.0024,1.0,0.0072,1.0072,6,0.0,0.0,True
2026-08-14,683357,824479,Owen Caissie,Miami Marlins,Miami Marlins@Cincinnati Reds,Chase Burns,Great American Ball Park,0.0,0.0,0.0031,0.993,0.0093,1.0022,7,0.0,0.0,True
2026-08-14,592626,824968,Joc Pederson,Texas Rangers,Texas Rangers@Athletics,,Sutter Health Park,0.0,0.0,0.0,0.986,0.0,0.986,8,0.0,0.0,True
2026-08-14,677800,823346,Wilyer Abreu,Boston Red Sox,Boston Red Sox@Pittsburgh Pirates,Bubba Chandler,PNC Park,0.0,0.0,0.026,0.905,0.078,0.9756,9,0.0,0.0,True
2026-08-14,663886,824479,Tyler Stephenson,Cincinnati Reds,Miami Marlins@Cincinnati Reds,Sandy Alcantara,Great American Ball Park,0.0,0.0,0.0148,0.932,0.0444,0.9734,10,0.0,0.0,True
2026-08-14,621566,824882,Matt Olson,Atlanta Braves,Arizona Diamondbacks@Atlanta Braves,Brandon Pfaadt,Truist Park,0.0,0.0,-0.0147,1.0,-0.0441,0.9559,11,0.0,0.0,True
2026-08-14,808959,824237,Munetaka Murakami,Chicago White Sox,Chicago White Sox@Detroit Tigers,Jackson Jobe,Comerica Park,0.0,0.0,-0.0173,1.0,-0.0519,0.9481,12,1.0,1.0,True
2026-08-14,553993,824479,Eugenio Suárez,Cincinnati Reds,Miami Marlins@Cincinnati Reds,Sandy Alcantara,Great American Ball Park,0.0,0.0,-0.0209,1.0,-0.0627,0.9373,13,0.0,0.0,True
2026-08-14,676475,824643,Alec Burleson,St. Louis Cardinals,St. Louis Cardinals@Chicago Cubs,Clay Holmes,Wrigley Field,0.25,0.0,0.0908,0.581,0.5625,0.9078,14,0.0,0.0,True
2026-08-14,682928,823591,CJ Abrams,Washington Nationals,Washington Nationals@New York Mets,Robert Stock,Citi Field,0.0,0.0,0.0396,0.785,0.1189,0.8783,15,0.0,0.0,True
2026-08-14,701538,824399,Jackson Merrill,San Diego Padres,San Diego Padres@Cleveland Guardians,Gavin Williams,Progressive Field,0.0,0.0,0.0513,0.744,0.1539,0.8585,16,0.0,0.0,True
2026-08-14,660271,823913,Shohei Ohtani,Los Angeles Dodgers,Milwaukee Brewers@Los Angeles Dodgers,Robert Gasser,UNIQLO Field at Dodger Stadium,0.0,0.0,0.0429,0.754,0.1286,0.851,17,0.0,0.0,True
2026-08-14,543760,823591,Marcus Semien,New York Mets,Washington Nationals@New York Mets,Andrew Alvarez,Citi Field,0.0,0.0,0.012,0.818,0.0359,0.8474,18,0.0,0.0,True
2026-08-14,624413,822942,Pete Alonso,Baltimore Orioles,Baltimore Orioles@Tampa Bay Rays,Steven Matz,Tropicana Field,0.25,0.0,0.0097,0.652,0.2863,0.8387,19,0.0,0.0,True
2026-08-14,701358,824159,Cam Smith,Houston Astros,Seattle Mariners@Houston Astros,George Kirby,Daikin Park,0.0,0.0,0.0098,0.81,0.0294,0.8338,20,0.0,0.0,True
2026-08-14,650489,823185,Willi Castro,Colorado Rockies,Colorado Rockies@San Francisco Giants,Landen Roupp,Oracle Park,0.0,0.0,0.0018,0.81,0.0054,0.8144,21,0.0,0.0,True
2026-08-14,608324,824643,Alex Bregman,Chicago Cubs,St. Louis Cardinals@Chicago Cubs,Matthew Liberatore,Wrigley Field,0.0,0.0,0.036,0.733,0.108,0.8122,22,0.0,0.0,True
2026-08-14,805367,824237,Chase Meidroth,Chicago White Sox,Chicago White Sox@Detroit Tigers,Jackson Jobe,Comerica Park,0.0,0.0,-0.016,0.836,-0.048,0.7959,23,0.0,0.0,True
2026-08-14,680574,824479,Matt McLain,Cincinnati Reds,Miami Marlins@Cincinnati Reds,Sandy Alcantara,Great American Ball Park,0.0,0.0,0.01,0.769,0.03,0.7921,24,0.0,0.0,True
2026-08-14,596019,823591,Francisco Lindor,New York Mets,Washington Nationals@New York Mets,Andrew Alvarez,Citi Field,0.0,0.0,0.0325,0.712,0.0975,0.7814,25,1.0,1.0,True
2026-08-14,682626,823591,Francisco Alvarez,New York Mets,Washington Nationals@New York Mets,Andrew Alvarez,Citi Field,0.0,0.0,0.0031,0.769,0.0094,0.7762,26,0.0,0.0,True
2026-08-14,680869,824968,Zack Gelof,Athletics,Texas Rangers@Athletics,Kumar Rocker,Sutter Health Park,0.0,0.0,0.0088,0.754,0.0264,0.7739,27,0.0,0.0,True
2026-08-14,687952,822942,Christian Encarnacion-Strand,Baltimore Orioles,Baltimore Orioles@Tampa Bay Rays,Steven Matz,Tropicana Field,0.25,0.0,0.0148,0.577,0.3055,0.7533,28,0.0,0.0,True
2026-08-14,682674,823185,Victor Bericoto,San Francisco Giants,Colorado Rockies@San Francisco Giants,Kyle Freeland,Oracle Park,0.0,0.0,0.0,0.744,0.0,0.744,29,0.0,0.0,True
2026-08-14,691723,822942,Coby Mayo,Baltimore Orioles,Baltimore Orioles@Tampa Bay Rays,Steven Matz,Tropicana Field,0.25,0.0,0.0491,0.513,0.4341,0.7357,30,0.0,0.0,True
2026-08-14,672275,824399,Patrick Bailey,Cleveland Guardians,San Diego Padres@Cleveland Guardians,Michael King,Progressive Field,0.0,0.0,-0.008,0.744,-0.0241,0.7261,31,0.0,0.0,True
2026-08-14,665161,824159,Jeremy Peña,Houston Astros,Seattle Mariners@Houston Astros,George Kirby,Daikin Park,0.0,0.0,0.0033,0.712,0.0098,0.719,32,0.0,0.0,True
2026-08-14,622268,824968,Donovan Walton,Athletics,Texas Rangers@Athletics,Kumar Rocker,Sutter Health Park,0.0,0.0,-0.0114,0.744,-0.0341,0.7186,33,0.0,0.0,True
2026-08-14,678218,822777,Brandon Valenzuela,Toronto Blue Jays,New York Yankees@Toronto Blue Jays,Gerrit Cole,Rogers Centre,0.0,0.0,-0.0272,0.769,-0.0817,0.7062,34,0.0,0.0,True
2026-08-14,696100,823185,Hunter Goodman,Colorado Rockies,Colorado Rockies@San Francisco Giants,Landen Roupp,Oracle Park,0.0,0.0,0.0109,0.679,0.0327,0.7012,35,0.0,0.0,True
2026-08-14,682987,822777,Spencer Jones,New York Yankees,New York Yankees@Toronto Blue Jays,Shane Bieber,Rogers Centre,0.0,0.0,0.0104,0.679,0.0312,0.7002,36,0.0,0.0,True
2026-08-14,664040,823346,Brandon Lowe,Pittsburgh Pirates,Boston Red Sox@Pittsburgh Pirates,Jake Bennett,PNC Park,0.0,0.0,-0.0101,0.716,-0.0303,0.6943,37,1.0,1.0,True
2026-08-14,678545,823185,Osleivis Basabe,San Francisco Giants,Colorado Rockies@San Francisco Giants,Kyle Freeland,Oracle Park,0.0,0.0,-0.0022,0.679,-0.0066,0.6745,38,0.0,0.0,True
2026-08-14,668227,824159,Randy Arozarena,Seattle Mariners,Seattle Mariners@Houston Astros,Peter Lambert,Daikin Park,0.0,0.0,0.0019,0.663,0.0057,0.6668,39,0.0,0.0,True
2026-08-14,663656,823913,Kyle Tucker,Los Angeles Dodgers,Milwaukee Brewers@Los Angeles Dodgers,Robert Gasser,UNIQLO Field at Dodger Stadium,0.0,0.0,0.0079,0.641,0.0237,0.6562,40,0.0,0.0,True
2026-08-14,691777,824968,Max Muncy,Athletics,Texas Rangers@Athletics,Kumar Rocker,Sutter Health Park,0.0,0.0,-0.0034,0.659,-0.0102,0.6523,41,0.0,0.0,True
2026-08-14,701398,824479,Sal Stewart,Cincinnati Reds,Miami Marlins@Cincinnati Reds,Sandy Alcantara,Great American Ball Park,0.0,0.0,-0.0031,0.655,-0.0093,0.6489,42,0.0,0.0,True
2026-08-14,666176,824399,Jo Adell,Cleveland Guardians,San Diego Padres@Cleveland Guardians,Michael King,Progressive Field,0.0,0.0,0.0017,0.641,0.0051,0.6443,43,0.0,0.0,True
2026-08-14,663494,824643,Bryan Torres,St. Louis Cardinals,St. Louis Cardinals@Chicago Cubs,Clay Holmes,Wrigley Field,0.25,0.0,0.0222,0.481,0.3333,0.6413,44,0.0,0.0,True
2026-08-14,573262,824882,Mike Yastrzemski,Atlanta Braves,Arizona Diamondbacks@Atlanta Braves,Brandon Pfaadt,Truist Park,0.0,0.0,-0.0119,0.659,-0.0357,0.6355,45,0.0,0.0,True
2026-08-14,660670,824882,Ronald Acuña Jr.,Atlanta Braves,Arizona Diamondbacks@Atlanta Braves,Brandon Pfaadt,Truist Park,-0.25,0.0,0.0004,0.836,-0.249,0.6278,46,0.0,0.0,True
2026-08-14,646240,823185,Rafael Devers,San Francisco Giants,Colorado Rockies@San Francisco Giants,Kyle Freeland,Oracle Park,0.0,0.0,0.016,0.592,0.048,0.6204,47,0.0,0.0,True
2026-08-14,663743,822942,Nick Fortes,Tampa Bay Rays,Baltimore Orioles@Tampa Bay Rays,Chris Bassitt,Tropicana Field,0.25,0.0,0.0,0.496,0.25,0.62,48,0.0,0.0,True
2026-08-14,695734,823591,Daylen Lile,Washington Nationals,Washington Nationals@New York Mets,Robert Stock,Citi Field,0.0,0.0,-0.0063,0.628,-0.0189,0.6161,49,0.0,0.0,True
2026-08-14,678882,823346,Ceddanne Rafaela,Boston Red Sox,Boston Red Sox@Pittsburgh Pirates,Bubba Chandler,PNC Park,-0.25,0.0,0.0008,0.816,-0.2482,0.6135,50,0.0,0.0,True
2026-08-14,650402,824237,Gleyber Torres,Detroit Tigers,Chicago White Sox@Detroit Tigers,Sean Newcomb,Comerica Park,0.0,0.0,0.0169,0.581,0.0508,0.6105,51,0.0,0.0,True
2026-08-14,677594,824159,Julio Rodríguez,Seattle Mariners,Seattle Mariners@Houston Astros,Peter Lambert,Daikin Park,0.0,0.0,0.0097,0.57,0.0291,0.5866,52,0.0,0.0,True
2026-08-14,645277,824882,Ozzie Albies,Atlanta Braves,Arizona Diamondbacks@Atlanta Braves,Brandon Pfaadt,Truist Park,0.0,0.0,-0.0318,0.641,-0.0955,0.5798,53,0.0,0.0,True
2026-08-14,683146,823591,Brett Baty,New York Mets,Washington Nationals@New York Mets,Andrew Alvarez,Citi Field,0.0,0.0,-0.0302,0.624,-0.0905,0.5675,54,0.0,0.0,True
2026-08-14,668709,824479,JJ Bleday,Cincinnati Reds,Miami Marlins@Cincinnati Reds,Sandy Alcantara,Great American Ball Park,0.0,0.0,-0.0144,0.592,-0.0432,0.5664,55,0.0,0.0,True
2026-08-14,668723,822942,Ryan Vilade,Tampa Bay Rays,Baltimore Orioles@Tampa Bay Rays,Chris Bassitt,Tropicana Field,0.25,0.0,0.0,0.452,0.25,0.565,56,0.0,0.0,True
2026-08-14,663757,822777,Trent Grisham,New York Yankees,New York Yankees@Toronto Blue Jays,Shane Bieber,Rogers Centre,0.0,0.0,-0.0136,0.581,-0.0408,0.5573,57,1.0,1.0,True
2026-08-14,681715,824479,Heriberto Hernández,Miami Marlins,Miami Marlins@Cincinnati Reds,Chase Burns,Great American Ball Park,0.0,0.0,-0.031,0.607,-0.0931,0.5505,58,0.0,0.0,True
2026-08-14,693307,824237,Dillon Dingler,Detroit Tigers,Chicago White Sox@Detroit Tigers,Sean Newcomb,Comerica Park,0.0,0.0,0.0,0.549,0.0,0.549,59,0.0,0.0,True
2026-08-14,686527,824159,Dominic Canzone,Seattle Mariners,Seattle Mariners@Houston Astros,Peter Lambert,Daikin Park,0.0,0.0,0.0,0.549,0.0,0.549,60,0.0,0.0,True
2026-08-14,571448,824882,Nolan Arenado,Arizona Diamondbacks,Arizona Diamondbacks@Atlanta Braves,Chris Sale,Truist Park,-0.25,0.0,0.0,0.726,-0.25,0.5445,61,0.0,0.0,True
2026-08-14,678246,824237,Miguel Vargas,Chicago White Sox,Chicago White Sox@Detroit Tigers,Jackson Jobe,Comerica Park,0.0,0.0,-0.0514,0.641,-0.1541,0.5422,62,1.0,2.0,True
2026-08-14,641343,823913,Jake Bauers,Milwaukee Brewers,Milwaukee Brewers@Los Angeles Dodgers,Yoshinobu Yamamoto,UNIQLO Field at Dodger Stadium,0.0,0.0,0.0,0.537,0.0,0.537,63,0.0,0.0,True
2026-08-14,694192,823913,Jackson Chourio,Milwaukee Brewers,Milwaukee Brewers@Los Angeles Dodgers,Yoshinobu Yamamoto,UNIQLO Field at Dodger Stadium,0.0,0.0,0.0,0.531,0.0,0.531,64,0.0,0.0,True
2026-08-14,695506,823993,Jac Caglianone,Kansas City Royals,Kansas City Royals@Los Angeles Angels,Grayson Rodriguez,Angel Stadium,-0.25,0.0,0.0,0.699,-0.2501,0.5242,65,1.0,1.0,True
2026-08-14,666160,823185,Mickey Moniak,Colorado Rockies,Colorado Rockies@San Francisco Giants,Landen Roupp,Oracle Park,0.0,0.0,-0.028,0.563,-0.084,0.5157,66,0.0,0.0,True
2026-08-14,643217,824237,Andrew Benintendi,Chicago White Sox,Chicago White Sox@Detroit Tigers,Jackson Jobe,Comerica Park,0.0,0.0,0.0,0.513,0.0,0.513,67,0.0,0.0,True
2026-08-14,642708,822777,Amed Rosario,New York Yankees,New York Yankees@Toronto Blue Jays,Shane Bieber,Rogers Centre,0.0,0.0,0.0,0.513,0.0,0.513,68,0.0,0.0,True
2026-08-14,571970,823913,Max Muncy,Los Angeles Dodgers,Milwaukee Brewers@Los Angeles Dodgers,Robert Gasser,UNIQLO Field at Dodger Stadium,0.0,0.0,0.0,0.513,0.0,0.513,69,0.0,0.0,True
2026-08-14,808982,823185,Jung Hoo Lee,San Francisco Giants,Colorado Rockies@San Francisco Giants,Kyle Freeland,Oracle Park,0.0,0.0,0.0,0.513,0.0,0.513,70,0.0,0.0,True
2026-08-14,691016,824968,Tyler Soderstrom,Athletics,Texas Rangers@Athletics,Kumar Rocker,Sutter Health Park,0.0,0.0,0.0,0.502,0.0,0.502,71,0.0,0.0,True
2026-08-14,606192,823913,Teoscar Hernández,Los Angeles Dodgers,Milwaukee Brewers@Los Angeles Dodgers,Robert Gasser,UNIQLO Field at Dodger Stadium,0.0,0.0,0.0,0.502,0.0,0.502,72,0.0,0.0,True
2026-08-14,677870,824479,Leo Jiménez,Miami Marlins,Miami Marlins@Cincinnati Reds,Chase Burns,Great American Ball Park,0.0,0.0,0.0,0.496,0.0,0.496,73,0.0,0.0,True
2026-08-14,687401,823913,Joey Ortiz,Milwaukee Brewers,Milwaukee Brewers@Los Angeles Dodgers,Yoshinobu Yamamoto,UNIQLO Field at Dodger Stadium,0.0,0.0,0.0,0.496,0.0,0.496,74,0.0,0.0,True
2026-08-14,680664,824237,Eduardo Valencia,Detroit Tigers,Chicago White Sox@Detroit Tigers,Sean Newcomb,Comerica Park,0.0,0.0,0.0,0.494,0.0,0.494,75,0.0,0.0,True
2026-08-14,676356,822942,Jonny DeLuca,Tampa Bay Rays,Baltimore Orioles@Tampa Bay Rays,Chris Bassitt,Tropicana Field,0.25,0.0,0.0,0.394,0.25,0.4925,76,0.0,0.0,True
2026-08-14,686611,823591,Dylan Crews,Washington Nationals,Washington Nationals@New York Mets,Robert Stock,Citi Field,0.0,0.0,0.0,0.481,0.0,0.481,77,0.0,0.0,True
2026-08-14,665487,824399,Fernando Tatis Jr.,San Diego Padres,San Diego Padres@Cleveland Guardians,Gavin Williams,Progressive Field,0.0,0.0,0.0,0.481,0.0,0.481,78,1.0,1.0,True
2026-08-14,680700,822942,Richie Palacios,Tampa Bay Rays,Baltimore Orioles@Tampa Bay Rays,Chris Bassitt,Tropicana Field,0.0,0.0,0.0,0.481,0.0,0.481,79,0.0,0.0,True
2026-08-14,670764,822942,Taylor Walls,Tampa Bay Rays,Baltimore Orioles@Tampa Bay Rays,Chris Bassitt,Tropicana Field,0.0,0.0,0.0,0.481,0.0,0.481,80,0.0,0.0,True
2026-08-14,681297,822942,Colton Cowser,Baltimore Orioles,Baltimore Orioles@Tampa Bay Rays,Steven Matz,Tropicana Field,0.0,0.0,0.0,0.481,0.0,0.481,81,1.0,1.0,True
2026-08-14,669224,822777,Austin Wells,New York Yankees,New York Yankees@Toronto Blue Jays,Shane Bieber,Rogers Centre,0.0,0.0,0.0,0.481,0.0,0.481,82,0.0,0.0,True
2026-08-14,663728,824159,Cal Raleigh,Seattle Mariners,Seattle Mariners@Houston Astros,Peter Lambert,Daikin Park,0.0,0.0,0.0,0.481,0.0,0.481,83,0.0,0.0,True
2026-08-14,683734,823913,Andrew Vaughn,Milwaukee Brewers,Milwaukee Brewers@Los Angeles Dodgers,Yoshinobu Yamamoto,UNIQLO Field at Dodger Stadium,0.0,0.0,0.0,0.481,0.0,0.481,84,0.0,0.0,True
2026-08-14,671732,824968,Lawrence Butler,Athletics,Texas Rangers@Athletics,Kumar Rocker,Sutter Health Park,0.0,0.0,0.0,0.471,0.0,0.471,85,1.0,1.0,True
2026-08-14,691788,824479,Joe Mack,Miami Marlins,Miami Marlins@Cincinnati Reds,Chase Burns,Great American Ball Park,0.0,0.0,0.0,0.466,0.0,0.466,86,0.0,0.0,True
2026-08-14,650490,822942,Yandy Díaz,Tampa Bay Rays,Baltimore Orioles@Tampa Bay Rays,Chris Bassitt,Tropicana Field,0.25,0.0,0.0,0.372,0.25,0.465,87,0.0,0.0,True
2026-08-14,682829,824479,Elly De La Cruz,Cincinnati Reds,Miami Marlins@Cincinnati Reds,Sandy Alcantara,Great American Ball Park,0.0,0.0,0.0,0.462,0.0,0.462,88,0.0,0.0,True
2026-08-14,665750,822942,Leody Taveras,Baltimore Orioles,Baltimore Orioles@Tampa Bay Rays,Steven Matz,Tropicana Field,0.25,0.0,0.0,0.366,0.25,0.4575,89,0.0,0.0,True
2026-08-14,673548,824643,Seiya Suzuki,Chicago Cubs,St. Louis Cardinals@Chicago Cubs,Matthew Liberatore,Wrigley Field,0.0,0.0,0.0,0.452,0.0,0.452,90,1.0,1.0,True
2026-08-14,677592,824643,Everson Pereira,St. Louis Cardinals,St. Louis Cardinals@Chicago Cubs,Clay Holmes,Wrigley Field,0.0,0.0,0.0,0.452,0.0,0.452,91,0.0,0.0,True
2026-08-14,673357,823591,Luis Robert Jr.,New York Mets,Washington Nationals@New York Mets,Andrew Alvarez,Citi Field,0.0,0.0,0.0,0.452,0.0,0.452,92,0.0,0.0,True
2026-08-14,608369,824968,Corey Seager,Texas Rangers,Texas Rangers@Athletics,,Sutter Health Park,0.0,0.0,0.0,0.452,0.0,0.452,93,0.0,0.0,True
2026-08-14,622761,822942,Jorge Mateo,Tampa Bay Rays,Baltimore Orioles@Tampa Bay Rays,Chris Bassitt,Tropicana Field,0.25,0.0,0.0,0.357,0.2499,0.4462,94,0.0,0.0,True
2026-08-14,657041,824882,Lane Thomas,Atlanta Braves,Arizona Diamondbacks@Atlanta Braves,Brandon Pfaadt,Truist Park,-0.25,0.0,0.0,0.592,-0.25,0.444,95,0.0,0.0,True
2026-08-14,701678,824237,Hao-Yu Lee,Detroit Tigers,Chicago White Sox@Detroit Tigers,Sean Newcomb,Comerica Park,0.0,0.0,0.0,0.44,0.0,0.44,96,0.0,0.0,True
2026-08-14,607043,824968,Brandon Nimmo,Texas Rangers,Texas Rangers@Athletics,,Sutter Health Park,0.0,0.0,0.0,0.435,0.0,0.435,97,0.0,0.0,True
2026-08-14,677649,824968,Ezequiel Duran,Texas Rangers,Texas Rangers@Athletics,,Sutter Health Park,0.0,0.0,0.0,0.435,0.0,0.435,98,0.0,0.0,True
2026-08-14,687462,823346,Spencer Horwitz,Pittsburgh Pirates,Boston Red Sox@Pittsburgh Pirates,Jake Bennett,PNC Park,0.0,0.0,0.0,0.427,0.0,0.427,99,0.0,0.0,True
2026-08-14,671277,822777,Luis García Jr.,New York Yankees,New York Yankees@Toronto Blue Jays,Shane Bieber,Rogers Centre,0.0,0.0,0.0,0.427,0.0,0.427,100,0.0,0.0,True
2026-08-14,699625,824643,Jimmy Crooks,St. Louis Cardinals,St. Louis Cardinals@Chicago Cubs,Clay Holmes,Wrigley Field,0.25,0.0,0.0,0.337,0.2499,0.4212,101,0.0,0.0,True
2026-08-14,680776,823346,Jarren Duran,Boston Red Sox,Boston Red Sox@Pittsburgh Pirates,Bubba Chandler,PNC Park,0.0,0.0,0.0,0.42,0.0,0.42,102,0.0,0.0,True
2026-08-14,683748,822942,Victor Mesa Jr.,Tampa Bay Rays,Baltimore Orioles@Tampa Bay Rays,Chris Bassitt,Tropicana Field,0.0,0.0,0.0,0.405,0.0,0.405,103,0.0,0.0,True
2026-08-14,673237,824159,Yainer Diaz,Houston Astros,Seattle Mariners@Houston Astros,George Kirby,Daikin Park,0.0,0.0,0.0,0.405,0.0,0.405,104,0.0,0.0,True
2026-08-14,650859,824399,Luis Rengifo,San Diego Padres,San Diego Padres@Cleveland Guardians,Gavin Williams,Progressive Field,0.0,0.0,0.0,0.398,0.0,0.398,105,0.0,0.0,True
2026-08-14,665953,823591,Andrés Chaparro,Washington Nationals,Washington Nationals@New York Mets,Robert Stock,Citi Field,0.0,0.0,0.0,0.396,0.0,0.396,106,0.0,0.0,True
2026-08-14,695657,824237,Colson Montgomery,Chicago White Sox,Chicago White Sox@Detroit Tigers,Jackson Jobe,Comerica Park,0.0,0.0,0.0,0.385,0.0,0.385,107,0.0,0.0,True
2026-08-14,700250,822777,Ben Rice,New York Yankees,New York Yankees@Toronto Blue Jays,Shane Bieber,Rogers Centre,0.0,0.0,0.0,0.385,0.0,0.385,108,0.0,0.0,True
2026-08-14,703607,824968,Henry Bolte,Athletics,Texas Rangers@Athletics,Kumar Rocker,Sutter Health Park,0.0,0.0,0.0,0.385,0.0,0.385,109,0.0,0.0,True
2026-08-14,669394,824968,Jake Burger,Texas Rangers,Texas Rangers@Athletics,,Sutter Health Park,0.0,0.0,0.0,0.385,0.0,0.385,110,1.0,1.0,True
2026-08-14,642201,823346,Eli White,Boston Red Sox,Boston Red Sox@Pittsburgh Pirates,Bubba Chandler,PNC Park,-0.25,0.0,0.0,0.513,-0.2499,0.3848,111,0.0,0.0,True
2026-08-14,545341,824237,Randal Grichuk,Chicago White Sox,Chicago White Sox@Detroit Tigers,Jackson Jobe,Comerica Park,0.0,0.0,0.0,0.382,0.0,0.382,112,0.0,0.0,True
2026-08-14,663538,824643,Nico Hoerner,Chicago Cubs,St. Louis Cardinals@Chicago Cubs,Matthew Liberatore,Wrigley Field,0.0,0.0,0.0,0.372,0.0,0.372,113,0.0,0.0,True
2026-08-14,666139,823993,Josh Lowe,Los Angeles Angels,Kansas City Royals@Los Angeles Angels,Seth Lugo,Angel Stadium,-0.25,0.0,0.0,0.496,-0.25,0.372,114,1.0,1.0,True
2026-08-14,681047,822942,Christian Franklin,Baltimore Orioles,Baltimore Orioles@Tampa Bay Rays,Steven Matz,Tropicana Field,0.25,0.0,0.0,0.297,0.2498,0.3712,115,0.0,0.0,True
2026-08-14,693409,824643,César Prieto,St. Louis Cardinals,St. Louis Cardinals@Chicago Cubs,Clay Holmes,Wrigley Field,0.25,0.0,0.0,0.296,0.25,0.37,116,0.0,0.0,True
2026-08-14,676369,824159,Nelson Velázquez,Houston Astros,Seattle Mariners@Houston Astros,George Kirby,Daikin Park,0.0,0.0,0.0,0.368,0.0,0.368,117,0.0,0.0,True
2026-08-14,805808,824237,Kevin McGonigle,Detroit Tigers,Chicago White Sox@Detroit Tigers,Sean Newcomb,Comerica Park,0.0,0.0,0.0,0.366,0.0,0.366,118,0.0,0.0,True
2026-08-14,682998,824882,Corbin Carroll,Arizona Diamondbacks,Arizona Diamondbacks@Atlanta Braves,Chris Sale,Truist Park,0.0,0.0,0.0,0.366,0.0,0.366,119,0.0,0.0,True
2026-08-14,661531,824968,Brian Serven,Athletics,Texas Rangers@Athletics,Kumar Rocker,Sutter Health Park,0.0,0.0,0.0,0.366,0.0,0.366,120,0.0,0.0,True
2026-08-14,592885,823913,Christian Yelich,Milwaukee Brewers,Milwaukee Brewers@Los Angeles Dodgers,Yoshinobu Yamamoto,UNIQLO Field at Dodger Stadium,0.0,0.0,0.0,0.366,0.0,0.366,121,0.0,0.0,True
2026-08-14,686475,823993,Tyler Tolbert,Kansas City Royals,Kansas City Royals@Los Angeles Angels,Grayson Rodriguez,Angel Stadium,-0.25,0.0,0.0,0.481,-0.2499,0.3608,122,0.0,0.0,True
2026-08-14,806146,822777,George Lombard Jr.,New York Yankees,New York Yankees@Toronto Blue Jays,Shane Bieber,Rogers Centre,0.0,0.0,0.0,0.359,0.0,0.359,123,0.0,0.0,True
2026-08-14,664023,824643,Ian Happ,Chicago Cubs,St. Louis Cardinals@Chicago Cubs,Matthew Liberatore,Wrigley Field,0.0,0.0,0.0,0.358,0.0,0.358,124,0.0,0.0,True
2026-08-14,682663,824479,Agustín Ramírez,Miami Marlins,Miami Marlins@Cincinnati Reds,Chase Burns,Great American Ball Park,0.0,0.0,0.0,0.358,0.0,0.358,125,0.0,0.0,True
2026-08-14,687749,824399,Jase Bowen,San Diego Padres,San Diego Padres@Cleveland Guardians,Gavin Williams,Progressive Field,0.0,0.0,0.0,0.357,0.0,0.357,126,0.0,0.0,True
2026-08-14,664983,823185,Jake McCarthy,Colorado Rockies,Colorado Rockies@San Francisco Giants,Landen Roupp,Oracle Park,0.0,0.0,0.0,0.355,0.0,0.355,127,0.0,0.0,True
2026-08-14,680779,823346,Henry Davis,Pittsburgh Pirates,Boston Red Sox@Pittsburgh Pirates,Jake Bennett,PNC Park,-0.25,0.0,0.0,0.466,-0.25,0.3495,128,0.0,0.0,True
2026-08-14,672356,823591,Gabriel Arias,New York Mets,Washington Nationals@New York Mets,Andrew Alvarez,Citi Field,0.0,0.0,0.0,0.347,0.0,0.347,129,0.0,0.0,True
2026-08-14,677951,823993,Bobby Witt Jr.,Kansas City Royals,Kansas City Royals@Los Angeles Angels,Grayson Rodriguez,Angel Stadium,-0.25,0.0,0.0,0.462,-0.25,0.3465,130,0.0,0.0,True
2026-08-14,687605,823591,Andrew Pinckney,Washington Nationals,Washington Nationals@New York Mets,Robert Stock,Citi Field,0.0,0.0,0.0,0.345,0.0,0.345,131,0.0,0.0,True
2026-08-14,695670,823591,Harry Ford,Washington Nationals,Washington Nationals@New York Mets,Robert Stock,Citi Field,0.0,0.0,0.0,0.345,0.0,0.345,132,0.0,0.0,True
2026-08-14,572233,824159,Christian Walker,Houston Astros,Seattle Mariners@Houston Astros,George Kirby,Daikin Park,0.0,0.0,0.0,0.342,0.0,0.342,133,1.0,1.0,True
2026-08-14,694671,824968,Wyatt Langford,Texas Rangers,Texas Rangers@Athletics,,Sutter Health Park,0.0,0.0,0.0,0.342,0.0,0.342,134,0.0,0.0,True
2026-08-14,676439,823913,Hunter Feduccia,Los Angeles Dodgers,Milwaukee Brewers@Los Angeles Dodgers,Robert Gasser,UNIQLO Field at Dodger Stadium,0.0,0.0,0.0,0.341,0.0,0.341,135,0.0,0.0,True
2026-08-14,694673,823591,Abimelec Ortiz,Washington Nationals,Washington Nationals@New York Mets,Robert Stock,Citi Field,0.0,0.0,0.0,0.34,0.0,0.34,136,0.0,0.0,True
2026-08-14,694197,824399,Angel Genao,Cleveland Guardians,San Diego Padres@Cleveland Guardians,Michael King,Progressive Field,0.0,0.0,0.0,0.34,0.0,0.34,137,0.0,0.0,True
2026-08-14,571771,823913,Enrique Hernández,Los Angeles Dodgers,Milwaukee Brewers@Los Angeles Dodgers,Robert Gasser,UNIQLO Field at Dodger Stadium,0.0,0.0,0.0,0.34,0.0,0.34,138,0.0,0.0,True
2026-08-14,805811,823185,Bryce Eldridge,San Francisco Giants,Colorado Rockies@San Francisco Giants,Kyle Freeland,Oracle Park,0.0,0.0,0.0,0.334,0.0,0.334,139,1.0,1.0,True
2026-08-14,802139,824643,JJ Wetherholt,St. Louis Cardinals,St. Louis Cardinals@Chicago Cubs,Clay Holmes,Wrigley Field,0.25,0.0,0.0,0.265,0.2502,0.3313,140,0.0,0.0,True
2026-08-14,642350,823993,Jose Siri,Los Angeles Angels,Kansas City Royals@Los Angeles Angels,Seth Lugo,Angel Stadium,-0.25,0.0,0.0,0.44,-0.25,0.33,141,0.0,0.0,True
2026-08-14,647304,824159,Josh Naylor,Seattle Mariners,Seattle Mariners@Houston Astros,Peter Lambert,Daikin Park,0.0,0.0,0.0,0.327,0.0,0.327,142,0.0,0.0,True
2026-08-14,665923,824479,Esteury Ruiz,Miami Marlins,Miami Marlins@Cincinnati Reds,Chase Burns,Great American Ball Park,0.0,0.0,0.0,0.323,0.0,0.323,143,0.0,0.0,True
2026-08-14,650968,822942,Yohel Pozo,Baltimore Orioles,Baltimore Orioles@Tampa Bay Rays,Steven Matz,Tropicana Field,0.25,0.0,0.0,0.257,0.2502,0.3213,144,0.0,0.0,True
2026-08-14,690984,824399,Petey Halpin,Cleveland Guardians,San Diego Padres@Cleveland Guardians,Michael King,Progressive Field,0.0,0.0,0.0,0.321,0.0,0.321,145,0.0,0.0,True
2026-08-14,672960,822777,Kazuma Okamoto,Toronto Blue Jays,New York Yankees@Toronto Blue Jays,Gerrit Cole,Rogers Centre,0.0,0.0,0.0,0.321,0.0,0.321,146,0.0,0.0,True
2026-08-14,663586,824882,Austin Riley,Atlanta Braves,Arizona Diamondbacks@Atlanta Braves,Brandon Pfaadt,Truist Park,-0.25,0.0,0.0,0.427,-0.2501,0.3202,147,0.0,0.0,True
2026-08-14,701807,823591,Carson Benge,New York Mets,Washington Nationals@New York Mets,Andrew Alvarez,Citi Field,0.0,0.0,0.0,0.314,0.0,0.314,148,0.0,0.0,True
2026-08-14,672386,822777,Alejandro Kirk,Toronto Blue Jays,New York Yankees@Toronto Blue Jays,Gerrit Cole,Rogers Centre,0.0,0.0,0.0,0.314,0.0,0.314,149,1.0,1.0,True
2026-08-14,677588,823591,José Tena,Washington Nationals,Washington Nationals@New York Mets,Robert Stock,Citi Field,0.0,0.0,0.0,0.312,0.0,0.312,150,0.0,0.0,True
2026-08-14,695600,823993,Carter Jensen,Kansas City Royals,Kansas City Royals@Los Angeles Angels,Grayson Rodriguez,Angel Stadium,-0.25,0.0,0.0,0.416,-0.25,0.312,151,0.0,0.0,True
2026-08-14,640459,824479,Brian Navarreto,Miami Marlins,Miami Marlins@Cincinnati Reds,Chase Burns,Great American Ball Park,0.0,0.0,0.0,0.311,0.0,0.311,152,0.0,0.0,True
2026-08-14,665966,822942,Carlos Narváez,Baltimore Orioles,Baltimore Orioles@Tampa Bay Rays,Steven Matz,Tropicana Field,0.25,0.0,0.0,0.248,0.25,0.31,153,0.0,0.0,True
2026-08-14,606466,824882,Ketel Marte,Arizona Diamondbacks,Arizona Diamondbacks@Atlanta Braves,Chris Sale,Truist Park,-0.25,0.0,0.0,0.412,-0.25,0.309,154,0.0,0.0,True
2026-08-14,670231,823993,John Rave,Kansas City Royals,Kansas City Royals@Los Angeles Angels,Grayson Rodriguez,Angel Stadium,-0.25,0.0,0.0,0.411,-0.2501,0.3082,155,0.0,0.0,True
2026-08-14,683002,822942,Gunnar Henderson,Baltimore Orioles,Baltimore Orioles@Tampa Bay Rays,Steven Matz,Tropicana Field,0.0,0.0,0.0,0.308,0.0,0.308,156,1.0,1.0,True
2026-08-14,813841,823185,Jonah Cox,San Francisco Giants,Colorado Rockies@San Francisco Giants,Kyle Freeland,Oracle Park,0.0,0.0,0.0,0.308,0.0,0.308,157,0.0,0.0,True
2026-08-14,669360,824237,Trei Cruz,Detroit Tigers,Chicago White Sox@Detroit Tigers,Sean Newcomb,Comerica Park,0.0,0.0,0.0,0.305,0.0,0.305,158,0.0,0.0,True
2026-08-14,665506,823591,Cristian Pache,New York Mets,Washington Nationals@New York Mets,Andrew Alvarez,Citi Field,0.0,0.0,0.0,0.305,0.0,0.305,159,0.0,0.0,True
2026-08-14,666163,823913,Ben Rortvedt,Los Angeles Dodgers,Milwaukee Brewers@Los Angeles Dodgers,Robert Gasser,UNIQLO Field at Dodger Stadium,0.0,0.0,0.0,0.305,0.0,0.305,160,0.0,0.0,True
2026-08-14,701649,824643,James Triantos,Chicago Cubs,St. Louis Cardinals@Chicago Cubs,Matthew Liberatore,Wrigley Field,0.0,0.0,0.0,0.302,0.0,0.302,161,0.0,0.0,True
2026-08-14,800050,824399,Chase DeLauter,Cleveland Guardians,San Diego Padres@Cleveland Guardians,Michael King,Progressive Field,0.0,0.0,0.0,0.302,0.0,0.302,162,0.0,0.0,True
2026-08-14,670541,824159,Yordan Alvarez,Houston Astros,Seattle Mariners@Houston Astros,George Kirby,Daikin Park,0.0,0.0,0.0,0.302,0.0,0.302,163,1.0,1.0,True
2026-08-14,669911,824479,Michael Toglia,Cincinnati Reds,Miami Marlins@Cincinnati Reds,Sandy Alcantara,Great American Ball Park,0.0,0.0,0.0,0.3,0.0,0.3,164,0.0,0.0,True
2026-08-14,667452,824237,Corey Julks,Detroit Tigers,Chicago White Sox@Detroit Tigers,Sean Newcomb,Comerica Park,0.0,0.0,0.0,0.3,0.0,0.3,165,0.0,0.0,True
2026-08-14,801126,824159,Brock Rodden,Seattle Mariners,Seattle Mariners@Houston Astros,Peter Lambert,Daikin Park,0.0,0.0,0.0,0.3,0.0,0.3,166,0.0,0.0,True
2026-08-14,678225,823913,Jihwan Bae,Milwaukee Brewers,Milwaukee Brewers@Los Angeles Dodgers,Yoshinobu Yamamoto,UNIQLO Field at Dodger Stadium,0.0,0.0,0.0,0.3,0.0,0.3,167,0.0,0.0,True
2026-08-14,668800,823185,Andrew Knizner,San Francisco Giants,Colorado Rockies@San Francisco Giants,Kyle Freeland,Oracle Park,0.0,0.0,0.0,0.3,0.0,0.3,168,0.0,0.0,True
2026-08-14,806367,823185,Turner Hill,San Francisco Giants,Colorado Rockies@San Francisco Giants,Kyle Freeland,Oracle Park,0.0,0.0,0.0,0.3,0.0,0.3,169,0.0,0.0,True
2026-08-14,691182,823185,Adael Amador,Colorado Rockies,Colorado Rockies@San Francisco Giants,Landen Roupp,Oracle Park,0.0,0.0,0.0,0.3,0.0,0.3,170,0.0,0.0,True
2026-08-14,691728,823185,Zac Veen,Colorado Rockies,Colorado Rockies@San Francisco Giants,Landen Roupp,Oracle Park,0.0,0.0,0.0,0.3,0.0,0.3,171,1.0,1.0,True
2026-08-14,807727,822777,Charles McAdoo,Toronto Blue Jays,New York Yankees@Toronto Blue Jays,Gerrit Cole,Rogers Centre,0.0,0.0,0.0,0.296,0.0,0.296,172,0.0,0.0,True
2026-08-14,703520,822777,Brett Bateman,Toronto Blue Jays,New York Yankees@Toronto Blue Jays,Gerrit Cole,Rogers Centre,0.0,0.0,0.0,0.294,0.0,0.294,173,0.0,0.0,True
2026-08-14,521692,823993,Salvador Perez,Kansas City Royals,Kansas City Royals@Los Angeles Angels,Grayson Rodriguez,Angel Stadium,-0.25,0.0,0.0,0.391,-0.2499,0.2933,174,0.0,0.0,True
2026-08-14,668930,823913,Brice Turang,Milwaukee Brewers,Milwaukee Brewers@Los Angeles Dodgers,Yoshinobu Yamamoto,UNIQLO Field at Dodger Stadium,0.0,0.0,0.0,0.29,0.0,0.29,175,0.0,0.0,True
2026-08-14,518595,823993,Travis d'Arnaud,Los Angeles Angels,Kansas City Royals@Los Angeles Angels,Seth Lugo,Angel Stadium,-0.25,0.0,0.0,0.385,-0.2499,0.2888,176,0.0,0.0,True
2026-08-14,699302,824479,Héctor Rodríguez,Cincinnati Reds,Miami Marlins@Cincinnati Reds,Sandy Alcantara,Great American Ball Park,0.0,0.0,0.0,0.288,0.0,0.288,177,0.0,0.0,True
2026-08-14,682988,824882,Tyler Locklear,Arizona Diamondbacks,Arizona Diamondbacks@Atlanta Braves,Chris Sale,Truist Park,-0.25,0.0,0.0,0.377,-0.2499,0.2828,178,0.0,0.0,True
2026-08-14,641680,824968,Jonah Heim,Athletics,Texas Rangers@Athletics,Kumar Rocker,Sutter Health Park,0.0,0.0,0.0,0.28,0.0,0.28,179,0.0,0.0,True
2026-08-14,671083,823185,Buddy Kennedy,San Francisco Giants,Colorado Rockies@San Francisco Giants,Kyle Freeland,Oracle Park,0.0,0.0,0.0,0.278,0.0,0.278,180,0.0,0.0,True
2026-08-14,687597,823185,Jordan Beck,Colorado Rockies,Colorado Rockies@San Francisco Giants,Landen Roupp,Oracle Park,0.0,0.0,0.0,0.277,0.0,0.277,181,0.0,0.0,True
2026-08-14,665804,824643,Miguel Amaya,Chicago Cubs,St. Louis Cardinals@Chicago Cubs,Matthew Liberatore,Wrigley Field,0.0,0.0,0.0,0.276,0.0,0.276,182,0.0,0.0,True
2026-08-14,701852,823185,Drew Cavanaugh,San Francisco Giants,Colorado Rockies@San Francisco Giants,Kyle Freeland,Oracle Park,0.0,0.0,0.0,0.276,0.0,0.276,183,0.0,0.0,True
2026-08-14,543807,822777,George Springer,Toronto Blue Jays,New York Yankees@Toronto Blue Jays,Gerrit Cole,Rogers Centre,0.0,0.0,0.0,0.275,0.0,0.275,184,0.0,0.0,True
2026-08-14,681624,823913,Andy Pages,Los Angeles Dodgers,Milwaukee Brewers@Los Angeles Dodgers,Robert Gasser,UNIQLO Field at Dodger Stadium,0.0,0.0,0.0,0.275,0.0,0.275,185,1.0,1.0,True
2026-08-14,691011,824237,Drew Romo,Chicago White Sox,Chicago White Sox@Detroit Tigers,Jackson Jobe,Comerica Park,0.0,0.0,0.0,0.271,0.0,0.271,186,0.0,0.0,True
2026-08-14,669720,824399,Austin Hays,San Diego Padres,San Diego Padres@Cleveland Guardians,Gavin Williams,Progressive Field,0.0,0.0,0.0,0.27,0.0,0.27,187,0.0,0.0,True
2026-08-14,642215,824159,Weston Wilson,Seattle Mariners,Seattle Mariners@Houston Astros,Peter Lambert,Daikin Park,0.0,0.0,0.0,0.27,0.0,0.27,188,0.0,0.0,True
2026-08-14,500743,823913,Miguel Rojas,Los Angeles Dodgers,Milwaukee Brewers@Los Angeles Dodgers,Robert Gasser,UNIQLO Field at Dodger Stadium,0.0,0.0,0.0,0.269,0.0,0.269,189,0.0,0.0,True
2026-08-14,814439,824882,Ryan Waldschmidt,Arizona Diamondbacks,Arizona Diamondbacks@Atlanta Braves,Chris Sale,Truist Park,-0.25,0.0,0.0,0.358,-0.25,0.2685,190,0.0,0.0,True
2026-08-14,701162,824237,Ben Malgeri,Detroit Tigers,Chicago White Sox@Detroit Tigers,Sean Newcomb,Comerica Park,0.0,0.0,0.0,0.264,0.0,0.264,191,1.0,2.0,True
2026-08-14,545361,823993,Mike Trout,Los Angeles Angels,Kansas City Royals@Los Angeles Angels,Seth Lugo,Angel Stadium,-0.25,0.0,0.0,0.35,-0.25,0.2625,192,0.0,0.0,True
2026-08-14,516782,823993,Starling Marte,Kansas City Royals,Kansas City Royals@Los Angeles Angels,Grayson Rodriguez,Angel Stadium,-0.25,0.0,0.0,0.348,-0.25,0.261,193,0.0,0.0,True
2026-08-14,686668,824237,Brenton Doyle,Chicago White Sox,Chicago White Sox@Detroit Tigers,Jackson Jobe,Comerica Park,0.0,0.0,0.0,0.259,0.0,0.259,194,0.0,0.0,True
2026-08-14,642851,824968,Austin Wynns,Texas Rangers,Texas Rangers@Athletics,,Sutter Health Park,0.0,0.0,0.0,0.257,0.0,0.257,195,0.0,0.0,True
2026-08-14,663330,823346,Jahmai Jones,Boston Red Sox,Boston Red Sox@Pittsburgh Pirates,Bubba Chandler,PNC Park,-0.25,0.0,0.0,0.342,-0.25,0.2565,196,0.0,0.0,True
2026-08-14,686780,824643,Pedro Pagés,St. Louis Cardinals,St. Louis Cardinals@Chicago Cubs,Clay Holmes,Wrigley Field,0.0,0.0,0.0,0.256,0.0,0.256,197,0.0,0.0,True
2026-08-14,700337,824237,Edgar Quero,Chicago White Sox,Chicago White Sox@Detroit Tigers,Jackson Jobe,Comerica Park,0.0,0.0,0.0,0.256,0.0,0.256,198,0.0,0.0,True
2026-08-14,593871,823591,Jorge Polanco,New York Mets,Washington Nationals@New York Mets,Andrew Alvarez,Citi Field,0.0,0.0,0.0,0.256,0.0,0.256,199,0.0,0.0,True
2026-08-14,620443,823591,Luis Torrens,New York Mets,Washington Nationals@New York Mets,Andrew Alvarez,Citi Field,0.0,0.0,0.0,0.256,0.0,0.256,200,0.0,0.0,True
2026-08-14,664034,824399,Ty France,San Diego Padres,San Diego Padres@Cleveland Guardians,Gavin Williams,Progressive Field,0.0,0.0,0.0,0.256,0.0,0.256,201,0.0,0.0,True
2026-08-14,665862,822777,Jazz Chisholm Jr.,New York Yankees,New York Yankees@Toronto Blue Jays,Shane Bieber,Rogers Centre,0.0,0.0,0.0,0.256,0.0,0.256,202,0.0,0.0,True
2026-08-14,641857,822777,Ryan McMahon,New York Yankees,New York Yankees@Toronto Blue Jays,Shane Bieber,Rogers Centre,0.0,0.0,0.0,0.256,0.0,0.256,203,0.0,0.0,True
2026-08-14,553869,824968,Elias Díaz,Texas Rangers,Texas Rangers@Athletics,,Sutter Health Park,0.0,0.0,0.0,0.256,0.0,0.256,204,0.0,0.0,True
2026-08-14,679822,824968,Justin Foscue,Texas Rangers,Texas Rangers@Athletics,,Sutter Health Park,0.0,0.0,0.0,0.256,0.0,0.256,205,0.0,0.0,True
2026-08-14,671056,824643,Iván Herrera,St. Louis Cardinals,St. Louis Cardinals@Chicago Cubs,Clay Holmes,Wrigley Field,0.0,0.0,0.0,0.252,0.0,0.252,206,0.0,0.0,True
2026-08-14,670623,824159,Isaac Paredes,Houston Astros,Seattle Mariners@Houston Astros,George Kirby,Daikin Park,0.0,0.0,0.0,0.252,0.0,0.252,207,0.0,0.0,True
2026-08-14,605141,823913,Mookie Betts,Los Angeles Dodgers,Milwaukee Brewers@Los Angeles Dodgers,Robert Gasser,UNIQLO Field at Dodger Stadium,0.0,0.0,0.0,0.252,0.0,0.252,208,0.0,0.0,True
2026-08-14,804668,823346,Rafael Flores Jr.,Pittsburgh Pirates,Boston Red Sox@Pittsburgh Pirates,Jake Bennett,PNC Park,-0.25,0.0,0.0,0.335,-0.2499,0.2513,209,1.0,1.0,True
2026-08-14,543510,824882,James McCann,Arizona Diamondbacks,Arizona Diamondbacks@Atlanta Braves,Chris Sale,Truist Park,-0.25,0.0,0.0,0.334,-0.25,0.2505,210,0.0,0.0,True
2026-08-14,621438,824643,Tyrone Taylor,Chicago Cubs,St. Louis Cardinals@Chicago Cubs,Matthew Liberatore,Wrigley Field,0.0,0.0,0.0,0.248,0.0,0.248,211,0.0,0.0,True
2026-08-14,703601,824237,Max Clark,Detroit Tigers,Chicago White Sox@Detroit Tigers,Sean Newcomb,Comerica Park,0.0,0.0,0.0,0.248,0.0,0.248,212,0.0,0.0,True
2026-08-14,656555,824399,Rhys Hoskins,Cleveland Guardians,San Diego Padres@Cleveland Guardians,Michael King,Progressive Field,0.0,0.0,0.0,0.248,0.0,0.248,213,0.0,0.0,True
2026-08-14,686948,824882,Drake Baldwin,Atlanta Braves,Arizona Diamondbacks@Atlanta Braves,Brandon Pfaadt,Truist Park,0.0,0.0,0.0,0.248,0.0,0.248,214,0.0,0.0,True
2026-08-14,660821,822777,Jesús Sánchez,Toronto Blue Jays,New York Yankees@Toronto Blue Jays,Gerrit Cole,Rogers Centre,0.0,0.0,0.0,0.248,0.0,0.248,215,0.0,0.0,True
2026-08-14,645305,822777,Ali Sánchez,New York Yankees,New York Yankees@Toronto Blue Jays,Shane Bieber,Rogers Centre,0.0,0.0,0.0,0.248,0.0,0.248,216,0.0,0.0,True
2026-08-14,672284,824968,Jarred Kelenic,Texas Rangers,Texas Rangers@Athletics,,Sutter Health Park,0.0,0.0,0.0,0.248,0.0,0.248,217,0.0,0.0,True
2026-08-14,671739,824882,Michael Harris II,Atlanta Braves,Arizona Diamondbacks@Atlanta Braves,Brandon Pfaadt,Truist Park,0.0,0.0,0.0,0.244,0.0,0.244,218,0.0,0.0,True
2026-08-14,680977,824159,Brendan Donovan,Seattle Mariners,Seattle Mariners@Houston Astros,Peter Lambert,Daikin Park,0.0,0.0,0.0,0.241,0.0,0.241,219,0.0,0.0,True
2026-08-14,670770,824479,TJ Friedl,Cincinnati Reds,Miami Marlins@Cincinnati Reds,Sandy Alcantara,Great American Ball Park,0.0,0.0,0.0,0.24,0.0,0.24,220,0.0,0.0,True
2026-08-14,669134,824399,Luis Campusano,San Diego Padres,San Diego Padres@Cleveland Guardians,Gavin Williams,Progressive Field,0.0,0.0,0.0,0.24,0.0,0.24,221,0.0,0.0,True
2026-08-14,823550,824399,Sung-Mun Song,San Diego Padres,San Diego Padres@Cleveland Guardians,Gavin Williams,Progressive Field,0.0,0.0,0.0,0.24,0.0,0.24,222,0.0,0.0,True
2026-08-14,571912,823993,Luke Maile,Kansas City Royals,Kansas City Royals@Los Angeles Angels,Grayson Rodriguez,Angel Stadium,-0.25,0.0,0.0,0.32,-0.25,0.24,223,0.0,0.0,True
2026-08-14,595978,824399,Austin Hedges,Cleveland Guardians,San Diego Padres@Cleveland Guardians,Michael King,Progressive Field,0.0,0.0,0.0,0.237,0.0,0.237,224,0.0,0.0,True
2026-08-14,687093,823993,Vaughn Grissom,Los Angeles Angels,Kansas City Royals@Los Angeles Angels,Seth Lugo,Angel Stadium,-0.25,0.0,0.0,0.314,-0.25,0.2355,225,0.0,0.0,True
2026-08-14,691781,823591,Brady House,Washington Nationals,Washington Nationals@New York Mets,Robert Stock,Citi Field,0.0,0.0,0.0,0.233,0.0,0.233,226,0.0,0.0,True
2026-08-14,657757,824399,Gavin Sheets,San Diego Padres,San Diego Padres@Cleveland Guardians,Gavin Williams,Progressive Field,0.0,0.0,0.0,0.233,0.0,0.233,227,0.0,0.0,True
2026-08-14,676609,822777,José Caballero,New York Yankees,New York Yankees@Toronto Blue Jays,Shane Bieber,Rogers Centre,0.0,0.0,0.0,0.233,0.0,0.233,228,0.0,0.0,True
2026-08-14,678662,823185,Ezequiel Tovar,Colorado Rockies,Colorado Rockies@San Francisco Giants,Landen Roupp,Oracle Park,0.0,0.0,0.0,0.233,0.0,0.233,229,0.0,0.0,True
2026-08-14,688363,824479,Graham Pauley,Miami Marlins,Miami Marlins@Cincinnati Reds,Chase Burns,Great American Ball Park,0.0,0.0,0.0,0.226,0.0,0.226,230,0.0,0.0,True
2026-08-14,695508,824968,Cam Cauley,Texas Rangers,Texas Rangers@Athletics,,Sutter Health Park,0.0,0.0,0.0,0.226,0.0,0.226,231,0.0,0.0,True
2026-08-14,624431,824479,Jose Trevino,Cincinnati Reds,Miami Marlins@Cincinnati Reds,Sandy Alcantara,Great American Ball Park,0.0,0.0,0.0,0.225,0.0,0.225,232,0.0,0.0,True
2026-08-14,687394,823346,Jack Brannigan,Pittsburgh Pirates,Boston Red Sox@Pittsburgh Pirates,Jake Bennett,PNC Park,-0.25,0.0,0.0,0.3,-0.25,0.225,233,0.0,0.0,True
2026-08-14,699393,824643,Pedro Ramírez,Chicago Cubs,St. Louis Cardinals@Chicago Cubs,Matthew Liberatore,Wrigley Field,0.0,0.0,0.0,0.22,0.0,0.22,234,0.0,0.0,True
2026-08-14,640902,824159,Jhonny Pereda,Seattle Mariners,Seattle Mariners@Houston Astros,Peter Lambert,Daikin Park,0.0,0.0,0.0,0.22,0.0,0.22,235,0.0,0.0,True
2026-08-14,686681,823993,Michael Massey,Kansas City Royals,Kansas City Royals@Los Angeles Angels,Grayson Rodriguez,Angel Stadium,-0.25,0.0,0.0,0.29,-0.25,0.2175,236,1.0,1.0,True
2026-08-14,663647,824479,Ke'Bryan Hayes,Cincinnati Reds,Miami Marlins@Cincinnati Reds,Sandy Alcantara,Great American Ball Park,0.0,0.0,0.0,0.214,0.0,0.214,237,0.0,0.0,True
2026-08-14,694378,823346,Jacob Gonzalez,Pittsburgh Pirates,Boston Red Sox@Pittsburgh Pirates,Jake Bennett,PNC Park,0.0,0.0,0.0,0.214,0.0,0.214,238,0.0,0.0,True
2026-08-14,687551,823185,Drew Gilbert,San Francisco Giants,Colorado Rockies@San Francisco Giants,Kyle Freeland,Oracle Park,0.0,0.0,0.0,0.214,0.0,0.214,239,0.0,0.0,True
2026-08-14,663968,823346,Jake Mangum,Pittsburgh Pirates,Boston Red Sox@Pittsburgh Pirates,Jake Bennett,PNC Park,-0.25,0.0,0.0,0.285,-0.2502,0.2137,240,0.0,0.0,True
2026-08-14,669221,824882,Sean Murphy,Atlanta Braves,Arizona Diamondbacks@Atlanta Braves,Brandon Pfaadt,Truist Park,-0.25,0.0,0.0,0.278,-0.25,0.2085,241,0.0,0.0,True
2026-08-14,701675,824643,Nathan Church,St. Louis Cardinals,St. Louis Cardinals@Chicago Cubs,Clay Holmes,Wrigley Field,0.25,0.0,0.0,0.164,0.25,0.205,242,0.0,0.0,True
2026-08-14,682927,823346,Ronny Simon,Pittsburgh Pirates,Boston Red Sox@Pittsburgh Pirates,Jake Bennett,PNC Park,-0.25,0.0,0.0,0.273,-0.2498,0.2048,243,0.0,0.0,True
2026-08-14,694374,824882,Tim Tawa,Arizona Diamondbacks,Arizona Diamondbacks@Atlanta Braves,Chris Sale,Truist Park,-0.25,0.0,0.0,0.27,-0.25,0.2025,244,1.0,1.0,True
2026-08-14,695731,824237,Braden Montgomery,Chicago White Sox,Chicago White Sox@Detroit Tigers,Jackson Jobe,Comerica Park,0.0,0.0,0.0,0.202,0.0,0.202,245,0.0,0.0,True
2026-08-14,696285,823591,Jacob Young,Washington Nationals,Washington Nationals@New York Mets,Robert Stock,Citi Field,0.0,0.0,0.0,0.202,0.0,0.202,246,0.0,0.0,True
2026-08-14,656775,822942,Cedric Mullins,Tampa Bay Rays,Baltimore Orioles@Tampa Bay Rays,Chris Bassitt,Tropicana Field,0.0,0.0,0.0,0.202,0.0,0.202,247,0.0,0.0,True
2026-08-14,682657,824399,Angel Martínez,Cleveland Guardians,San Diego Padres@Cleveland Guardians,Michael King,Progressive Field,0.0,0.0,0.0,0.197,0.0,0.197,248,0.0,0.0,True
2026-08-14,502671,822777,Paul Goldschmidt,New York Yankees,New York Yankees@Toronto Blue Jays,Shane Bieber,Rogers Centre,0.0,0.0,0.0,0.197,0.0,0.197,249,0.0,0.0,True
2026-08-14,664954,823185,Brett Sullivan,Colorado Rockies,Colorado Rockies@San Francisco Giants,Landen Roupp,Oracle Park,0.0,0.0,0.0,0.197,0.0,0.197,250,0.0,0.0,True
2026-08-14,673490,824882,Ha-Seong Kim,Atlanta Braves,Arizona Diamondbacks@Atlanta Braves,Brandon Pfaadt,Truist Park,-0.25,0.0,0.0,0.257,-0.2498,0.1928,251,0.0,0.0,True
2026-08-14,805300,824479,Jakob Marsee,Miami Marlins,Miami Marlins@Cincinnati Reds,Chase Burns,Great American Ball Park,0.0,0.0,0.0,0.192,0.0,0.192,252,0.0,0.0,True
2026-08-14,678011,823346,Anthony Seigler,Boston Red Sox,Boston Red Sox@Pittsburgh Pirates,Bubba Chandler,PNC Park,0.0,0.0,0.0,0.192,0.0,0.192,253,0.0,0.0,True
2026-08-14,575929,823346,Willson Contreras,Boston Red Sox,Boston Red Sox@Pittsburgh Pirates,Bubba Chandler,PNC Park,-0.25,0.0,0.0,0.256,-0.25,0.192,254,0.0,0.0,True
2026-08-14,678489,824882,Jorge Barrosa,Arizona Diamondbacks,Arizona Diamondbacks@Atlanta Braves,Chris Sale,Truist Park,-0.25,0.0,0.0,0.256,-0.25,0.192,255,0.0,0.0,True
2026-08-14,666126,824968,Carlos Cortes,Athletics,Texas Rangers@Athletics,Kumar Rocker,Sutter Health Park,0.0,0.0,0.0,0.192,0.0,0.192,256,0.0,0.0,True
2026-08-14,681393,823185,Connor Norby,Colorado Rockies,Colorado Rockies@San Francisco Giants,Landen Roupp,Oracle Park,0.0,0.0,0.0,0.192,0.0,0.192,257,0.0,0.0,True
2026-08-14,669397,824159,Nick Allen,Houston Astros,Seattle Mariners@Houston Astros,George Kirby,Daikin Park,0.0,0.0,0.0,0.191,0.0,0.191,258,0.0,0.0,True
2026-08-14,657136,823346,Connor Wong,Boston Red Sox,Boston Red Sox@Pittsburgh Pirates,Bubba Chandler,PNC Park,-0.25,0.0,0.0,0.253,-0.2498,0.1898,259,0.0,0.0,True
2026-08-14,672695,824882,Geraldo Perdomo,Arizona Diamondbacks,Arizona Diamondbacks@Atlanta Braves,Chris Sale,Truist Park,-0.25,0.0,0.0,0.252,-0.25,0.189,260,0.0,0.0,True
2026-08-14,608348,824643,Carson Kelly,Chicago Cubs,St. Louis Cardinals@Chicago Cubs,Matthew Liberatore,Wrigley Field,0.0,0.0,0.0,0.188,0.0,0.188,261,0.0,0.0,True
2026-08-14,695257,823346,Billy Cook,Pittsburgh Pirates,Boston Red Sox@Pittsburgh Pirates,Jake Bennett,PNC Park,-0.25,0.0,0.0,0.245,-0.2498,0.1838,262,0.0,0.0,True
2026-08-14,663993,824399,Nathaniel Lowe,Cleveland Guardians,San Diego Padres@Cleveland Guardians,Michael King,Progressive Field,0.0,0.0,0.0,0.179,0.0,0.179,263,1.0,1.0,True
2026-08-14,672515,824882,Gabriel Moreno,Arizona Diamondbacks,Arizona Diamondbacks@Atlanta Braves,Chris Sale,Truist Park,-0.25,0.0,0.0,0.237,-0.2502,0.1777,264,0.0,0.0,True
2026-08-14,699013,823346,Esmerlyn Valdez,Pittsburgh Pirates,Boston Red Sox@Pittsburgh Pirates,Jake Bennett,PNC Park,-0.25,0.0,0.0,0.233,-0.2498,0.1748,265,0.0,0.0,True
2026-08-14,694203,823993,Denzer Guzman,Los Angeles Angels,Kansas City Royals@Los Angeles Angels,Seth Lugo,Angel Stadium,-0.25,0.0,0.0,0.233,-0.2498,0.1748,266,0.0,0.0,True
2026-08-14,694249,823185,Cole Carrigg,Colorado Rockies,Colorado Rockies@San Francisco Giants,Landen Roupp,Oracle Park,0.0,0.0,0.0,0.171,0.0,0.171,267,0.0,0.0,True
2026-08-14,665926,822777,Andrés Giménez,Toronto Blue Jays,New York Yankees@Toronto Blue Jays,Gerrit Cole,Rogers Centre,0.0,0.0,0.0,0.167,0.0,0.167,268,0.0,0.0,True
2026-08-14,643446,824968,Jeff McNeil,Athletics,Texas Rangers@Athletics,Kumar Rocker,Sutter Health Park,0.0,0.0,0.0,0.167,0.0,0.167,269,1.0,1.0,True
2026-08-14,624428,823993,Adam Frazier,Los Angeles Angels,Kansas City Royals@Los Angeles Angels,Seth Lugo,Angel Stadium,-0.25,0.0,0.0,0.222,-0.25,0.1665,270,0.0,0.0,True
2026-08-14,621020,824643,Dansby Swanson,Chicago Cubs,St. Louis Cardinals@Chicago Cubs,Matthew Liberatore,Wrigley Field,0.0,0.0,0.0,0.164,0.0,0.164,271,0.0,0.0,True
2026-08-14,694208,823993,Moisés Ballesteros,Los Angeles Angels,Kansas City Royals@Los Angeles Angels,Seth Lugo,Angel Stadium,-0.25,0.0,0.0,0.214,-0.25,0.1605,272,0.0,0.0,True
2026-08-14,669242,823913,Tommy Edman,Los Angeles Dodgers,Milwaukee Brewers@Los Angeles Dodgers,Robert Gasser,UNIQLO Field at Dodger Stadium,0.0,0.0,0.0,0.16,0.0,0.16,273,1.0,1.0,True
2026-08-14,691594,824479,Javier Sanoja,Miami Marlins,Miami Marlins@Cincinnati Reds,Chase Burns,Great American Ball Park,0.0,0.0,0.0,0.157,0.0,0.157,274,0.0,0.0,True
2026-08-14,803011,824237,Sam Antonacci,Chicago White Sox,Chicago White Sox@Detroit Tigers,Jackson Jobe,Comerica Park,0.0,0.0,0.0,0.157,0.0,0.157,275,0.0,0.0,True
2026-08-14,642715,823185,Willy Adames,San Francisco Giants,Colorado Rockies@San Francisco Giants,Kyle Freeland,Oracle Park,0.0,0.0,0.0,0.157,0.0,0.157,276,0.0,0.0,True
2026-08-14,665877,824643,José Fermín,St. Louis Cardinals,St. Louis Cardinals@Chicago Cubs,Clay Holmes,Wrigley Field,0.0,0.0,0.0,0.154,0.0,0.154,277,0.0,0.0,True
2026-08-14,807799,823346,Masataka Yoshida,Boston Red Sox,Boston Red Sox@Pittsburgh Pirates,Bubba Chandler,PNC Park,0.0,0.0,0.0,0.154,0.0,0.154,278,0.0,0.0,True
2026-08-14,702616,822942,Jackson Holliday,Baltimore Orioles,Baltimore Orioles@Tampa Bay Rays,Steven Matz,Tropicana Field,0.0,0.0,0.0,0.154,0.0,0.154,279,0.0,0.0,True
2026-08-14,662139,824159,Daulton Varsho,Houston Astros,Seattle Mariners@Houston Astros,George Kirby,Daikin Park,0.0,0.0,0.0,0.154,0.0,0.154,280,0.0,0.0,True
2026-08-14,679529,824237,Spencer Torkelson,Detroit Tigers,Chicago White Sox@Detroit Tigers,Sean Newcomb,Comerica Park,0.0,0.0,0.0,0.148,0.0,0.148,281,0.0,0.0,True
2026-08-14,685133,823993,Wade Meckler,Los Angeles Angels,Kansas City Royals@Los Angeles Angels,Seth Lugo,Angel Stadium,-0.25,0.0,0.0,0.197,-0.2503,0.1477,282,0.0,0.0,True
2026-08-14,666018,822942,Jonathan Aranda,Tampa Bay Rays,Baltimore Orioles@Tampa Bay Rays,Chris Bassitt,Tropicana Field,0.0,0.0,0.0,0.145,0.0,0.145,283,0.0,0.0,True
2026-08-14,661388,823913,William Contreras,Milwaukee Brewers,Milwaukee Brewers@Los Angeles Dodgers,Yoshinobu Yamamoto,UNIQLO Field at Dodger Stadium,0.0,0.0,0.0,0.145,0.0,0.145,284,0.0,0.0,True
2026-08-14,689414,822942,Liam Hicks,Tampa Bay Rays,Baltimore Orioles@Tampa Bay Rays,Chris Bassitt,Tropicana Field,0.0,0.0,0.0,0.142,0.0,0.142,285,0.0,0.0,True
2026-08-14,664770,822777,Nathan Lukes,Toronto Blue Jays,New York Yankees@Toronto Blue Jays,Gerrit Cole,Rogers Centre,0.0,0.0,0.0,0.142,0.0,0.142,286,0.0,0.0,True
2026-08-14,665489,822777,Vladimir Guerrero Jr.,Toronto Blue Jays,New York Yankees@Toronto Blue Jays,Gerrit Cole,Rogers Centre,0.0,0.0,0.0,0.142,0.0,0.142,287,0.0,0.0,True
2026-08-14,691023,824643,Jordan Walker,St. Louis Cardinals,St. Louis Cardinals@Chicago Cubs,Clay Holmes,Wrigley Field,0.0,0.0,0.0,0.14,0.0,0.14,288,0.0,0.0,True
2026-08-14,680757,824399,Steven Kwan,Cleveland Guardians,San Diego Padres@Cleveland Guardians,Michael King,Progressive Field,0.0,0.0,0.0,0.14,0.0,0.14,289,0.0,0.0,True
2026-08-14,683737,824643,Michael Busch,Chicago Cubs,St. Louis Cardinals@Chicago Cubs,Matthew Liberatore,Wrigley Field,0.25,0.0,0.0,0.11,0.25,0.1375,290,0.0,0.0,True
2026-08-14,592518,824399,Manny Machado,San Diego Padres,San Diego Padres@Cleveland Guardians,Gavin Williams,Progressive Field,0.0,0.0,0.0,0.133,0.0,0.133,291,0.0,0.0,True
2026-08-14,679845,823993,Nick Loftin,Kansas City Royals,Kansas City Royals@Los Angeles Angels,Grayson Rodriguez,Angel Stadium,-0.25,0.0,0.0,0.171,-0.2497,0.1283,292,0.0,0.0,True
2026-08-14,514888,824159,Jose Altuve,Houston Astros,Seattle Mariners@Houston Astros,George Kirby,Daikin Park,0.0,0.0,0.0,0.128,0.0,0.128,293,0.0,0.0,True
2026-08-14,623168,823993,Tyler Heineman,Los Angeles Angels,Kansas City Royals@Los Angeles Angels,Seth Lugo,Angel Stadium,-0.25,0.0,0.0,0.17,-0.25,0.1275,294,0.0,0.0,True
2026-08-14,805779,824968,Jacob Wilson,Athletics,Texas Rangers@Athletics,Kumar Rocker,Sutter Health Park,0.0,0.0,0.0,0.126,0.0,0.126,295,0.0,0.0,True
2026-08-14,666182,823591,Bo Bichette,New York Mets,Washington Nationals@New York Mets,Andrew Alvarez,Citi Field,0.0,0.0,0.0,0.124,0.0,0.124,296,0.0,0.0,True
2026-08-14,687263,823993,Zach Neto,Los Angeles Angels,Kansas City Royals@Los Angeles Angels,Seth Lugo,Angel Stadium,-0.25,0.0,0.0,0.164,-0.25,0.123,297,0.0,0.0,True
2026-08-14,686555,823993,Isaac Collins,Kansas City Royals,Kansas City Royals@Los Angeles Angels,Grayson Rodriguez,Angel Stadium,-0.25,0.0,0.0,0.164,-0.25,0.123,298,0.0,0.0,True
2026-08-14,702284,824159,Cole Young,Seattle Mariners,Seattle Mariners@Houston Astros,Peter Lambert,Daikin Park,0.0,0.0,0.0,0.118,0.0,0.118,299,0.0,0.0,True
2026-08-14,668804,823346,Bryan Reynolds,Pittsburgh Pirates,Boston Red Sox@Pittsburgh Pirates,Jake Bennett,PNC Park,-0.25,0.0,0.0,0.151,-0.2503,0.1132,300,0.0,0.0,True
2026-08-14,676391,822777,Ernie Clement,Toronto Blue Jays,New York Yankees@Toronto Blue Jays,Gerrit Cole,Rogers Centre,0.0,0.0,0.0,0.11,0.0,0.11,301,0.0,0.0,True
2026-08-14,655316,823346,Andruw Monasterio,Boston Red Sox,Boston Red Sox@Pittsburgh Pirates,Bubba Chandler,PNC Park,-0.25,0.0,0.0,0.145,-0.2503,0.1087,302,0.0,0.0,True
2026-08-14,702332,823346,Caleb Durbin,Boston Red Sox,Boston Red Sox@Pittsburgh Pirates,Bubba Chandler,PNC Park,-0.25,0.0,0.0,0.14,-0.25,0.105,303,0.0,0.0,True
2026-08-14,694384,823993,Nolan Schanuel,Los Angeles Angels,Kansas City Royals@Los Angeles Angels,Seth Lugo,Angel Stadium,-0.25,0.0,0.0,0.13,-0.25,0.0975,304,0.0,0.0,True
2026-08-14,691458,824643,Blaze Jordan,St. Louis Cardinals,St. Louis Cardinals@Chicago Cubs,Clay Holmes,Wrigley Field,0.0,0.0,0.0,0.0,0.0,0.0,305,0.0,0.0,True
2026-08-14,691026,824643,Masyn Winn,St. Louis Cardinals,St. Louis Cardinals@Chicago Cubs,Clay Holmes,Wrigley Field,0.0,0.0,0.0,0.0,0.0,0.0,306,0.0,0.0,True
2026-08-14,667472,824479,Dane Myers,Cincinnati Reds,Miami Marlins@Cincinnati Reds,Sandy Alcantara,Great American Ball Park,0.0,0.0,0.0,0.0,0.0,0.0,307,0.0,0.0,True
2026-08-14,682622,824479,Noelvi Marte,Cincinnati Reds,Miami Marlins@Cincinnati Reds,Sandy Alcantara,Great American Ball Park,0.0,0.0,0.0,0.0,0.0,0.0,308,0.0,0.0,True
2026-08-14,672640,824479,Otto Lopez,Miami Marlins,Miami Marlins@Cincinnati Reds,Chase Burns,Great American Ball Park,0.0,0.0,0.0,0.0,0.0,0.0,309,0.0,0.0,True
2026-08-14,669364,824479,Xavier Edwards,Miami Marlins,Miami Marlins@Cincinnati Reds,Chase Burns,Great American Ball Park,0.0,0.0,0.0,0.0,0.0,0.0,310,0.0,0.0,True
2026-08-14,669707,823346,Jared Triolo,Pittsburgh Pirates,Boston Red Sox@Pittsburgh Pirates,Jake Bennett,PNC Park,-0.25,0.0,0.0,0.0,0.0,0.0,311,0.0,0.0,True
2026-08-14,693304,823346,Nick Gonzales,Pittsburgh Pirates,Boston Red Sox@Pittsburgh Pirates,Jake Bennett,PNC Park,-0.25,0.0,0.0,0.0,0.0,0.0,312,0.0,0.0,True
2026-08-14,668939,823346,Adley Rutschman,Boston Red Sox,Boston Red Sox@Pittsburgh Pirates,Bubba Chandler,PNC Park,0.0,0.0,0.0,0.0,0.0,0.0,313,0.0,0.0,True
2026-08-14,686765,823346,Nick Sogard,Boston Red Sox,Boston Red Sox@Pittsburgh Pirates,Bubba Chandler,PNC Park,0.0,0.0,0.0,0.0,0.0,0.0,314,0.0,0.0,True
2026-08-14,690993,824237,Colt Keith,Detroit Tigers,Chicago White Sox@Detroit Tigers,Sean Newcomb,Comerica Park,0.0,0.0,0.0,0.0,0.0,0.0,315,0.0,0.0,True
2026-08-14,595879,824237,Javier Báez,Detroit Tigers,Chicago White Sox@Detroit Tigers,Sean Newcomb,Comerica Park,0.0,0.0,0.0,0.0,0.0,0.0,316,0.0,0.0,True
2026-08-14,656716,824237,Zach McKinstry,Detroit Tigers,Chicago White Sox@Detroit Tigers,Sean Newcomb,Comerica Park,0.0,0.0,0.0,0.0,0.0,0.0,317,0.0,0.0,True
2026-08-14,682668,824237,Luisangel Acuña,Chicago White Sox,Chicago White Sox@Detroit Tigers,Jackson Jobe,Comerica Park,0.0,0.0,0.0,0.0,0.0,0.0,318,0.0,0.0,True
2026-08-14,671976,824237,Tristan Peters,Chicago White Sox,Chicago White Sox@Detroit Tigers,Jackson Jobe,Comerica Park,0.0,0.0,0.0,0.0,0.0,0.0,319,1.0,1.0,True
2026-08-14,805999,823591,A.J. Ewing,New York Mets,Washington Nationals@New York Mets,Andrew Alvarez,Citi Field,0.0,0.0,0.0,0.0,0.0,0.0,320,0.0,0.0,True
2026-08-14,676724,823591,Jared Young,New York Mets,Washington Nationals@New York Mets,Andrew Alvarez,Citi Field,0.0,0.0,0.0,0.0,0.0,0.0,321,1.0,1.0,True
2026-08-14,678391,823591,Jorbit Vivas,Washington Nationals,Washington Nationals@New York Mets,Robert Stock,Citi Field,0.0,0.0,0.0,0.0,0.0,0.0,322,0.0,0.0,True
2026-08-14,660688,823591,Keibert Ruiz,Washington Nationals,Washington Nationals@New York Mets,Robert Stock,Citi Field,0.0,0.0,0.0,0.0,0.0,0.0,323,0.0,0.0,True
2026-08-14,683083,823591,Nasim Nuñez,Washington Nationals,Washington Nationals@New York Mets,Robert Stock,Citi Field,0.0,0.0,0.0,0.0,0.0,0.0,324,0.0,0.0,True
2026-08-14,677587,824399,Brayan Rocchio,Cleveland Guardians,San Diego Padres@Cleveland Guardians,Michael King,Progressive Field,0.0,0.0,0.0,0.0,0.0,0.0,325,1.0,1.0,True
2026-08-14,608070,824399,José Ramírez,Cleveland Guardians,San Diego Padres@Cleveland Guardians,Michael King,Progressive Field,0.0,0.0,0.0,0.0,0.0,0.0,326,0.0,0.0,True
2026-08-14,683953,824399,Travis Bazzana,Cleveland Guardians,San Diego Padres@Cleveland Guardians,Michael King,Progressive Field,0.0,0.0,0.0,0.0,0.0,0.0,327,0.0,0.0,True
2026-08-14,666023,824399,Freddy Fermin,San Diego Padres,San Diego Padres@Cleveland Guardians,Gavin Williams,Progressive Field,0.0,0.0,0.0,0.0,0.0,0.0,328,0.0,0.0,True
2026-08-14,630105,824399,Jake Cronenworth,San Diego Padres,San Diego Padres@Cleveland Guardians,Gavin Williams,Progressive Field,0.0,0.0,0.0,0.0,0.0,0.0,329,0.0,0.0,True
2026-08-14,593428,824399,Xander Bogaerts,San Diego Padres,San Diego Padres@Cleveland Guardians,Gavin Williams,Progressive Field,0.0,0.0,0.0,0.0,0.0,0.0,330,1.0,1.0,True
2026-08-14,802415,822942,Chandler Simpson,Tampa Bay Rays,Baltimore Orioles@Tampa Bay Rays,Chris Bassitt,Tropicana Field,0.0,0.0,0.0,0.0,0.0,0.0,331,0.0,0.0,True
2026-08-14,687637,822942,Dylan Beavers,Baltimore Orioles,Baltimore Orioles@Tampa Bay Rays,Steven Matz,Tropicana Field,0.0,0.0,0.0,0.0,0.0,0.0,332,0.0,0.0,True
2026-08-14,669236,822942,Jeremiah Jackson,Baltimore Orioles,Baltimore Orioles@Tampa Bay Rays,Steven Matz,Tropicana Field,0.25,0.0,0.0,0.0,0.0,0.0,333,0.0,0.0,True
2026-08-14,642086,824882,Dominic Smith,Atlanta Braves,Arizona Diamondbacks@Atlanta Braves,Brandon Pfaadt,Truist Park,0.0,0.0,0.0,0.0,0.0,0.0,334,0.0,0.0,True
2026-08-14,805347,824882,Jim Jarvis,Atlanta Braves,Arizona Diamondbacks@Atlanta Braves,Brandon Pfaadt,Truist Park,0.0,0.0,0.0,0.0,0.0,0.0,335,0.0,0.0,True
2026-08-14,643289,824882,Mauricio Dubón,Atlanta Braves,Arizona Diamondbacks@Atlanta Braves,Brandon Pfaadt,Truist Park,-0.25,0.0,0.0,0.0,0.0,0.0,336,0.0,0.0,True
2026-08-14,545121,824882,Ildemaro Vargas,Arizona Diamondbacks,Arizona Diamondbacks@Atlanta Braves,Chris Sale,Truist Park,-0.25,0.0,0.0,0.0,0.0,0.0,337,0.0,0.0,True
2026-08-14,663457,824882,Lars Nootbaar,Arizona Diamondbacks,Arizona Diamondbacks@Atlanta Braves,Chris Sale,Truist Park,0.0,0.0,0.0,0.0,0.0,0.0,338,0.0,0.0,True
2026-08-14,596146,824882,Max Kepler,Arizona Diamondbacks,Arizona Diamondbacks@Atlanta Braves,Chris Sale,Truist Park,0.0,0.0,0.0,0.0,0.0,0.0,339,0.0,0.0,True
2026-08-14,669701,822777,Josh Smith,Toronto Blue Jays,New York Yankees@Toronto Blue Jays,Gerrit Cole,Rogers Centre,0.0,0.0,0.0,0.0,0.0,0.0,340,0.0,0.0,True
2026-08-14,664702,822777,Myles Straw,Toronto Blue Jays,New York Yankees@Toronto Blue Jays,Gerrit Cole,Rogers Centre,0.0,0.0,0.0,0.0,0.0,0.0,341,0.0,0.0,True
2026-08-14,671218,822777,Heliot Ramos,New York Yankees,New York Yankees@Toronto Blue Jays,Shane Bieber,Rogers Centre,0.0,0.0,0.0,0.0,0.0,0.0,342,0.0,0.0,True
2026-08-14,543877,824159,Christian Vázquez,Houston Astros,Seattle Mariners@Houston Astros,George Kirby,Daikin Park,0.0,0.0,0.0,0.0,0.0,0.0,343,0.0,0.0,True
2026-08-14,664774,824159,LaMonte Wade Jr.,Houston Astros,Seattle Mariners@Houston Astros,George Kirby,Daikin Park,0.0,0.0,0.0,0.0,0.0,0.0,344,0.0,0.0,True
2026-08-14,660844,824159,Leo Rivas,Seattle Mariners,Seattle Mariners@Houston Astros,Peter Lambert,Daikin Park,0.0,0.0,0.0,0.0,0.0,0.0,345,0.0,0.0,True
2026-08-14,621493,824159,Taylor Ward,Seattle Mariners,Seattle Mariners@Houston Astros,Peter Lambert,Daikin Park,0.0,0.0,0.0,0.0,0.0,0.0,346,0.0,0.0,True
2026-08-14,645302,824159,Victor Robles,Seattle Mariners,Seattle Mariners@Houston Astros,Peter Lambert,Daikin Park,0.0,0.0,0.0,0.0,0.0,0.0,347,0.0,0.0,True
2026-08-14,672724,823993,Oswald Peraza,Los Angeles Angels,Kansas City Royals@Los Angeles Angels,Seth Lugo,Angel Stadium,-0.25,0.0,0.0,0.0,0.0,0.0,348,0.0,0.0,True
2026-08-14,668942,823993,Josh Rojas,Kansas City Royals,Kansas City Royals@Los Angeles Angels,Grayson Rodriguez,Angel Stadium,-0.25,0.0,0.0,0.0,0.0,0.0,349,0.0,0.0,True
2026-08-14,664728,823993,Kyle Isbel,Kansas City Royals,Kansas City Royals@Los Angeles Angels,Grayson Rodriguez,Angel Stadium,-0.25,0.0,0.0,0.0,0.0,0.0,350,0.0,0.0,True
2026-08-14,675961,824968,Alika Williams,Athletics,Texas Rangers@Athletics,Kumar Rocker,Sutter Health Park,0.0,0.0,0.0,0.0,0.0,0.0,351,0.0,0.0,True
2026-08-14,695720,824968,Tommy White,Athletics,Texas Rangers@Athletics,Kumar Rocker,Sutter Health Park,0.0,0.0,0.0,0.0,0.0,0.0,352,0.0,0.0,True
2026-08-14,694497,824968,Evan Carter,Texas Rangers,Texas Rangers@Athletics,,Sutter Health Park,0.0,0.0,0.0,0.0,0.0,0.0,353,0.0,0.0,True
2026-08-14,670032,824968,Nicky Lopez,Texas Rangers,Texas Rangers@Athletics,,Sutter Health Park,0.0,0.0,0.0,0.0,0.0,0.0,354,0.0,0.0,True
2026-08-14,669743,823913,Alex Call,Los Angeles Dodgers,Milwaukee Brewers@Los Angeles Dodgers,Robert Gasser,UNIQLO Field at Dodger Stadium,0.0,0.0,0.0,0.0,0.0,0.0,355,0.0,0.0,True
2026-08-14,518692,823913,Freddie Freeman,Los Angeles Dodgers,Milwaukee Brewers@Los Angeles Dodgers,Robert Gasser,UNIQLO Field at Dodger Stadium,0.0,0.0,0.0,0.0,0.0,0.0,356,0.0,0.0,True
2026-08-14,663604,823913,Brandon Lockridge,Milwaukee Brewers,Milwaukee Brewers@Los Angeles Dodgers,Yoshinobu Yamamoto,UNIQLO Field at Dodger Stadium,0.0,0.0,0.0,0.0,0.0,0.0,357,0.0,0.0,True
2026-08-14,666152,823913,David Hamilton,Milwaukee Brewers,Milwaukee Brewers@Los Angeles Dodgers,Yoshinobu Yamamoto,UNIQLO Field at Dodger Stadium,0.0,0.0,0.0,0.0,0.0,0.0,358,0.0,0.0,True
2026-08-14,669003,823913,Garrett Mitchell,Milwaukee Brewers,Milwaukee Brewers@Los Angeles Dodgers,Yoshinobu Yamamoto,UNIQLO Field at Dodger Stadium,0.0,0.0,0.0,0.0,0.0,0.0,359,0.0,0.0,True
2026-08-14,596142,823913,Gary Sánchez,Milwaukee Brewers,Milwaukee Brewers@Los Angeles Dodgers,Yoshinobu Yamamoto,UNIQLO Field at Dodger Stadium,0.0,0.0,0.0,0.0,0.0,0.0,360,0.0,0.0,True
2026-08-14,800325,823913,Luis Lara,Milwaukee Brewers,Milwaukee Brewers@Los Angeles Dodgers,Yoshinobu Yamamoto,UNIQLO Field at Dodger Stadium,0.0,0.0,0.0,0.0,0.0,0.0,361,0.0,0.0,True
2026-08-14,683766,823185,Christian Koss,San Francisco Giants,Colorado Rockies@San Francisco Giants,Kyle Freeland,Oracle Park,0.0,0.0,0.0,0.0,0.0,0.0,362,0.0,0.0,True
2026-08-14,681198,823185,TJ Rumfield,Colorado Rockies,Colorado Rockies@San Francisco Giants,Landen Roupp,Oracle Park,0.0,0.0,0.0,0.0,0.0,0.0,363,0.0,0.0,True
2026-08-14,687859,823185,Troy Johnston,Colorado Rockies,Colorado Rockies@San Francisco Giants,Landen Roupp,Oracle Park,0.0,0.0,0.0,0.0,0.0,0.0,364,0.0,0.0,True
2026-08-15,808959,824239,Munetaka Murakami,Chicago White Sox,Chicago White Sox@Detroit Tigers,Troy Melton,Comerica Park,0.0,0.0,0.022,1.0,0.066,1.066,1,0.0,0.0,True
2026-08-15,641933,822941,Tyler O'Neill,Baltimore Orioles,Baltimore Orioles@Tampa Bay Rays,Ian Seymour,Tropicana Field,0.0,0.0,0.0117,1.0,0.0351,1.0351,2,0.0,0.0,True
2026-08-15,621566,824884,Matt Olson,Atlanta Braves,Arizona Diamondbacks@Atlanta Braves,Eduardo Rodriguez,Truist Park,0.0,0.0,0.0069,1.0,0.0207,1.0207,3,0.0,0.0,True
2026-08-15,665052,824480,Griffin Conine,Miami Marlins,Miami Marlins@Cincinnati Reds,Brady Singer,Great American Ball Park,0.0,0.0,0.001,1.0,0.003,1.003,4,0.0,0.0,True
2026-08-15,683357,824480,Owen Caissie,Miami Marlins,Miami Marlins@Cincinnati Reds,Brady Singer,Great American Ball Park,0.0,0.0,0.0,0.993,0.0,0.993,5,0.0,0.0,True
2026-08-15,666211,824157,Taylor Trammell,Houston Astros,Seattle Mariners@Houston Astros,Emerson Hancock,Daikin Park,0.0,0.0,0.0161,0.932,0.0483,0.977,6,0.0,0.0,True
2026-08-15,553993,824480,Eugenio Suárez,Cincinnati Reds,Miami Marlins@Cincinnati Reds,Ryan Gusto,Great American Ball Park,0.0,0.0,-0.008,1.0,-0.024,0.976,7,0.0,0.0,True
2026-08-15,624424,824644,Michael Conforto,Chicago Cubs,St. Louis Cardinals@Chicago Cubs,Michael McGreevy,Wrigley Field,0.0,0.0,-0.0081,1.0,-0.0243,0.9757,8,1.0,1.0,True
2026-08-15,592626,824966,Joc Pederson,Texas Rangers,Texas Rangers@Athletics,J.T. Ginn,Sutter Health Park,0.0,0.0,-0.0068,0.986,-0.0204,0.9659,9,0.0,0.0,True
2026-08-15,677800,823347,Wilyer Abreu,Boston Red Sox,Boston Red Sox@Pittsburgh Pirates,Jared Jones,PNC Park,0.0,0.0,0.0219,0.855,0.0657,0.9112,10,1.0,1.0,True
2026-08-15,691718,824644,Pete Crow-Armstrong,Chicago Cubs,St. Louis Cardinals@Chicago Cubs,Michael McGreevy,Wrigley Field,0.0,0.0,0.0039,0.888,0.0117,0.8984,11,0.0,0.0,True
2026-08-15,691406,822941,Junior Caminero,Tampa Bay Rays,Baltimore Orioles@Tampa Bay Rays,Kyle Bradish,Tropicana Field,0.0,0.0,0.0073,0.824,0.0218,0.842,12,0.0,0.0,True
2026-08-15,695506,823990,Jac Caglianone,Kansas City Royals,Kansas City Royals@Los Angeles Angels,Reid Detmers,Angel Stadium,0.0,0.0,0.1083,0.652,0.25,0.815,13,0.0,0.0,True
2026-08-15,805367,824239,Chase Meidroth,Chicago White Sox,Chicago White Sox@Detroit Tigers,Troy Melton,Comerica Park,0.0,0.0,0.004,0.801,0.012,0.8106,14,0.0,0.0,True
2026-08-15,680574,824480,Matt McLain,Cincinnati Reds,Miami Marlins@Cincinnati Reds,Ryan Gusto,Great American Ball Park,0.0,0.0,0.0175,0.769,0.0525,0.8094,15,1.0,1.0,True
2026-08-15,660670,824884,Ronald Acuña Jr.,Atlanta Braves,Arizona Diamondbacks@Atlanta Braves,Eduardo Rodriguez,Truist Park,0.0,0.0,0.0062,0.785,0.0186,0.7996,16,1.0,1.0,True
2026-08-15,650489,823184,Willi Castro,Colorado Rockies,Colorado Rockies@San Francisco Giants,Logan Webb,Oracle Park,0.0,0.0,-0.0053,0.81,-0.0159,0.7971,17,0.0,0.0,True
2026-08-15,682928,823588,CJ Abrams,Washington Nationals,Washington Nationals@New York Mets,Sean Manaea,Citi Field,0.0,0.0,0.0199,0.74,0.0597,0.7842,18,0.0,0.0,True
2026-08-15,680869,824966,Zack Gelof,Athletics,Texas Rangers@Athletics,MacKenzie Gore,Sutter Health Park,0.0,0.0,0.0127,0.754,0.0381,0.7827,19,0.0,0.0,True
2026-08-15,678882,823347,Ceddanne Rafaela,Boston Red Sox,Boston Red Sox@Pittsburgh Pirates,Jared Jones,PNC Park,0.0,0.0,-0.0155,0.816,-0.0464,0.7781,20,0.0,0.0,True
2026-08-15,701398,824480,Sal Stewart,Cincinnati Reds,Miami Marlins@Cincinnati Reds,Ryan Gusto,Great American Ball Park,0.0,0.0,-0.0032,0.785,-0.0096,0.7775,21,0.0,0.0,True
2026-08-15,701358,824157,Cam Smith,Houston Astros,Seattle Mariners@Houston Astros,Emerson Hancock,Daikin Park,0.0,0.0,0.0114,0.75,0.0341,0.7756,22,0.0,0.0,True
2026-08-15,596019,823588,Francisco Lindor,New York Mets,Washington Nationals@New York Mets,Brad Lord,Citi Field,0.0,0.0,0.0274,0.712,0.0822,0.7705,23,0.0,0.0,True
2026-08-15,571970,823914,Max Muncy,Los Angeles Dodgers,Milwaukee Brewers@Los Angeles Dodgers,Jacob Misiorowski,UNIQLO Field at Dodger Stadium,0.0,0.0,0.0102,0.744,0.0306,0.7668,24,0.0,0.0,True
2026-08-15,681715,824480,Heriberto Hernández,Miami Marlins,Miami Marlins@Cincinnati Reds,Brady Singer,Great American Ball Park,0.0,0.0,-0.0178,0.81,-0.0535,0.7667,25,0.0,0.0,True
2026-08-15,682626,823588,Francisco Alvarez,New York Mets,Washington Nationals@New York Mets,Brad Lord,Citi Field,0.0,0.0,-0.0048,0.769,-0.0144,0.7579,26,0.0,0.0,True
2026-08-15,668227,824157,Randy Arozarena,Seattle Mariners,Seattle Mariners@Houston Astros,Hayden Wesneski,Daikin Park,0.0,0.0,0.051,0.652,0.1531,0.7518,27,0.0,0.0,True
2026-08-15,624413,822941,Pete Alonso,Baltimore Orioles,Baltimore Orioles@Tampa Bay Rays,Ian Seymour,Tropicana Field,0.0,0.0,0.0117,0.726,0.0351,0.7515,28,1.0,1.0,True
2026-08-15,547180,823671,Bryce Harper,Philadelphia Phillies,Philadelphia Phillies@Minnesota Twins,Connor Prielipp,Target Field,0.0,0.0,0.04,0.669,0.12,0.7493,29,0.0,0.0,True
2026-08-15,608324,824644,Alex Bregman,Chicago Cubs,St. Louis Cardinals@Chicago Cubs,Michael McGreevy,Wrigley Field,0.0,0.0,0.0179,0.71,0.0537,0.7481,30,0.0,0.0,True
2026-08-15,672275,824400,Patrick Bailey,Cleveland Guardians,San Diego Padres@Cleveland Guardians,,Progressive Field,0.0,0.0,0.0,0.744,0.0,0.744,31,0.0,0.0,True
2026-08-15,682674,823184,Victor Bericoto,San Francisco Giants,Colorado Rockies@San Francisco Giants,Michael Lorenzen,Oracle Park,0.0,0.0,-0.0008,0.744,-0.0024,0.7422,32,0.0,0.0,True
2026-08-15,678218,822775,Brandon Valenzuela,Toronto Blue Jays,New York Yankees@Toronto Blue Jays,Cam Schlittler,Rogers Centre,0.0,0.0,-0.017,0.769,-0.051,0.7298,33,0.0,0.0,True
2026-08-15,660271,823914,Shohei Ohtani,Los Angeles Dodgers,Milwaukee Brewers@Los Angeles Dodgers,Jacob Misiorowski,UNIQLO Field at Dodger Stadium,0.0,0.0,0.0079,0.712,0.0237,0.7289,34,0.0,0.0,True
2026-08-15,663886,824480,Tyler Stephenson,Cincinnati Reds,Miami Marlins@Cincinnati Reds,Ryan Gusto,Great American Ball Park,0.0,0.0,-0.0108,0.744,-0.0324,0.7199,35,0.0,0.0,True
2026-08-15,701538,824400,Jackson Merrill,San Diego Padres,San Diego Padres@Cleveland Guardians,Joey Cantillo,Progressive Field,0.0,0.0,0.0394,0.631,0.1182,0.7056,36,0.0,0.0,True
2026-08-15,664040,823347,Brandon Lowe,Pittsburgh Pirates,Boston Red Sox@Pittsburgh Pirates,Sonny Gray,PNC Park,0.0,0.0,0.0168,0.669,0.0504,0.7027,37,0.0,0.0,True
2026-08-15,673357,823588,Luis Robert Jr.,New York Mets,Washington Nationals@New York Mets,Brad Lord,Citi Field,0.0,0.0,0.0194,0.641,0.0582,0.6783,38,0.0,0.0,True
2026-08-15,543760,823588,Marcus Semien,New York Mets,Washington Nationals@New York Mets,Brad Lord,Citi Field,0.0,0.0,0.0042,0.669,0.0126,0.6774,39,0.0,0.0,True
2026-08-15,696100,823184,Hunter Goodman,Colorado Rockies,Colorado Rockies@San Francisco Giants,Logan Webb,Oracle Park,0.0,0.0,-0.0011,0.679,-0.0032,0.6768,40,0.0,0.0,True
2026-08-15,676475,824644,Alec Burleson,St. Louis Cardinals,St. Louis Cardinals@Chicago Cubs,Matthew Boyd,Wrigley Field,0.0,0.0,0.0159,0.641,0.0477,0.6716,41,1.0,1.0,True
2026-08-15,678545,823184,Osleivis Basabe,San Francisco Giants,Colorado Rockies@San Francisco Giants,Michael Lorenzen,Oracle Park,0.0,0.0,0.0155,0.641,0.0465,0.6708,42,0.0,0.0,True
2026-08-15,646240,823184,Rafael Devers,San Francisco Giants,Colorado Rockies@San Francisco Giants,Michael Lorenzen,Oracle Park,0.0,0.0,0.0364,0.603,0.1091,0.6688,43,0.0,0.0,True
2026-08-15,622268,824966,Donovan Walton,Athletics,Texas Rangers@Athletics,MacKenzie Gore,Sutter Health Park,0.0,0.0,-0.0368,0.744,-0.1103,0.6619,44,0.0,0.0,True
2026-08-15,671732,824966,Lawrence Butler,Athletics,Texas Rangers@Athletics,MacKenzie Gore,Sutter Health Park,0.0,0.0,0.0088,0.641,0.0264,0.6579,45,0.0,0.0,True
2026-08-15,682987,822775,Spencer Jones,New York Yankees,New York Yankees@Toronto Blue Jays,Braydon Fisher,Rogers Centre,0.0,0.0,-0.0046,0.659,-0.0138,0.6499,46,0.0,0.0,True
2026-08-15,573262,824884,Mike Yastrzemski,Atlanta Braves,Arizona Diamondbacks@Atlanta Braves,Eduardo Rodriguez,Truist Park,0.0,0.0,-0.0066,0.659,-0.0197,0.646,47,0.0,0.0,True
2026-08-15,666176,824400,Jo Adell,Cleveland Guardians,San Diego Padres@Cleveland Guardians,,Progressive Field,0.0,0.0,0.0,0.641,0.0,0.641,48,0.0,0.0,True
2026-08-15,683146,823588,Brett Baty,New York Mets,Washington Nationals@New York Mets,Brad Lord,Citi Field,0.0,0.0,0.0067,0.624,0.02,0.6365,49,0.0,0.0,True
2026-08-15,657041,824884,Lane Thomas,Atlanta Braves,Arizona Diamondbacks@Atlanta Braves,Eduardo Rodriguez,Truist Park,0.0,0.0,0.0187,0.592,0.0561,0.6252,50,0.0,0.0,True
2026-08-15,650402,824239,Gleyber Torres,Detroit Tigers,Chicago White Sox@Detroit Tigers,Anthony Kay,Comerica Park,0.0,0.0,0.0169,0.581,0.0508,0.6105,51,0.0,0.0,True
2026-08-15,663586,824884,Austin Riley,Atlanta Braves,Arizona Diamondbacks@Atlanta Braves,Eduardo Rodriguez,Truist Park,0.0,0.0,-0.012,0.624,-0.0361,0.6015,52,0.0,0.0,True
2026-08-15,663656,823914,Kyle Tucker,Los Angeles Dodgers,Milwaukee Brewers@Los Angeles Dodgers,Jacob Misiorowski,UNIQLO Field at Dodger Stadium,0.0,0.0,-0.0032,0.603,-0.0096,0.5972,53,0.0,0.0,True
2026-08-15,571448,824884,Nolan Arenado,Arizona Diamondbacks,Arizona Diamondbacks@Atlanta Braves,Grant Holmes,Truist Park,0.0,0.0,0.0124,0.57,0.0372,0.5912,54,1.0,2.0,True
2026-08-15,665161,824157,Jeremy Peña,Houston Astros,Seattle Mariners@Houston Astros,Emerson Hancock,Daikin Park,0.0,0.0,0.0,0.581,0.0,0.581,55,0.0,0.0,True
2026-08-15,677594,824157,Julio Rodríguez,Seattle Mariners,Seattle Mariners@Houston Astros,Hayden Wesneski,Daikin Park,0.0,0.0,0.0178,0.549,0.0534,0.5783,56,0.0,0.0,True
2026-08-15,663757,822775,Trent Grisham,New York Yankees,New York Yankees@Toronto Blue Jays,Braydon Fisher,Rogers Centre,0.0,0.0,0.0177,0.549,0.0532,0.5782,57,0.0,0.0,True
2026-08-15,665750,822941,Leody Taveras,Baltimore Orioles,Baltimore Orioles@Tampa Bay Rays,Ian Seymour,Tropicana Field,0.0,0.0,-0.0001,0.577,-0.0003,0.5768,58,0.0,0.0,True
2026-08-15,695734,823588,Daylen Lile,Washington Nationals,Washington Nationals@New York Mets,Sean Manaea,Citi Field,0.0,0.0,-0.0082,0.581,-0.0246,0.5667,59,0.0,0.0,True
2026-08-15,694192,823914,Jackson Chourio,Milwaukee Brewers,Milwaukee Brewers@Los Angeles Dodgers,Justin Wrobleski,UNIQLO Field at Dodger Stadium,0.0,0.0,0.0407,0.504,0.122,0.5655,60,0.0,0.0,True
2026-08-15,665487,824400,Fernando Tatis Jr.,San Diego Padres,San Diego Padres@Cleveland Guardians,Joey Cantillo,Progressive Field,0.0,0.0,0.0193,0.531,0.0578,0.5617,61,0.0,0.0,True
2026-08-15,641343,823914,Jake Bauers,Milwaukee Brewers,Milwaukee Brewers@Los Angeles Dodgers,Justin Wrobleski,UNIQLO Field at Dodger Stadium,0.0,0.0,0.048,0.491,0.144,0.5617,62,0.0,0.0,True
2026-08-15,678246,824239,Miguel Vargas,Chicago White Sox,Chicago White Sox@Detroit Tigers,Troy Melton,Comerica Park,0.0,0.0,-0.0173,0.592,-0.0519,0.5613,63,0.0,0.0,True
2026-08-15,666160,823184,Mickey Moniak,Colorado Rockies,Colorado Rockies@San Francisco Giants,Logan Webb,Oracle Park,0.0,0.0,-0.0206,0.592,-0.0618,0.5554,64,0.0,0.0,True
2026-08-15,691777,824966,Max Muncy,Athletics,Texas Rangers@Athletics,MacKenzie Gore,Sutter Health Park,0.0,0.0,-0.0564,0.659,-0.1692,0.5475,65,0.0,0.0,True
2026-08-15,693307,824239,Dillon Dingler,Detroit Tigers,Chicago White Sox@Detroit Tigers,Anthony Kay,Comerica Park,0.0,0.0,-0.0027,0.549,-0.008,0.5446,66,0.0,0.0,True
2026-08-15,606192,823914,Teoscar Hernández,Los Angeles Dodgers,Milwaukee Brewers@Los Angeles Dodgers,Jacob Misiorowski,UNIQLO Field at Dodger Stadium,0.0,0.0,0.0432,0.481,0.1295,0.5433,67,0.0,0.0,True
2026-08-15,691016,824966,Tyler Soderstrom,Athletics,Texas Rangers@Athletics,MacKenzie Gore,Sutter Health Park,0.0,0.0,0.0257,0.502,0.0771,0.5407,68,0.0,0.0,True
2026-08-15,686475,823990,Tyler Tolbert,Kansas City Royals,Kansas City Royals@Los Angeles Angels,Reid Detmers,Angel Stadium,0.0,0.0,0.0409,0.481,0.1227,0.54,69,0.0,0.0,True
2026-08-15,686527,824157,Dominic Canzone,Seattle Mariners,Seattle Mariners@Houston Astros,Hayden Wesneski,Daikin Park,0.0,0.0,-0.0051,0.54,-0.0154,0.5317,70,0.0,0.0,True
2026-08-15,808982,823184,Jung Hoo Lee,San Francisco Giants,Colorado Rockies@San Francisco Giants,Michael Lorenzen,Oracle Park,0.0,0.0,0.0134,0.504,0.0403,0.5243,71,0.0,0.0,True
2026-08-15,676356,822941,Jonny DeLuca,Tampa Bay Rays,Baltimore Orioles@Tampa Bay Rays,Kyle Bradish,Tropicana Field,0.0,0.0,0.0178,0.496,0.0534,0.5225,72,0.0,0.0,True
2026-08-15,668709,824480,JJ Bleday,Cincinnati Reds,Miami Marlins@Cincinnati Reds,Ryan Gusto,Great American Ball Park,0.0,0.0,-0.011,0.537,-0.033,0.5193,73,0.0,0.0,True
2026-08-15,645277,824884,Ozzie Albies,Atlanta Braves,Arizona Diamondbacks@Atlanta Braves,Eduardo Rodriguez,Truist Park,0.0,0.0,-0.0088,0.531,-0.0264,0.517,74,0.0,0.0,True
2026-08-15,687401,823914,Joey Ortiz,Milwaukee Brewers,Milwaukee Brewers@Los Angeles Dodgers,Justin Wrobleski,UNIQLO Field at Dodger Stadium,0.0,0.0,0.0123,0.496,0.0369,0.5143,75,1.0,1.0,True
2026-08-15,691723,822941,Coby Mayo,Baltimore Orioles,Baltimore Orioles@Tampa Bay Rays,Ian Seymour,Tropicana Field,0.0,0.0,-0.0033,0.513,-0.0099,0.5079,76,0.0,0.0,True
2026-08-15,666139,823990,Josh Lowe,Los Angeles Angels,Kansas City Royals@Los Angeles Angels,Randy Dobnak,Angel Stadium,0.0,0.0,0.0062,0.496,0.0185,0.5052,77,0.0,0.0,True
2026-08-15,680664,824239,Eduardo Valencia,Detroit Tigers,Chicago White Sox@Detroit Tigers,Anthony Kay,Comerica Park,0.0,0.0,0.0055,0.494,0.0166,0.5022,78,1.0,1.0,True
2026-08-15,642708,822775,Amed Rosario,New York Yankees,New York Yankees@Toronto Blue Jays,Braydon Fisher,Rogers Centre,0.0,0.0,-0.011,0.513,-0.0329,0.4961,79,0.0,0.0,True
2026-08-15,665953,823588,Andrés Chaparro,Washington Nationals,Washington Nationals@New York Mets,Sean Manaea,Citi Field,0.0,0.0,0.0838,0.396,0.25,0.495,80,1.0,1.0,True
2026-08-15,680700,822941,Richie Palacios,Tampa Bay Rays,Baltimore Orioles@Tampa Bay Rays,Kyle Bradish,Tropicana Field,0.0,0.0,0.0064,0.481,0.0191,0.4902,81,0.0,0.0,True
2026-08-15,691788,824480,Joe Mack,Miami Marlins,Miami Marlins@Cincinnati Reds,Brady Singer,Great American Ball Park,0.0,0.0,-0.0167,0.513,-0.0501,0.4873,82,1.0,1.0,True
2026-08-15,642201,823347,Eli White,Boston Red Sox,Boston Red Sox@Pittsburgh Pirates,Jared Jones,PNC Park,0.0,0.0,-0.0186,0.513,-0.0558,0.4844,83,0.0,0.0,True
2026-08-15,677592,824644,Everson Pereira,St. Louis Cardinals,St. Louis Cardinals@Chicago Cubs,Matthew Boyd,Wrigley Field,0.0,0.0,0.0225,0.452,0.0675,0.4825,84,0.0,0.0,True
2026-08-15,663743,822941,Nick Fortes,Tampa Bay Rays,Baltimore Orioles@Tampa Bay Rays,Kyle Bradish,Tropicana Field,0.0,0.0,-0.0091,0.496,-0.0272,0.4825,85,0.0,0.0,True
2026-08-15,683734,823914,Andrew Vaughn,Milwaukee Brewers,Milwaukee Brewers@Los Angeles Dodgers,Justin Wrobleski,UNIQLO Field at Dodger Stadium,0.0,0.0,0.0313,0.44,0.0939,0.4813,86,0.0,0.0,True
2026-08-15,663494,824644,Bryan Torres,St. Louis Cardinals,St. Louis Cardinals@Chicago Cubs,Matthew Boyd,Wrigley Field,0.0,0.0,0.0001,0.481,0.0002,0.4811,87,0.0,0.0,True
2026-08-15,621439,823671,Byron Buxton,Minnesota Twins,Philadelphia Phillies@Minnesota Twins,Jesús Luzardo,Target Field,0.0,0.0,0.0,0.481,0.0,0.481,88,0.0,0.0,True
2026-08-15,677951,823990,Bobby Witt Jr.,Kansas City Royals,Kansas City Royals@Los Angeles Angels,Reid Detmers,Angel Stadium,0.0,0.0,0.0107,0.462,0.032,0.4768,89,0.0,0.0,True
2026-08-15,624641,823671,Edmundo Sosa,Philadelphia Phillies,Philadelphia Phillies@Minnesota Twins,Connor Prielipp,Target Field,0.0,0.0,-0.0143,0.496,-0.0429,0.4747,90,0.0,0.0,True
2026-08-15,681297,822941,Colton Cowser,Baltimore Orioles,Baltimore Orioles@Tampa Bay Rays,Ian Seymour,Tropicana Field,0.0,0.0,-0.0051,0.481,-0.0154,0.4736,91,0.0,0.0,True
2026-08-15,677870,824480,Leo Jiménez,Miami Marlins,Miami Marlins@Cincinnati Reds,Brady Singer,Great American Ball Park,0.0,0.0,-0.0153,0.496,-0.046,0.4732,92,0.0,0.0,True
2026-08-15,686611,823588,Dylan Crews,Washington Nationals,Washington Nationals@New York Mets,Sean Manaea,Citi Field,0.0,0.0,-0.0057,0.481,-0.017,0.4728,93,0.0,0.0,True
2026-08-15,673548,824644,Seiya Suzuki,Chicago Cubs,St. Louis Cardinals@Chicago Cubs,Michael McGreevy,Wrigley Field,0.0,0.0,0.0158,0.435,0.0474,0.4556,94,0.0,0.0,True
2026-08-15,605137,823671,Josh Bell,Minnesota Twins,Philadelphia Phillies@Minnesota Twins,Jesús Luzardo,Target Field,0.0,0.0,0.0036,0.444,0.0108,0.4488,95,0.0,0.0,True
2026-08-15,575929,823347,Willson Contreras,Boston Red Sox,Boston Red Sox@Pittsburgh Pirates,Jared Jones,PNC Park,0.0,0.0,-0.0235,0.481,-0.0705,0.4471,96,0.0,0.0,True
2026-08-15,656941,823671,Kyle Schwarber,Philadelphia Phillies,Philadelphia Phillies@Minnesota Twins,Connor Prielipp,Target Field,0.0,0.0,0.0137,0.427,0.041,0.4445,97,0.0,0.0,True
2026-08-15,643217,824239,Andrew Benintendi,Chicago White Sox,Chicago White Sox@Detroit Tigers,Troy Melton,Comerica Park,0.0,0.0,-0.0347,0.496,-0.104,0.4444,98,0.0,0.0,True
2026-08-15,695600,823990,Carter Jensen,Kansas City Royals,Kansas City Royals@Los Angeles Angels,Reid Detmers,Angel Stadium,0.0,0.0,0.0001,0.44,0.0002,0.4401,99,0.0,0.0,True
2026-08-15,668904,823671,Royce Lewis,Minnesota Twins,Philadelphia Phillies@Minnesota Twins,Jesús Luzardo,Target Field,0.0,0.0,0.0094,0.427,0.0281,0.439,100,0.0,0.0,True
2026-08-15,668723,822941,Ryan Vilade,Tampa Bay Rays,Baltimore Orioles@Tampa Bay Rays,Kyle Bradish,Tropicana Field,0.0,0.0,-0.0111,0.452,-0.0334,0.4369,101,0.0,0.0,True
2026-08-15,682829,824480,Elly De La Cruz,Cincinnati Reds,Miami Marlins@Cincinnati Reds,Ryan Gusto,Great American Ball Park,0.0,0.0,-0.0054,0.444,-0.0162,0.4368,102,0.0,0.0,True
2026-08-15,608369,824966,Corey Seager,Texas Rangers,Texas Rangers@Athletics,J.T. Ginn,Sutter Health Park,0.0,0.0,0.0066,0.427,0.0199,0.4355,103,0.0,0.0,True
2026-08-15,670764,822941,Taylor Walls,Tampa Bay Rays,Baltimore Orioles@Tampa Bay Rays,Kyle Bradish,Tropicana Field,0.0,0.0,-0.0232,0.466,-0.0695,0.4336,104,0.0,0.0,True
2026-08-15,663728,824157,Cal Raleigh,Seattle Mariners,Seattle Mariners@Houston Astros,Hayden Wesneski,Daikin Park,0.0,0.0,-0.0169,0.452,-0.0507,0.4291,105,0.0,0.0,True
2026-08-15,642350,823990,Jose Siri,Los Angeles Angels,Kansas City Royals@Los Angeles Angels,Randy Dobnak,Angel Stadium,0.0,0.0,-0.0091,0.44,-0.0273,0.428,106,0.0,0.0,True
2026-08-15,701678,824239,Hao-Yu Lee,Detroit Tigers,Chicago White Sox@Detroit Tigers,Anthony Kay,Comerica Park,0.0,0.0,-0.0099,0.44,-0.0298,0.4269,107,0.0,0.0,True
2026-08-15,669224,822775,Austin Wells,New York Yankees,New York Yankees@Toronto Blue Jays,Braydon Fisher,Rogers Centre,0.0,0.0,-0.0377,0.481,-0.1131,0.4266,108,0.0,0.0,True
2026-08-15,680779,823347,Henry Davis,Pittsburgh Pirates,Boston Red Sox@Pittsburgh Pirates,Sonny Gray,PNC Park,0.0,0.0,-0.0301,0.466,-0.0903,0.4239,109,0.0,0.0,True
2026-08-15,682998,824884,Corbin Carroll,Arizona Diamondbacks,Arizona Diamondbacks@Atlanta Braves,Grant Holmes,Truist Park,0.0,0.0,0.0193,0.391,0.0578,0.4136,110,0.0,0.0,True
2026-08-15,671277,822775,Luis García Jr.,New York Yankees,New York Yankees@Toronto Blue Jays,Braydon Fisher,Rogers Centre,0.0,0.0,0.0041,0.405,0.0123,0.41,111,0.0,0.0,True
2026-08-15,663616,823671,Trevor Larnach,Minnesota Twins,Philadelphia Phillies@Minnesota Twins,Jesús Luzardo,Target Field,0.0,0.0,-0.0011,0.405,-0.0032,0.4037,112,0.0,0.0,True
2026-08-15,545341,824239,Randal Grichuk,Chicago White Sox,Chicago White Sox@Detroit Tigers,Troy Melton,Comerica Park,0.0,0.0,0.0186,0.382,0.0558,0.4033,113,0.0,0.0,True
2026-08-15,683748,822941,Victor Mesa Jr.,Tampa Bay Rays,Baltimore Orioles@Tampa Bay Rays,Kyle Bradish,Tropicana Field,0.0,0.0,-0.0015,0.405,-0.0044,0.4032,114,0.0,0.0,True
2026-08-15,606466,824884,Ketel Marte,Arizona Diamondbacks,Arizona Diamondbacks@Atlanta Braves,Grant Holmes,Truist Park,0.0,0.0,-0.0072,0.412,-0.0216,0.4031,115,0.0,0.0,True
2026-08-15,703607,824966,Henry Bolte,Athletics,Texas Rangers@Athletics,MacKenzie Gore,Sutter Health Park,0.0,0.0,0.0156,0.385,0.0468,0.403,116,1.0,1.0,True
2026-08-15,687462,823347,Spencer Horwitz,Pittsburgh Pirates,Boston Red Sox@Pittsburgh Pirates,Sonny Gray,PNC Park,0.0,0.0,-0.0189,0.427,-0.0567,0.4028,117,0.0,0.0,True
2026-08-15,687952,822941,Christian Encarnacion-Strand,Baltimore Orioles,Baltimore Orioles@Tampa Bay Rays,Ian Seymour,Tropicana Field,0.0,0.0,-0.0194,0.427,-0.0583,0.4021,118,1.0,1.0,True
2026-08-15,607043,824966,Brandon Nimmo,Texas Rangers,Texas Rangers@Athletics,J.T. Ginn,Sutter Health Park,0.0,0.0,-0.0216,0.42,-0.0648,0.3928,119,0.0,0.0,True
2026-08-15,673237,824157,Yainer Diaz,Houston Astros,Seattle Mariners@Houston Astros,Emerson Hancock,Daikin Park,0.0,0.0,-0.0126,0.405,-0.0378,0.3897,120,0.0,0.0,True
2026-08-15,670231,823990,John Rave,Kansas City Royals,Kansas City Royals@Los Angeles Angels,Reid Detmers,Angel Stadium,0.0,0.0,-0.0193,0.411,-0.0579,0.3872,121,0.0,0.0,True
2026-08-15,663330,823347,Jahmai Jones,Boston Red Sox,Boston Red Sox@Pittsburgh Pirates,Jared Jones,PNC Park,0.0,0.0,0.043,0.342,0.1289,0.3861,122,0.0,0.0,True
2026-08-15,656537,823671,Derek Hill,Philadelphia Phillies,Philadelphia Phillies@Minnesota Twins,Connor Prielipp,Target Field,0.0,0.0,0.0,0.384,0.0,0.384,123,0.0,0.0,True
2026-08-15,518595,823990,Travis d'Arnaud,Los Angeles Angels,Kansas City Royals@Los Angeles Angels,Randy Dobnak,Angel Stadium,0.0,0.0,-0.0031,0.385,-0.0094,0.3814,124,0.0,0.0,True
2026-08-15,521692,823990,Salvador Perez,Kansas City Royals,Kansas City Royals@Los Angeles Angels,Reid Detmers,Angel Stadium,0.0,0.0,-0.0101,0.391,-0.0302,0.3792,125,0.0,0.0,True
2026-08-15,695670,823588,Harry Ford,Washington Nationals,Washington Nationals@New York Mets,Sean Manaea,Citi Field,0.0,0.0,0.0307,0.345,0.0922,0.3768,126,0.0,0.0,True
2026-08-15,650490,822941,Yandy Díaz,Tampa Bay Rays,Baltimore Orioles@Tampa Bay Rays,Kyle Bradish,Tropicana Field,0.0,0.0,-0.0071,0.385,-0.0213,0.3768,127,0.0,0.0,True
2026-08-15,661531,824966,Brian Serven,Athletics,Texas Rangers@Athletics,MacKenzie Gore,Sutter Health Park,0.0,0.0,0.0094,0.366,0.0281,0.3763,128,0.0,0.0,True
2026-08-15,680776,823347,Jarren Duran,Boston Red Sox,Boston Red Sox@Pittsburgh Pirates,Jared Jones,PNC Park,0.0,0.0,-0.0199,0.398,-0.0598,0.3742,129,0.0,0.0,True
2026-08-15,677649,824966,Ezequiel Duran,Texas Rangers,Texas Rangers@Athletics,J.T. Ginn,Sutter Health Park,0.0,0.0,-0.0266,0.405,-0.0798,0.3727,130,0.0,0.0,True
2026-08-15,676369,824157,Nelson Velázquez,Houston Astros,Seattle Mariners@Houston Astros,Emerson Hancock,Daikin Park,0.0,0.0,0.0039,0.368,0.0117,0.3723,131,0.0,0.0,True
2026-08-15,607208,823671,Trea Turner,Philadelphia Phillies,Philadelphia Phillies@Minnesota Twins,Connor Prielipp,Target Field,0.0,0.0,0.0056,0.366,0.0167,0.3721,132,0.0,0.0,True
2026-08-15,694673,823588,Abimelec Ortiz,Washington Nationals,Washington Nationals@New York Mets,Sean Manaea,Citi Field,0.0,0.0,0.0307,0.34,0.0921,0.3713,133,0.0,0.0,True
2026-08-15,805808,824239,Kevin McGonigle,Detroit Tigers,Chicago White Sox@Detroit Tigers,Anthony Kay,Comerica Park,0.0,0.0,-0.0066,0.378,-0.0198,0.3705,134,0.0,0.0,True
2026-08-15,663538,824644,Nico Hoerner,Chicago Cubs,St. Louis Cardinals@Chicago Cubs,Michael McGreevy,Wrigley Field,0.0,0.0,0.0042,0.361,0.0125,0.3655,135,0.0,0.0,True
2026-08-15,806146,822775,George Lombard Jr.,New York Yankees,New York Yankees@Toronto Blue Jays,Braydon Fisher,Rogers Centre,0.0,0.0,0.0027,0.359,0.0081,0.3619,136,0.0,0.0,True
2026-08-15,694378,823347,Jacob Gonzalez,Pittsburgh Pirates,Boston Red Sox@Pittsburgh Pirates,Sonny Gray,PNC Park,0.0,0.0,-0.0237,0.385,-0.0712,0.3576,137,0.0,0.0,True
2026-08-15,622761,822941,Jorge Mateo,Tampa Bay Rays,Baltimore Orioles@Tampa Bay Rays,Kyle Bradish,Tropicana Field,0.0,0.0,0.0,0.357,0.0,0.357,138,0.0,0.0,True
2026-08-15,805811,823184,Bryce Eldridge,San Francisco Giants,Colorado Rockies@San Francisco Giants,Michael Lorenzen,Oracle Park,0.0,0.0,0.0059,0.35,0.0177,0.3562,139,0.0,0.0,True
2026-08-15,682663,824480,Agustín Ramírez,Miami Marlins,Miami Marlins@Cincinnati Reds,Brady Singer,Great American Ball Park,0.0,0.0,-0.0022,0.358,-0.0067,0.3556,140,0.0,0.0,True
2026-08-15,701785,823671,Kaelen Culpepper,Minnesota Twins,Philadelphia Phillies@Minnesota Twins,Jesús Luzardo,Target Field,0.0,0.0,0.0149,0.338,0.0447,0.3531,141,0.0,0.0,True
2026-08-15,647304,824157,Josh Naylor,Seattle Mariners,Seattle Mariners@Houston Astros,Hayden Wesneski,Daikin Park,0.0,0.0,0.0449,0.308,0.1347,0.3495,142,0.0,0.0,True
2026-08-15,700250,822775,Ben Rice,New York Yankees,New York Yankees@Toronto Blue Jays,Braydon Fisher,Rogers Centre,0.0,0.0,-0.0155,0.366,-0.0464,0.349,143,0.0,0.0,True
2026-08-15,543510,824884,James McCann,Arizona Diamondbacks,Arizona Diamondbacks@Atlanta Braves,Grant Holmes,Truist Park,0.0,0.0,0.0141,0.334,0.0422,0.3481,144,0.0,0.0,True
2026-08-15,687605,823588,Andrew Pinckney,Washington Nationals,Washington Nationals@New York Mets,Sean Manaea,Citi Field,0.0,0.0,0.0,0.345,0.0,0.345,145,0.0,0.0,True
2026-08-15,682988,824884,Tyler Locklear,Arizona Diamondbacks,Arizona Diamondbacks@Atlanta Braves,Grant Holmes,Truist Park,0.0,0.0,-0.0285,0.377,-0.0854,0.3448,146,0.0,0.0,True
2026-08-15,687749,824400,Jase Bowen,San Diego Padres,San Diego Padres@Cleveland Guardians,Joey Cantillo,Progressive Field,0.0,0.0,-0.0118,0.357,-0.0353,0.3444,147,0.0,0.0,True
2026-08-15,664983,823184,Jake McCarthy,Colorado Rockies,Colorado Rockies@San Francisco Giants,Logan Webb,Oracle Park,0.0,0.0,-0.0071,0.35,-0.0214,0.3425,148,0.0,0.0,True
2026-08-15,545361,823990,Mike Trout,Los Angeles Angels,Kansas City Royals@Los Angeles Angels,Randy Dobnak,Angel Stadium,0.0,0.0,0.0216,0.321,0.0648,0.3418,149,0.0,0.0,True
2026-08-15,650559,823671,Bryan De La Cruz,Philadelphia Phillies,Philadelphia Phillies@Minnesota Twins,Connor Prielipp,Target Field,0.0,0.0,0.0189,0.323,0.0567,0.3413,150,0.0,0.0,True
2026-08-15,694197,824400,Angel Genao,Cleveland Guardians,San Diego Padres@Cleveland Guardians,,Progressive Field,0.0,0.0,0.0,0.34,0.0,0.34,151,0.0,0.0,True
2026-08-15,664023,824644,Ian Happ,Chicago Cubs,St. Louis Cardinals@Chicago Cubs,Michael McGreevy,Wrigley Field,0.0,0.0,-0.0053,0.342,-0.0158,0.3366,152,0.0,0.0,True
2026-08-15,683002,822941,Gunnar Henderson,Baltimore Orioles,Baltimore Orioles@Tampa Bay Rays,Ian Seymour,Tropicana Field,0.0,0.0,0.0058,0.327,0.0174,0.3327,153,0.0,0.0,True
2026-08-15,516782,823990,Starling Marte,Kansas City Royals,Kansas City Royals@Los Angeles Angels,Reid Detmers,Angel Stadium,0.0,0.0,-0.0161,0.348,-0.0483,0.3312,154,0.0,0.0,True
2026-08-15,572233,824157,Christian Walker,Houston Astros,Seattle Mariners@Houston Astros,Emerson Hancock,Daikin Park,0.0,0.0,-0.011,0.342,-0.033,0.3307,155,0.0,0.0,True
2026-08-15,686681,823990,Michael Massey,Kansas City Royals,Kansas City Royals@Los Angeles Angels,Reid Detmers,Angel Stadium,0.0,0.0,0.0034,0.327,0.0101,0.3303,156,0.0,0.0,True
2026-08-15,592885,823914,Christian Yelich,Milwaukee Brewers,Milwaukee Brewers@Los Angeles Dodgers,Justin Wrobleski,UNIQLO Field at Dodger Stadium,0.0,0.0,-0.0003,0.327,-0.0009,0.3267,157,0.0,0.0,True
2026-08-15,668670,824239,Jake Rogers,Chicago White Sox,Chicago White Sox@Detroit Tigers,Troy Melton,Comerica Park,0.0,0.0,0.0012,0.323,0.0037,0.3242,158,0.0,0.0,True
2026-08-15,699625,824644,Jimmy Crooks,St. Louis Cardinals,St. Louis Cardinals@Chicago Cubs,Matthew Boyd,Wrigley Field,0.0,0.0,-0.0146,0.337,-0.0439,0.3222,159,0.0,0.0,True
2026-08-15,621020,824644,Dansby Swanson,Chicago Cubs,St. Louis Cardinals@Chicago Cubs,Michael McGreevy,Wrigley Field,0.0,0.0,-0.0059,0.327,-0.0177,0.3212,160,0.0,0.0,True
2026-08-15,690984,824400,Petey Halpin,Cleveland Guardians,San Diego Padres@Cleveland Guardians,,Progressive Field,0.0,0.0,0.0,0.321,0.0,0.321,161,0.0,0.0,True
2026-08-15,672356,823588,Gabriel Arias,New York Mets,Washington Nationals@New York Mets,Brad Lord,Citi Field,0.0,0.0,-0.0254,0.347,-0.0761,0.3206,162,0.0,0.0,True
2026-08-15,571912,823990,Luke Maile,Kansas City Royals,Kansas City Royals@Los Angeles Angels,Reid Detmers,Angel Stadium,0.0,0.0,0.0,0.32,0.0,0.32,163,0.0,0.0,True
2026-08-15,807712,823671,Luke Keaschall,Minnesota Twins,Philadelphia Phillies@Minnesota Twins,Jesús Luzardo,Target Field,0.0,0.0,0.0045,0.314,0.0134,0.3182,164,0.0,0.0,True
2026-08-15,695657,824239,Colson Montgomery,Chicago White Sox,Chicago White Sox@Detroit Tigers,Troy Melton,Comerica Park,0.0,0.0,-0.0237,0.342,-0.0711,0.3177,165,0.0,0.0,True
2026-08-15,665923,824480,Esteury Ruiz,Miami Marlins,Miami Marlins@Cincinnati Reds,Brady Singer,Great American Ball Park,0.0,0.0,-0.0106,0.323,-0.0319,0.3127,166,0.0,0.0,True
2026-08-15,677588,823588,José Tena,Washington Nationals,Washington Nationals@New York Mets,Sean Manaea,Citi Field,0.0,0.0,-0.001,0.312,-0.0029,0.3111,167,0.0,0.0,True
2026-08-15,640459,824480,Brian Navarreto,Miami Marlins,Miami Marlins@Cincinnati Reds,Brady Singer,Great American Ball Park,0.0,0.0,0.0,0.311,0.0,0.311,168,0.0,0.0,True
2026-08-15,669394,824966,Jake Burger,Texas Rangers,Texas Rangers@Athletics,J.T. Ginn,Sutter Health Park,0.0,0.0,-0.0446,0.358,-0.1338,0.3101,169,0.0,0.0,True
2026-08-15,694671,824966,Wyatt Langford,Texas Rangers,Texas Rangers@Athletics,J.T. Ginn,Sutter Health Park,0.0,0.0,-0.0179,0.327,-0.0538,0.3094,170,1.0,1.0,True
2026-08-15,676439,823914,Hunter Feduccia,Los Angeles Dodgers,Milwaukee Brewers@Los Angeles Dodgers,Jacob Misiorowski,UNIQLO Field at Dodger Stadium,0.0,0.0,-0.0314,0.341,-0.0941,0.3089,171,0.0,0.0,True
2026-08-15,804668,823347,Rafael Flores Jr.,Pittsburgh Pirates,Boston Red Sox@Pittsburgh Pirates,Sonny Gray,PNC Park,0.0,0.0,-0.0264,0.335,-0.0791,0.3085,172,0.0,0.0,True
2026-08-15,813841,823184,Jonah Cox,San Francisco Giants,Colorado Rockies@San Francisco Giants,Michael Lorenzen,Oracle Park,0.0,0.0,0.0,0.308,0.0,0.308,173,0.0,0.0,True
2026-08-15,668930,823914,Brice Turang,Milwaukee Brewers,Milwaukee Brewers@Los Angeles Dodgers,Justin Wrobleski,UNIQLO Field at Dodger Stadium,0.0,0.0,0.0188,0.29,0.0566,0.3064,174,0.0,0.0,True
2026-08-15,669360,824239,Trei Cruz,Detroit Tigers,Chicago White Sox@Detroit Tigers,Anthony Kay,Comerica Park,0.0,0.0,0.0,0.305,0.0,0.305,175,0.0,0.0,True
2026-08-15,665506,823588,Cristian Pache,New York Mets,Washington Nationals@New York Mets,Brad Lord,Citi Field,0.0,0.0,0.0,0.305,0.0,0.305,176,0.0,0.0,True
2026-08-15,666163,823914,Ben Rortvedt,Los Angeles Dodgers,Milwaukee Brewers@Los Angeles Dodgers,Jacob Misiorowski,UNIQLO Field at Dodger Stadium,0.0,0.0,0.0,0.305,0.0,0.305,177,0.0,0.0,True
2026-08-15,701807,823588,Carson Benge,New York Mets,Washington Nationals@New York Mets,Brad Lord,Citi Field,0.0,0.0,0.0028,0.302,0.0083,0.3045,178,1.0,1.0,True
2026-08-15,701649,824644,James Triantos,Chicago Cubs,St. Louis Cardinals@Chicago Cubs,Michael McGreevy,Wrigley Field,0.0,0.0,0.0,0.302,0.0,0.302,179,0.0,0.0,True
2026-08-15,667452,824239,Corey Julks,Detroit Tigers,Chicago White Sox@Detroit Tigers,Anthony Kay,Comerica Park,0.0,0.0,0.0,0.3,0.0,0.3,180,0.0,0.0,True
2026-08-15,695491,824644,Joshua Báez,St. Louis Cardinals,St. Louis Cardinals@Chicago Cubs,Matthew Boyd,Wrigley Field,0.0,0.0,0.0,0.3,0.0,0.3,181,1.0,3.0,True
2026-08-15,668800,823184,Andrew Knizner,San Francisco Giants,Colorado Rockies@San Francisco Giants,Michael Lorenzen,Oracle Park,0.0,0.0,0.0,0.3,0.0,0.3,182,0.0,0.0,True
2026-08-15,806367,823184,Turner Hill,San Francisco Giants,Colorado Rockies@San Francisco Giants,Michael Lorenzen,Oracle Park,0.0,0.0,0.0,0.3,0.0,0.3,183,0.0,0.0,True
2026-08-15,691182,823184,Adael Amador,Colorado Rockies,Colorado Rockies@San Francisco Giants,Logan Webb,Oracle Park,0.0,0.0,0.0,0.3,0.0,0.3,184,0.0,0.0,True
2026-08-15,691728,823184,Zac Veen,Colorado Rockies,Colorado Rockies@San Francisco Giants,Logan Webb,Oracle Park,0.0,0.0,0.0,0.3,0.0,0.3,185,0.0,0.0,True
2026-08-15,669911,824480,Michael Toglia,Cincinnati Reds,Miami Marlins@Cincinnati Reds,Ryan Gusto,Great American Ball Park,0.0,0.0,0.0,0.3,0.0,0.3,186,0.0,0.0,True
2026-08-15,801126,824157,Brock Rodden,Seattle Mariners,Seattle Mariners@Houston Astros,Hayden Wesneski,Daikin Park,0.0,0.0,0.0,0.3,0.0,0.3,187,0.0,0.0,True
2026-08-15,687394,823347,Jack Brannigan,Pittsburgh Pirates,Boston Red Sox@Pittsburgh Pirates,Sonny Gray,PNC Park,0.0,0.0,0.0,0.3,0.0,0.3,188,0.0,0.0,True
2026-08-15,678225,823914,Jihwan Bae,Milwaukee Brewers,Milwaukee Brewers@Los Angeles Dodgers,Justin Wrobleski,UNIQLO Field at Dodger Stadium,0.0,0.0,0.0,0.3,0.0,0.3,189,0.0,0.0,True
2026-08-15,672960,822775,Kazuma Okamoto,Toronto Blue Jays,New York Yankees@Toronto Blue Jays,Cam Schlittler,Rogers Centre,0.0,0.0,-0.0155,0.314,-0.0465,0.2994,190,0.0,0.0,True
2026-08-15,681047,822941,Christian Franklin,Baltimore Orioles,Baltimore Orioles@Tampa Bay Rays,Ian Seymour,Tropicana Field,0.0,0.0,-0.0003,0.297,-0.001,0.2967,191,0.0,0.0,True
2026-08-15,701852,823184,Drew Cavanaugh,San Francisco Giants,Colorado Rockies@San Francisco Giants,Michael Lorenzen,Oracle Park,0.0,0.0,0.0213,0.276,0.0638,0.2936,192,0.0,0.0,True
2026-08-15,571771,823914,Enrique Hernández,Los Angeles Dodgers,Milwaukee Brewers@Los Angeles Dodgers,Jacob Misiorowski,UNIQLO Field at Dodger Stadium,0.0,0.0,-0.0457,0.34,-0.1371,0.2934,193,0.0,0.0,True
2026-08-15,694374,824884,Tim Tawa,Arizona Diamondbacks,Arizona Diamondbacks@Atlanta Braves,Grant Holmes,Truist Park,0.0,0.0,0.0011,0.29,0.0034,0.291,194,0.0,0.0,True
2026-08-15,800050,824400,Chase DeLauter,Cleveland Guardians,San Diego Padres@Cleveland Guardians,,Progressive Field,0.0,0.0,0.0,0.29,0.0,0.29,195,0.0,0.0,True
2026-08-15,669134,824400,Luis Campusano,San Diego Padres,San Diego Padres@Cleveland Guardians,Joey Cantillo,Progressive Field,0.0,0.0,0.0564,0.24,0.1692,0.2806,196,0.0,0.0,True
2026-08-15,663968,823347,Jake Mangum,Pittsburgh Pirates,Boston Red Sox@Pittsburgh Pirates,Sonny Gray,PNC Park,0.0,0.0,0.0195,0.265,0.0585,0.2805,197,0.0,0.0,True
2026-08-15,687597,823184,Jordan Beck,Colorado Rockies,Colorado Rockies@San Francisco Giants,Logan Webb,Oracle Park,0.0,0.0,0.0041,0.277,0.0123,0.2804,198,0.0,0.0,True
2026-08-15,641680,824966,Jonah Heim,Athletics,Texas Rangers@Athletics,MacKenzie Gore,Sutter Health Park,0.0,0.0,-0.0186,0.296,-0.0557,0.2795,199,0.0,0.0,True
2026-08-15,689414,822941,Liam Hicks,Tampa Bay Rays,Baltimore Orioles@Tampa Bay Rays,Kyle Bradish,Tropicana Field,0.0,0.0,0.0047,0.275,0.0142,0.2789,200,0.0,0.0,True
2026-08-15,683227,824966,Cody Freeman,Texas Rangers,Texas Rangers@Athletics,J.T. Ginn,Sutter Health Park,0.0,0.0,0.0,0.278,0.0,0.278,201,0.0,0.0,True
2026-08-15,682927,823347,Ronny Simon,Pittsburgh Pirates,Boston Red Sox@Pittsburgh Pirates,Sonny Gray,PNC Park,0.0,0.0,0.0045,0.273,0.0136,0.2767,202,0.0,0.0,True
2026-08-15,650859,824400,Luis Rengifo,San Diego Padres,San Diego Padres@Cleveland Guardians,Joey Cantillo,Progressive Field,0.0,0.0,0.0009,0.275,0.0025,0.2757,203,0.0,0.0,True
2026-08-15,807727,822775,Charles McAdoo,Toronto Blue Jays,New York Yankees@Toronto Blue Jays,Cam Schlittler,Rogers Centre,0.0,0.0,-0.023,0.296,-0.0689,0.2756,204,0.0,0.0,True
2026-08-15,699302,824480,Héctor Rodríguez,Cincinnati Reds,Miami Marlins@Cincinnati Reds,Ryan Gusto,Great American Ball Park,0.0,0.0,-0.0155,0.288,-0.0465,0.2746,205,0.0,0.0,True
2026-08-15,671083,823184,Buddy Kennedy,San Francisco Giants,Colorado Rockies@San Francisco Giants,Michael Lorenzen,Oracle Park,0.0,0.0,-0.0048,0.278,-0.0144,0.274,206,0.0,0.0,True
2026-08-15,701162,824239,Ben Malgeri,Detroit Tigers,Chicago White Sox@Detroit Tigers,Anthony Kay,Comerica Park,0.0,0.0,0.01,0.264,0.0299,0.2719,207,0.0,0.0,True
2026-08-15,620443,823588,Luis Torrens,New York Mets,Washington Nationals@New York Mets,Brad Lord,Citi Field,0.0,0.0,0.0203,0.256,0.0609,0.2716,208,0.0,0.0,True
2026-08-15,665804,824644,Miguel Amaya,Chicago Cubs,St. Louis Cardinals@Chicago Cubs,Michael McGreevy,Wrigley Field,0.0,0.0,-0.0055,0.276,-0.0167,0.2714,209,0.0,0.0,True
2026-08-15,702176,823671,Alan Roden,Minnesota Twins,Philadelphia Phillies@Minnesota Twins,Jesús Luzardo,Target Field,0.0,0.0,-0.0088,0.278,-0.0263,0.2707,210,0.0,0.0,True
2026-08-15,669720,824400,Austin Hays,San Diego Padres,San Diego Padres@Cleveland Guardians,Joey Cantillo,Progressive Field,0.0,0.0,0.0,0.27,0.0,0.27,211,0.0,0.0,True
2026-08-15,665019,823671,Kody Clemens,Minnesota Twins,Philadelphia Phillies@Minnesota Twins,Jesús Luzardo,Target Field,0.0,0.0,-0.0177,0.285,-0.053,0.2699,212,0.0,0.0,True
2026-08-15,687093,823990,Vaughn Grissom,Los Angeles Angels,Kansas City Royals@Los Angeles Angels,Randy Dobnak,Angel Stadium,0.0,0.0,-0.0236,0.29,-0.0707,0.2695,213,0.0,0.0,True
2026-08-15,703520,822775,Brett Bateman,Toronto Blue Jays,New York Yankees@Toronto Blue Jays,Cam Schlittler,Rogers Centre,0.0,0.0,-0.028,0.294,-0.084,0.2693,214,0.0,0.0,True
2026-08-15,691011,824239,Drew Romo,Chicago White Sox,Chicago White Sox@Detroit Tigers,Troy Melton,Comerica Park,0.0,0.0,-0.0023,0.271,-0.007,0.2691,215,0.0,0.0,True
2026-08-15,672695,824884,Geraldo Perdomo,Arizona Diamondbacks,Arizona Diamondbacks@Atlanta Braves,Grant Holmes,Truist Park,0.0,0.0,0.0215,0.252,0.0647,0.2683,216,0.0,0.0,True
2026-08-15,686797,823671,Brooks Lee,Minnesota Twins,Philadelphia Phillies@Minnesota Twins,Jesús Luzardo,Target Field,0.0,0.0,-0.0026,0.27,-0.0078,0.2679,217,0.0,0.0,True
2026-08-15,686780,824644,Pedro Pagés,St. Louis Cardinals,St. Louis Cardinals@Chicago Cubs,Matthew Boyd,Wrigley Field,0.0,0.0,0.0123,0.256,0.0367,0.2654,218,0.0,0.0,True
2026-08-15,642215,824157,Weston Wilson,Seattle Mariners,Seattle Mariners@Houston Astros,Hayden Wesneski,Daikin Park,0.0,0.0,-0.0082,0.27,-0.0244,0.2634,219,0.0,0.0,True
2026-08-15,660821,822775,Jesús Sánchez,Toronto Blue Jays,New York Yankees@Toronto Blue Jays,Cam Schlittler,Rogers Centre,0.0,0.0,0.0193,0.248,0.0581,0.2624,220,0.0,0.0,True
2026-08-15,669221,824884,Sean Murphy,Atlanta Braves,Arizona Diamondbacks@Atlanta Braves,Eduardo Rodriguez,Truist Park,0.0,0.0,-0.0204,0.278,-0.0612,0.261,221,0.0,0.0,True
2026-08-15,543807,822775,George Springer,Toronto Blue Jays,New York Yankees@Toronto Blue Jays,Cam Schlittler,Rogers Centre,0.0,0.0,-0.0268,0.28,-0.0804,0.2575,222,0.0,0.0,True
2026-08-15,650968,822941,Yohel Pozo,Baltimore Orioles,Baltimore Orioles@Tampa Bay Rays,Ian Seymour,Tropicana Field,0.0,0.0,0.0,0.257,0.0,0.257,223,0.0,0.0,True
2026-08-15,673490,824884,Ha-Seong Kim,Atlanta Braves,Arizona Diamondbacks@Atlanta Braves,Eduardo Rodriguez,Truist Park,0.0,0.0,0.0,0.257,0.0,0.257,224,0.0,0.0,True
2026-08-15,678489,824884,Jorge Barrosa,Arizona Diamondbacks,Arizona Diamondbacks@Atlanta Braves,Grant Holmes,Truist Park,0.0,0.0,0.0011,0.256,0.0031,0.2568,225,0.0,0.0,True
2026-08-15,657757,824400,Gavin Sheets,San Diego Padres,San Diego Padres@Cleveland Guardians,Joey Cantillo,Progressive Field,0.0,0.0,0.0007,0.256,0.002,0.2565,226,0.0,0.0,True
2026-08-15,500743,823914,Miguel Rojas,Los Angeles Dodgers,Milwaukee Brewers@Los Angeles Dodgers,Jacob Misiorowski,UNIQLO Field at Dodger Stadium,0.0,0.0,-0.0175,0.269,-0.0524,0.2549,227,0.0,0.0,True
2026-08-15,686668,824239,Brenton Doyle,Chicago White Sox,Chicago White Sox@Detroit Tigers,Troy Melton,Comerica Park,0.0,0.0,-0.0055,0.259,-0.0166,0.2547,228,0.0,0.0,True
2026-08-15,679822,824966,Justin Foscue,Texas Rangers,Texas Rangers@Athletics,J.T. Ginn,Sutter Health Park,0.0,0.0,-0.0018,0.256,-0.0055,0.2546,229,0.0,0.0,True
2026-08-15,642851,824966,Austin Wynns,Texas Rangers,Texas Rangers@Athletics,J.T. Ginn,Sutter Health Park,0.0,0.0,-0.0034,0.257,-0.0101,0.2544,230,0.0,0.0,True
2026-08-15,671056,824644,Iván Herrera,St. Louis Cardinals,St. Louis Cardinals@Chicago Cubs,Matthew Boyd,Wrigley Field,0.0,0.0,0.0014,0.248,0.004,0.249,231,0.0,0.0,True
2026-08-15,645305,822775,Ali Sánchez,New York Yankees,New York Yankees@Toronto Blue Jays,Braydon Fisher,Rogers Centre,0.0,0.0,0.0,0.248,0.0,0.248,232,0.0,0.0,True
2026-08-15,656555,824400,Rhys Hoskins,Cleveland Guardians,San Diego Padres@Cleveland Guardians,,Progressive Field,0.0,0.0,0.0,0.248,0.0,0.248,233,0.0,0.0,True
2026-08-15,672284,824966,Jarred Kelenic,Texas Rangers,Texas Rangers@Athletics,J.T. Ginn,Sutter Health Park,0.0,0.0,0.0,0.248,0.0,0.248,234,0.0,0.0,True
2026-08-15,678662,823184,Ezequiel Tovar,Colorado Rockies,Colorado Rockies@San Francisco Giants,Logan Webb,Oracle Park,0.0,0.0,0.0315,0.226,0.0947,0.2474,235,0.0,0.0,True
2026-08-15,553869,824966,Elias Díaz,Texas Rangers,Texas Rangers@Athletics,J.T. Ginn,Sutter Health Park,0.0,0.0,-0.0114,0.256,-0.0344,0.2472,236,0.0,0.0,True
2026-08-15,681624,823914,Andy Pages,Los Angeles Dodgers,Milwaukee Brewers@Los Angeles Dodgers,Jacob Misiorowski,UNIQLO Field at Dodger Stadium,0.0,0.0,-0.0127,0.256,-0.0383,0.2462,237,0.0,0.0,True
2026-08-15,621438,824644,Tyrone Taylor,Chicago Cubs,St. Louis Cardinals@Chicago Cubs,Michael McGreevy,Wrigley Field,0.0,0.0,-0.0035,0.248,-0.0105,0.2454,238,0.0,0.0,True
2026-08-15,695257,823347,Billy Cook,Pittsburgh Pirates,Boston Red Sox@Pittsburgh Pirates,Sonny Gray,PNC Park,0.0,0.0,0.0,0.245,0.0,0.245,239,0.0,0.0,True
2026-08-15,657136,823347,Connor Wong,Boston Red Sox,Boston Red Sox@Pittsburgh Pirates,Jared Jones,PNC Park,0.0,0.0,-0.0123,0.253,-0.0368,0.2437,240,0.0,0.0,True
2026-08-15,702332,823347,Caleb Durbin,Boston Red Sox,Boston Red Sox@Pittsburgh Pirates,Jared Jones,PNC Park,0.0,0.0,-0.0166,0.256,-0.0496,0.2433,241,0.0,0.0,True
2026-08-15,665862,822775,Jazz Chisholm Jr.,New York Yankees,New York Yankees@Toronto Blue Jays,Braydon Fisher,Rogers Centre,0.0,0.0,-0.0194,0.256,-0.0582,0.2411,242,0.0,0.0,True
2026-08-15,593871,823588,Jorge Polanco,New York Mets,Washington Nationals@New York Mets,Brad Lord,Citi Field,0.0,0.0,-0.0214,0.256,-0.0641,0.2396,243,0.0,0.0,True
2026-08-15,666182,823588,Bo Bichette,New York Mets,Washington Nationals@New York Mets,Brad Lord,Citi Field,0.0,0.0,-0.0021,0.24,-0.0062,0.2385,244,0.0,0.0,True
2026-08-15,596117,823671,Garrett Stubbs,Philadelphia Phillies,Philadelphia Phillies@Minnesota Twins,Connor Prielipp,Target Field,0.0,0.0,-0.0024,0.24,-0.0071,0.2383,245,0.0,0.0,True
2026-08-15,595978,824400,Austin Hedges,Cleveland Guardians,San Diego Padres@Cleveland Guardians,,Progressive Field,0.0,0.0,0.0,0.237,0.0,0.237,246,0.0,0.0,True
2026-08-15,823550,824400,Sung-Mun Song,San Diego Padres,San Diego Padres@Cleveland Guardians,Joey Cantillo,Progressive Field,0.0,0.0,-0.0048,0.24,-0.0146,0.2365,247,0.0,0.0,True
2026-08-15,665966,822941,Carlos Narváez,Baltimore Orioles,Baltimore Orioles@Tampa Bay Rays,Ian Seymour,Tropicana Field,0.0,0.0,-0.016,0.248,-0.048,0.2361,248,0.0,0.0,True
2026-08-15,664954,823184,Brett Sullivan,Colorado Rockies,Colorado Rockies@San Francisco Giants,Logan Webb,Oracle Park,0.0,0.0,0.0659,0.197,0.1975,0.2359,249,0.0,0.0,True
2026-08-15,687551,823184,Drew Gilbert,San Francisco Giants,Colorado Rockies@San Francisco Giants,Michael Lorenzen,Oracle Park,0.0,0.0,0.0302,0.214,0.0907,0.2334,250,1.0,1.0,True
2026-08-15,680977,824157,Brendan Donovan,Seattle Mariners,Seattle Mariners@Houston Astros,Hayden Wesneski,Daikin Park,0.0,0.0,-0.0126,0.241,-0.0378,0.2319,251,0.0,0.0,True
2026-08-15,605141,823914,Mookie Betts,Los Angeles Dodgers,Milwaukee Brewers@Los Angeles Dodgers,Jacob Misiorowski,UNIQLO Field at Dodger Stadium,0.0,0.0,-0.0231,0.248,-0.0694,0.2308,252,0.0,0.0,True
2026-08-15,687637,822941,Dylan Beavers,Baltimore Orioles,Baltimore Orioles@Tampa Bay Rays,Ian Seymour,Tropicana Field,0.0,0.0,0.0013,0.226,0.004,0.2269,253,0.0,0.0,True
2026-08-15,688363,824480,Graham Pauley,Miami Marlins,Miami Marlins@Cincinnati Reds,Brady Singer,Great American Ball Park,0.0,0.0,0.0,0.226,0.0,0.226,254,0.0,0.0,True
2026-08-15,641857,822775,Ryan McMahon,New York Yankees,New York Yankees@Toronto Blue Jays,Braydon Fisher,Rogers Centre,0.0,0.0,-0.0204,0.24,-0.0612,0.2253,255,0.0,0.0,True
2026-08-15,691781,823588,Brady House,Washington Nationals,Washington Nationals@New York Mets,Sean Manaea,Citi Field,0.0,0.0,0.0112,0.214,0.0336,0.2212,256,1.0,1.0,True
2026-08-15,640902,824157,Jhonny Pereda,Seattle Mariners,Seattle Mariners@Houston Astros,Hayden Wesneski,Daikin Park,0.0,0.0,0.0,0.22,0.0,0.22,257,0.0,0.0,True
2026-08-15,699393,824644,Pedro Ramírez,Chicago Cubs,St. Louis Cardinals@Chicago Cubs,Michael McGreevy,Wrigley Field,0.0,0.0,-0.0005,0.22,-0.0014,0.2197,258,0.0,0.0,True
2026-08-15,624428,823990,Adam Frazier,Los Angeles Angels,Kansas City Royals@Los Angeles Angels,Randy Dobnak,Angel Stadium,0.0,0.0,-0.0045,0.222,-0.0135,0.219,259,0.0,0.0,True
2026-08-15,676609,822775,José Caballero,New York Yankees,New York Yankees@Toronto Blue Jays,Braydon Fisher,Rogers Centre,0.0,0.0,-0.0288,0.233,-0.0863,0.2129,260,0.0,0.0,True
2026-08-15,814439,824884,Ryan Waldschmidt,Arizona Diamondbacks,Arizona Diamondbacks@Atlanta Braves,Grant Holmes,Truist Park,0.0,0.0,0.0256,0.197,0.0766,0.2121,261,0.0,0.0,True
2026-08-15,624431,824480,Jose Trevino,Cincinnati Reds,Miami Marlins@Cincinnati Reds,Ryan Gusto,Great American Ball Park,0.0,0.0,-0.0195,0.225,-0.0587,0.2118,262,0.0,0.0,True
2026-08-15,670770,824480,TJ Friedl,Cincinnati Reds,Miami Marlins@Cincinnati Reds,Ryan Gusto,Great American Ball Park,0.0,0.0,-0.0419,0.24,-0.1258,0.2098,263,0.0,0.0,True
2026-08-15,699013,823347,Esmerlyn Valdez,Pittsburgh Pirates,Boston Red Sox@Pittsburgh Pirates,Sonny Gray,PNC Park,0.0,0.0,0.0,0.208,0.0,0.208,264,0.0,0.0,True
2026-08-15,703601,824239,Max Clark,Detroit Tigers,Chicago White Sox@Detroit Tigers,Anthony Kay,Comerica Park,0.0,0.0,-0.0188,0.22,-0.0564,0.2076,265,0.0,0.0,True
2026-08-15,663647,824480,Ke'Bryan Hayes,Cincinnati Reds,Miami Marlins@Cincinnati Reds,Ryan Gusto,Great American Ball Park,0.0,0.0,-0.0142,0.214,-0.0425,0.2049,266,1.0,1.0,True
2026-08-15,695731,824239,Braden Montgomery,Chicago White Sox,Chicago White Sox@Detroit Tigers,Troy Melton,Comerica Park,0.0,0.0,0.01,0.197,0.0299,0.2029,267,0.0,0.0,True
2026-08-15,694203,823990,Denzer Guzman,Los Angeles Angels,Kansas City Royals@Los Angeles Angels,Randy Dobnak,Angel Stadium,0.0,0.0,-0.0271,0.214,-0.0813,0.1966,268,0.0,0.0,True
2026-08-15,694208,823990,Moisés Ballesteros,Los Angeles Angels,Kansas City Royals@Los Angeles Angels,Randy Dobnak,Angel Stadium,0.0,0.0,-0.0294,0.214,-0.0883,0.1951,269,0.0,0.0,True
2026-08-15,696285,823588,Jacob Young,Washington Nationals,Washington Nationals@New York Mets,Sean Manaea,Citi Field,0.0,0.0,0.0285,0.179,0.0855,0.1943,270,0.0,0.0,True
2026-08-15,502671,822775,Paul Goldschmidt,New York Yankees,New York Yankees@Toronto Blue Jays,Braydon Fisher,Rogers Centre,0.0,0.0,-0.005,0.197,-0.0152,0.194,271,0.0,0.0,True
2026-08-15,666126,824966,Carlos Cortes,Athletics,Texas Rangers@Athletics,MacKenzie Gore,Sutter Health Park,0.0,0.0,0.002,0.192,0.0063,0.1932,272,0.0,0.0,True
2026-08-15,681393,823184,Connor Norby,Colorado Rockies,Colorado Rockies@San Francisco Giants,Logan Webb,Oracle Park,0.0,0.0,0.0,0.192,0.0,0.192,273,0.0,0.0,True
2026-08-15,682657,824400,Angel Martínez,Cleveland Guardians,San Diego Padres@Cleveland Guardians,,Progressive Field,0.0,0.0,0.0,0.192,0.0,0.192,274,0.0,0.0,True
2026-08-15,678011,823347,Anthony Seigler,Boston Red Sox,Boston Red Sox@Pittsburgh Pirates,Jared Jones,PNC Park,0.0,0.0,-0.0018,0.192,-0.0052,0.191,275,0.0,0.0,True
2026-08-15,592663,823671,J.T. Realmuto,Philadelphia Phillies,Philadelphia Phillies@Minnesota Twins,Connor Prielipp,Target Field,0.0,0.0,-0.0071,0.192,-0.0214,0.1879,276,0.0,0.0,True
2026-08-15,669397,824157,Nick Allen,Houston Astros,Seattle Mariners@Houston Astros,Emerson Hancock,Daikin Park,0.0,0.0,-0.0122,0.191,-0.0366,0.184,277,0.0,0.0,True
2026-08-15,608348,824644,Carson Kelly,Chicago Cubs,St. Louis Cardinals@Chicago Cubs,Michael McGreevy,Wrigley Field,0.0,0.0,-0.0155,0.192,-0.0464,0.1831,278,0.0,0.0,True
2026-08-15,656775,822941,Cedric Mullins,Tampa Bay Rays,Baltimore Orioles@Tampa Bay Rays,Kyle Bradish,Tropicana Field,0.0,0.0,-0.0165,0.183,-0.0497,0.1739,279,0.0,0.0,True
2026-08-15,805300,824480,Jakob Marsee,Miami Marlins,Miami Marlins@Cincinnati Reds,Brady Singer,Great American Ball Park,0.0,0.0,-0.0098,0.179,-0.0296,0.1737,280,1.0,1.0,True
2026-08-15,694249,823184,Cole Carrigg,Colorado Rockies,Colorado Rockies@San Francisco Giants,Logan Webb,Oracle Park,0.0,0.0,0.0048,0.171,0.0146,0.1735,281,0.0,0.0,True
2026-08-15,593428,824400,Xander Bogaerts,San Diego Padres,San Diego Padres@Cleveland Guardians,Joey Cantillo,Progressive Field,0.0,0.0,0.0148,0.164,0.0445,0.1713,282,0.0,0.0,True
2026-08-15,642715,823184,Willy Adames,San Francisco Giants,Colorado Rockies@San Francisco Giants,Michael Lorenzen,Oracle Park,0.0,0.0,0.0263,0.157,0.079,0.1694,283,0.0,0.0,True
2026-08-15,685133,823990,Wade Meckler,Los Angeles Angels,Kansas City Royals@Los Angeles Angels,Randy Dobnak,Angel Stadium,0.0,0.0,-0.0255,0.183,-0.0765,0.169,284,0.0,0.0,True
2026-08-15,701675,824644,Nathan Church,St. Louis Cardinals,St. Louis Cardinals@Chicago Cubs,Matthew Boyd,Wrigley Field,0.0,0.0,0.0081,0.164,0.0244,0.168,285,0.0,0.0,True
2026-08-15,623168,823990,Tyler Heineman,Los Angeles Angels,Kansas City Royals@Los Angeles Angels,Randy Dobnak,Angel Stadium,0.0,0.0,-0.0039,0.17,-0.0118,0.168,286,0.0,0.0,True
2026-08-15,702616,822941,Jackson Holliday,Baltimore Orioles,Baltimore Orioles@Tampa Bay Rays,Ian Seymour,Tropicana Field,0.0,0.0,0.0071,0.164,0.0213,0.1675,287,0.0,0.0,True
2026-08-15,665926,822775,Andrés Giménez,Toronto Blue Jays,New York Yankees@Toronto Blue Jays,Cam Schlittler,Rogers Centre,0.0,0.0,0.0119,0.16,0.0356,0.1657,288,0.0,0.0,True
2026-08-15,663993,824400,Nathaniel Lowe,Cleveland Guardians,San Diego Padres@Cleveland Guardians,,Progressive Field,0.0,0.0,0.0,0.164,0.0,0.164,289,0.0,0.0,True
2026-08-15,672386,822775,Alejandro Kirk,Toronto Blue Jays,New York Yankees@Toronto Blue Jays,Cam Schlittler,Rogers Centre,0.0,0.0,-0.0068,0.167,-0.0204,0.1636,290,0.0,0.0,True
2026-08-15,670541,824157,Yordan Alvarez,Houston Astros,Seattle Mariners@Houston Astros,Emerson Hancock,Daikin Park,0.0,0.0,0.0131,0.157,0.0395,0.1632,291,0.0,0.0,True
2026-08-15,665877,824644,José Fermín,St. Louis Cardinals,St. Louis Cardinals@Chicago Cubs,Matthew Boyd,Wrigley Field,0.0,0.0,-0.0019,0.164,-0.0055,0.1631,292,0.0,0.0,True
2026-08-15,680777,823671,Ryan Jeffers,Minnesota Twins,Philadelphia Phillies@Minnesota Twins,Jesús Luzardo,Target Field,0.0,0.0,-0.0045,0.164,-0.0134,0.1618,293,0.0,0.0,True
2026-08-15,681082,823671,Bryson Stott,Philadelphia Phillies,Philadelphia Phillies@Minnesota Twins,Connor Prielipp,Target Field,0.0,0.0,0.0153,0.154,0.0461,0.1611,294,1.0,1.0,True
2026-08-15,679845,823990,Nick Loftin,Kansas City Royals,Kansas City Royals@Los Angeles Angels,Reid Detmers,Angel Stadium,0.0,0.0,-0.0119,0.167,-0.0359,0.161,295,0.0,0.0,True
2026-08-15,687263,823990,Zach Neto,Los Angeles Angels,Kansas City Royals@Los Angeles Angels,Randy Dobnak,Angel Stadium,0.0,0.0,-0.015,0.167,-0.0449,0.1595,296,0.0,0.0,True
2026-08-15,666018,822941,Jonathan Aranda,Tampa Bay Rays,Baltimore Orioles@Tampa Bay Rays,Kyle Bradish,Tropicana Field,0.0,0.0,0.0062,0.151,0.0185,0.1538,297,0.0,0.0,True
2026-08-15,802139,824644,JJ Wetherholt,St. Louis Cardinals,St. Louis Cardinals@Chicago Cubs,Matthew Boyd,Wrigley Field,0.0,0.0,-0.0051,0.154,-0.0156,0.1516,298,0.0,0.0,True
2026-08-15,691594,824480,Javier Sanoja,Miami Marlins,Miami Marlins@Cincinnati Reds,Brady Singer,Great American Ball Park,0.0,0.0,0.0002,0.148,0.0007,0.1481,299,0.0,0.0,True
2026-08-15,662139,824157,Daulton Varsho,Houston Astros,Seattle Mariners@Houston Astros,Emerson Hancock,Daikin Park,0.0,0.0,-0.0065,0.151,-0.0192,0.1481,300,0.0,0.0,True
2026-08-15,803011,824239,Sam Antonacci,Chicago White Sox,Chicago White Sox@Detroit Tigers,Troy Melton,Comerica Park,0.0,0.0,-0.0017,0.148,-0.0054,0.1472,301,0.0,0.0,True
2026-08-15,679529,824239,Spencer Torkelson,Detroit Tigers,Chicago White Sox@Detroit Tigers,Anthony Kay,Comerica Park,0.0,0.0,0.0007,0.145,0.0021,0.1453,302,0.0,0.0,True
2026-08-15,664034,824400,Ty France,San Diego Padres,San Diego Padres@Cleveland Guardians,Joey Cantillo,Progressive Field,0.0,0.0,0.0297,0.133,0.0895,0.1449,303,0.0,0.0,True
2026-08-15,668804,823347,Bryan Reynolds,Pittsburgh Pirates,Boston Red Sox@Pittsburgh Pirates,Sonny Gray,PNC Park,0.0,0.0,0.0006,0.142,0.0021,0.1423,304,0.0,0.0,True
2026-08-15,691023,824644,Jordan Walker,St. Louis Cardinals,St. Louis Cardinals@Chicago Cubs,Matthew Boyd,Wrigley Field,0.0,0.0,-0.014,0.148,-0.0419,0.1418,305,0.0,0.0,True
2026-08-15,661388,823914,William Contreras,Milwaukee Brewers,Milwaukee Brewers@Los Angeles Dodgers,Justin Wrobleski,UNIQLO Field at Dodger Stadium,0.0,0.0,0.0007,0.14,0.0021,0.1403,306,1.0,1.0,True
2026-08-15,665489,822775,Vladimir Guerrero Jr.,Toronto Blue Jays,New York Yankees@Toronto Blue Jays,Cam Schlittler,Rogers Centre,0.0,0.0,-0.005,0.142,-0.0148,0.1399,307,0.0,0.0,True
2026-08-15,669242,823914,Tommy Edman,Los Angeles Dodgers,Milwaukee Brewers@Los Angeles Dodgers,Jacob Misiorowski,UNIQLO Field at Dodger Stadium,0.0,0.0,-0.0375,0.157,-0.1127,0.1393,308,0.0,0.0,True
2026-08-15,680757,824400,Steven Kwan,Cleveland Guardians,San Diego Padres@Cleveland Guardians,,Progressive Field,0.0,0.0,0.0,0.137,0.0,0.137,309,0.0,0.0,True
2026-08-15,807799,823347,Masataka Yoshida,Boston Red Sox,Boston Red Sox@Pittsburgh Pirates,Jared Jones,PNC Park,0.0,0.0,-0.0197,0.142,-0.0592,0.1336,310,0.0,0.0,True
2026-08-15,694384,823990,Nolan Schanuel,Los Angeles Angels,Kansas City Royals@Los Angeles Angels,Randy Dobnak,Angel Stadium,0.0,0.0,0.0253,0.124,0.0758,0.1334,311,0.0,0.0,True
2026-08-15,514888,824157,Jose Altuve,Houston Astros,Seattle Mariners@Houston Astros,Emerson Hancock,Daikin Park,0.0,0.0,-0.005,0.133,-0.015,0.131,312,0.0,0.0,True
2026-08-15,686948,824884,Drake Baldwin,Atlanta Braves,Arizona Diamondbacks@Atlanta Braves,Eduardo Rodriguez,Truist Park,0.0,0.0,0.002,0.13,0.0062,0.1308,313,0.0,0.0,True
2026-08-15,655316,823347,Andruw Monasterio,Boston Red Sox,Boston Red Sox@Pittsburgh Pirates,Jared Jones,PNC Park,0.0,0.0,-0.0155,0.137,-0.0467,0.1306,314,0.0,0.0,True
2026-08-15,672515,824884,Gabriel Moreno,Arizona Diamondbacks,Arizona Diamondbacks@Atlanta Braves,Grant Holmes,Truist Park,0.0,0.0,0.0013,0.126,0.004,0.1265,315,0.0,0.0,True
2026-08-15,592518,824400,Manny Machado,San Diego Padres,San Diego Padres@Cleveland Guardians,Joey Cantillo,Progressive Field,0.0,0.0,-0.0109,0.13,-0.0331,0.1257,316,0.0,0.0,True
2026-08-15,702284,824157,Cole Young,Seattle Mariners,Seattle Mariners@Houston Astros,Hayden Wesneski,Daikin Park,0.0,0.0,0.0177,0.117,0.053,0.1232,317,1.0,1.0,True
2026-08-15,671739,824884,Michael Harris II,Atlanta Braves,Arizona Diamondbacks@Atlanta Braves,Eduardo Rodriguez,Truist Park,0.0,0.0,-0.0208,0.13,-0.0623,0.1219,318,0.0,0.0,True
2026-08-15,670623,824157,Isaac Paredes,Houston Astros,Seattle Mariners@Houston Astros,Emerson Hancock,Daikin Park,0.0,0.0,-0.0166,0.126,-0.05,0.1197,319,1.0,1.0,True
2026-08-15,664770,822775,Nathan Lukes,Toronto Blue Jays,New York Yankees@Toronto Blue Jays,Cam Schlittler,Rogers Centre,0.0,0.0,-0.0416,0.135,-0.1244,0.1182,320,0.0,0.0,True
2026-08-15,805779,824966,Jacob Wilson,Athletics,Texas Rangers@Athletics,MacKenzie Gore,Sutter Health Park,0.0,0.0,-0.0215,0.126,-0.0643,0.1179,321,0.0,0.0,True
2026-08-15,683737,824644,Michael Busch,Chicago Cubs,St. Louis Cardinals@Chicago Cubs,Michael McGreevy,Wrigley Field,0.0,0.0,-0.0093,0.105,-0.0276,0.1021,322,0.0,0.0,True
2026-08-15,650333,823671,Luis Arraez,Philadelphia Phillies,Philadelphia Phillies@Minnesota Twins,Connor Prielipp,Target Field,0.0,0.0,-0.0066,0.103,-0.0194,0.101,323,0.0,0.0,True
2026-08-15,676391,822775,Ernie Clement,Toronto Blue Jays,New York Yankees@Toronto Blue Jays,Cam Schlittler,Rogers Centre,0.0,0.0,-0.043,0.111,-0.1288,0.0967,324,0.0,0.0,True
2026-08-15,690993,824239,Colt Keith,Detroit Tigers,Chicago White Sox@Detroit Tigers,Anthony Kay,Comerica Park,0.0,0.0,0.0004,0.0,0.0,0.0,325,0.0,0.0,True
2026-08-15,595879,824239,Javier Báez,Detroit Tigers,Chicago White Sox@Detroit Tigers,Anthony Kay,Comerica Park,0.0,0.0,-0.0223,0.0,0.0,0.0,326,0.0,0.0,True
2026-08-15,656716,824239,Zach McKinstry,Detroit Tigers,Chicago White Sox@Detroit Tigers,Anthony Kay,Comerica Park,0.0,0.0,-0.0058,0.0,0.0,0.0,327,0.0,0.0,True
2026-08-15,682668,824239,Luisangel Acuña,Chicago White Sox,Chicago White Sox@Detroit Tigers,Troy Melton,Comerica Park,0.0,0.0,-0.0238,0.0,0.0,0.0,328,0.0,0.0,True
2026-08-15,671976,824239,Tristan Peters,Chicago White Sox,Chicago White Sox@Detroit Tigers,Troy Melton,Comerica Park,0.0,0.0,-0.0275,0.0,0.0,0.0,329,0.0,0.0,True
2026-08-15,691458,824644,Blaze Jordan,St. Louis Cardinals,St. Louis Cardinals@Chicago Cubs,Matthew Boyd,Wrigley Field,0.0,0.0,-0.0271,0.0,0.0,0.0,330,1.0,1.0,True
2026-08-15,691026,824644,Masyn Winn,St. Louis Cardinals,St. Louis Cardinals@Chicago Cubs,Matthew Boyd,Wrigley Field,0.0,0.0,-0.0123,0.0,0.0,0.0,331,0.0,0.0,True
2026-08-15,669701,822775,Josh Smith,Toronto Blue Jays,New York Yankees@Toronto Blue Jays,Cam Schlittler,Rogers Centre,0.0,0.0,-0.0267,0.0,0.0,0.0,332,0.0,0.0,True
2026-08-15,664702,822775,Myles Straw,Toronto Blue Jays,New York Yankees@Toronto Blue Jays,Cam Schlittler,Rogers Centre,0.0,0.0,-0.0092,0.0,0.0,0.0,333,0.0,0.0,True
2026-08-15,671218,822775,Heliot Ramos,New York Yankees,New York Yankees@Toronto Blue Jays,Braydon Fisher,Rogers Centre,0.0,0.0,-0.0091,0.0,0.0,0.0,334,0.0,0.0,True
2026-08-15,683766,823184,Christian Koss,San Francisco Giants,Colorado Rockies@San Francisco Giants,Michael Lorenzen,Oracle Park,0.0,0.0,-0.004,0.0,0.0,0.0,335,0.0,0.0,True
2026-08-15,681198,823184,TJ Rumfield,Colorado Rockies,Colorado Rockies@San Francisco Giants,Logan Webb,Oracle Park,0.0,0.0,-0.0081,0.0,0.0,0.0,336,0.0,0.0,True
2026-08-15,687859,823184,Troy Johnston,Colorado Rockies,Colorado Rockies@San Francisco Giants,Logan Webb,Oracle Park,0.0,0.0,0.0027,0.0,0.0,0.0,337,0.0,0.0,True
2026-08-15,805999,823588,A.J. Ewing,New York Mets,Washington Nationals@New York Mets,Brad Lord,Citi Field,0.0,0.0,-0.0038,0.0,0.0,0.0,338,0.0,0.0,True
2026-08-15,676724,823588,Jared Young,New York Mets,Washington Nationals@New York Mets,Brad Lord,Citi Field,0.0,0.0,-0.0097,0.0,0.0,0.0,339,0.0,0.0,True
2026-08-15,678391,823588,Jorbit Vivas,Washington Nationals,Washington Nationals@New York Mets,Sean Manaea,Citi Field,0.0,0.0,-0.0154,0.0,0.0,0.0,340,0.0,0.0,True
2026-08-15,660688,823588,Keibert Ruiz,Washington Nationals,Washington Nationals@New York Mets,Sean Manaea,Citi Field,0.0,0.0,-0.0152,0.0,0.0,0.0,341,0.0,0.0,True
2026-08-15,683083,823588,Nasim Nuñez,Washington Nationals,Washington Nationals@New York Mets,Sean Manaea,Citi Field,0.0,0.0,-0.0026,0.0,0.0,0.0,342,0.0,0.0,True
2026-08-15,802415,822941,Chandler Simpson,Tampa Bay Rays,Baltimore Orioles@Tampa Bay Rays,Kyle Bradish,Tropicana Field,0.0,0.0,0.0025,0.0,0.0,0.0,343,0.0,0.0,True
2026-08-15,669236,822941,Jeremiah Jackson,Baltimore Orioles,Baltimore Orioles@Tampa Bay Rays,Ian Seymour,Tropicana Field,0.0,0.0,-0.0273,0.0,0.0,0.0,344,0.0,0.0,True
2026-08-15,667472,824480,Dane Myers,Cincinnati Reds,Miami Marlins@Cincinnati Reds,Ryan Gusto,Great American Ball Park,0.0,0.0,-0.0255,0.0,0.0,0.0,345,0.0,0.0,True
2026-08-15,682622,824480,Noelvi Marte,Cincinnati Reds,Miami Marlins@Cincinnati Reds,Ryan Gusto,Great American Ball Park,0.0,0.0,-0.0291,0.0,0.0,0.0,346,0.0,0.0,True
2026-08-15,672640,824480,Otto Lopez,Miami Marlins,Miami Marlins@Cincinnati Reds,Brady Singer,Great American Ball Park,0.0,0.0,-0.0306,0.0,0.0,0.0,347,0.0,0.0,True
2026-08-15,669364,824480,Xavier Edwards,Miami Marlins,Miami Marlins@Cincinnati Reds,Brady Singer,Great American Ball Park,0.0,0.0,-0.0025,0.0,0.0,0.0,348,0.0,0.0,True
2026-08-15,677587,824400,Brayan Rocchio,Cleveland Guardians,San Diego Padres@Cleveland Guardians,,Progressive Field,0.0,0.0,0.0,0.0,0.0,0.0,349,0.0,0.0,True
2026-08-15,608070,824400,José Ramírez,Cleveland Guardians,San Diego Padres@Cleveland Guardians,,Progressive Field,0.0,0.0,0.0,0.0,0.0,0.0,350,0.0,0.0,True
2026-08-15,683953,824400,Travis Bazzana,Cleveland Guardians,San Diego Padres@Cleveland Guardians,,Progressive Field,0.0,0.0,0.0,0.0,0.0,0.0,351,0.0,0.0,True
2026-08-15,666023,824400,Freddy Fermin,San Diego Padres,San Diego Padres@Cleveland Guardians,Joey Cantillo,Progressive Field,0.0,0.0,-0.0006,0.0,0.0,0.0,352,0.0,0.0,True
2026-08-15,630105,824400,Jake Cronenworth,San Diego Padres,San Diego Padres@Cleveland Guardians,Joey Cantillo,Progressive Field,0.0,0.0,0.0133,0.0,0.0,0.0,353,0.0,0.0,True
2026-08-15,543877,824157,Christian Vázquez,Houston Astros,Seattle Mariners@Houston Astros,Emerson Hancock,Daikin Park,0.0,0.0,-0.0216,0.0,0.0,0.0,354,1.0,1.0,True
2026-08-15,664774,824157,LaMonte Wade Jr.,Houston Astros,Seattle Mariners@Houston Astros,Emerson Hancock,Daikin Park,0.0,0.0,-0.0179,0.0,0.0,0.0,355,0.0,0.0,True
2026-08-15,660844,824157,Leo Rivas,Seattle Mariners,Seattle Mariners@Houston Astros,Hayden Wesneski,Daikin Park,0.0,0.0,0.0,0.0,0.0,0.0,356,0.0,0.0,True
2026-08-15,621493,824157,Taylor Ward,Seattle Mariners,Seattle Mariners@Houston Astros,Hayden Wesneski,Daikin Park,0.0,0.0,-0.0118,0.0,0.0,0.0,357,0.0,0.0,True
2026-08-15,645302,824157,Victor Robles,Seattle Mariners,Seattle Mariners@Houston Astros,Hayden Wesneski,Daikin Park,0.0,0.0,0.0,0.0,0.0,0.0,358,0.0,0.0,True
2026-08-15,668885,823671,Austin Martin,Minnesota Twins,Philadelphia Phillies@Minnesota Twins,Jesús Luzardo,Target Field,0.0,0.0,0.0074,0.0,0.0,0.0,359,0.0,0.0,True
2026-08-15,668952,823671,Ryan Kreidler,Minnesota Twins,Philadelphia Phillies@Minnesota Twins,Jesús Luzardo,Target Field,0.0,0.0,0.0,0.0,0.0,0.0,360,0.0,0.0,True
2026-08-15,605170,823671,Victor Caratini,Minnesota Twins,Philadelphia Phillies@Minnesota Twins,Jesús Luzardo,Target Field,0.0,0.0,-0.0142,0.0,0.0,0.0,361,0.0,0.0,True
2026-08-15,664761,823671,Alec Bohm,Philadelphia Phillies,Philadelphia Phillies@Minnesota Twins,Connor Prielipp,Target Field,0.0,0.0,-0.0007,0.0,0.0,0.0,362,0.0,0.0,True
2026-08-15,669016,823671,Brandon Marsh,Philadelphia Phillies,Philadelphia Phillies@Minnesota Twins,Connor Prielipp,Target Field,0.0,0.0,-0.0103,0.0,0.0,0.0,363,0.0,0.0,True
2026-08-15,702222,823671,Justin Crawford,Philadelphia Phillies,Philadelphia Phillies@Minnesota Twins,Connor Prielipp,Target Field,0.0,0.0,0.0157,0.0,0.0,0.0,364,0.0,0.0,True
2026-08-15,669707,823347,Jared Triolo,Pittsburgh Pirates,Boston Red Sox@Pittsburgh Pirates,Sonny Gray,PNC Park,0.0,0.0,0.0,0.0,0.0,0.0,365,0.0,0.0,True
2026-08-15,693304,823347,Nick Gonzales,Pittsburgh Pirates,Boston Red Sox@Pittsburgh Pirates,Sonny Gray,PNC Park,0.0,0.0,-0.0088,0.0,0.0,0.0,366,0.0,0.0,True
2026-08-15,668939,823347,Adley Rutschman,Boston Red Sox,Boston Red Sox@Pittsburgh Pirates,Jared Jones,PNC Park,0.0,0.0,0.0,0.0,0.0,0.0,367,0.0,0.0,True
2026-08-15,686765,823347,Nick Sogard,Boston Red Sox,Boston Red Sox@Pittsburgh Pirates,Jared Jones,PNC Park,0.0,0.0,-0.0436,0.0,0.0,0.0,368,0.0,0.0,True
2026-08-15,642086,824884,Dominic Smith,Atlanta Braves,Arizona Diamondbacks@Atlanta Braves,Eduardo Rodriguez,Truist Park,0.0,0.0,-0.0214,0.0,0.0,0.0,369,0.0,0.0,True
2026-08-15,805347,824884,Jim Jarvis,Atlanta Braves,Arizona Diamondbacks@Atlanta Braves,Eduardo Rodriguez,Truist Park,0.0,0.0,-0.0137,0.0,0.0,0.0,370,0.0,0.0,True
2026-08-15,643289,824884,Mauricio Dubón,Atlanta Braves,Arizona Diamondbacks@Atlanta Braves,Eduardo Rodriguez,Truist Park,0.0,0.0,-0.0139,0.0,0.0,0.0,371,0.0,0.0,True
2026-08-15,545121,824884,Ildemaro Vargas,Arizona Diamondbacks,Arizona Diamondbacks@Atlanta Braves,Grant Holmes,Truist Park,0.0,0.0,0.0043,0.0,0.0,0.0,372,1.0,1.0,True
2026-08-15,663457,824884,Lars Nootbaar,Arizona Diamondbacks,Arizona Diamondbacks@Atlanta Braves,Grant Holmes,Truist Park,0.0,0.0,-0.0137,0.0,0.0,0.0,373,0.0,0.0,True
2026-08-15,596146,824884,Max Kepler,Arizona Diamondbacks,Arizona Diamondbacks@Atlanta Braves,Grant Holmes,Truist Park,0.0,0.0,0.0015,0.0,0.0,0.0,374,0.0,0.0,True
2026-08-15,669743,823914,Alex Call,Los Angeles Dodgers,Milwaukee Brewers@Los Angeles Dodgers,Jacob Misiorowski,UNIQLO Field at Dodger Stadium,0.0,0.0,0.0685,0.0,0.0,0.0,375,0.0,0.0,True
2026-08-15,518692,823914,Freddie Freeman,Los Angeles Dodgers,Milwaukee Brewers@Los Angeles Dodgers,Jacob Misiorowski,UNIQLO Field at Dodger Stadium,0.0,0.0,-0.0021,0.0,0.0,0.0,376,0.0,0.0,True
2026-08-15,663604,823914,Brandon Lockridge,Milwaukee Brewers,Milwaukee Brewers@Los Angeles Dodgers,Justin Wrobleski,UNIQLO Field at Dodger Stadium,0.0,0.0,0.0,0.0,0.0,0.0,377,0.0,0.0,True
2026-08-15,666152,823914,David Hamilton,Milwaukee Brewers,Milwaukee Brewers@Los Angeles Dodgers,Justin Wrobleski,UNIQLO Field at Dodger Stadium,0.0,0.0,0.0,0.0,0.0,0.0,378,0.0,0.0,True
2026-08-15,669003,823914,Garrett Mitchell,Milwaukee Brewers,Milwaukee Brewers@Los Angeles Dodgers,Justin Wrobleski,UNIQLO Field at Dodger Stadium,0.0,0.0,0.0,0.0,0.0,0.0,379,0.0,0.0,True
2026-08-15,596142,823914,Gary Sánchez,Milwaukee Brewers,Milwaukee Brewers@Los Angeles Dodgers,Justin Wrobleski,UNIQLO Field at Dodger Stadium,0.0,0.0,0.0938,0.0,0.0,0.0,380,0.0,0.0,True
2026-08-15,800325,823914,Luis Lara,Milwaukee Brewers,Milwaukee Brewers@Los Angeles Dodgers,Justin Wrobleski,UNIQLO Field at Dodger Stadium,0.0,0.0,0.0142,0.0,0.0,0.0,381,0.0,0.0,True
2026-08-15,672724,823990,Oswald Peraza,Los Angeles Angels,Kansas City Royals@Los Angeles Angels,Randy Dobnak,Angel Stadium,0.0,0.0,-0.0135,0.0,0.0,0.0,382,0.0,0.0,True
2026-08-15,686555,823990,Isaac Collins,Kansas City Royals,Kansas City Royals@Los Angeles Angels,Reid Detmers,Angel Stadium,0.0,0.0,0.0,0.0,0.0,0.0,383,0.0,0.0,True
2026-08-15,668942,823990,Josh Rojas,Kansas City Royals,Kansas City Royals@Los Angeles Angels,Reid Detmers,Angel Stadium,0.0,0.0,-0.0297,0.0,0.0,0.0,384,0.0,0.0,True
2026-08-15,664728,823990,Kyle Isbel,Kansas City Royals,Kansas City Royals@Los Angeles Angels,Reid Detmers,Angel Stadium,0.0,0.0,-0.0207,0.0,0.0,0.0,385,0.0,0.0,True
2026-08-15,675961,824966,Alika Williams,Athletics,Texas Rangers@Athletics,MacKenzie Gore,Sutter Health Park,0.0,0.0,-0.0295,0.0,0.0,0.0,386,0.0,0.0,True
2026-08-15,643446,824966,Jeff McNeil,Athletics,Texas Rangers@Athletics,MacKenzie Gore,Sutter Health Park,0.0,0.0,0.0204,0.0,0.0,0.0,387,0.0,0.0,True
2026-08-15,695720,824966,Tommy White,Athletics,Texas Rangers@Athletics,MacKenzie Gore,Sutter Health Park,0.0,0.0,-0.027,0.0,0.0,0.0,388,0.0,0.0,True
2026-08-15,694497,824966,Evan Carter,Texas Rangers,Texas Rangers@Athletics,J.T. Ginn,Sutter Health Park,0.0,0.0,-0.04,0.0,0.0,0.0,389,0.0,0.0,True
2026-08-15,670032,824966,Nicky Lopez,Texas Rangers,Texas Rangers@Athletics,J.T. Ginn,Sutter Health Park,0.0,0.0,0.0,0.0,0.0,0.0,390,0.0,0.0,True
2026-08-16,641933,822940,Tyler O'Neill,Baltimore Orioles,Baltimore Orioles@Tampa Bay Rays,Freddy Peralta,Tropicana Field,0.0,0.0,0.042,1.0,0.126,1.126,1,0.0,0.0,True
2026-08-16,665052,824477,Griffin Conine,Miami Marlins,Miami Marlins@Cincinnati Reds,Nick Lodolo,Great American Ball Park,0.0,0.0,0.0416,1.0,0.1248,1.1248,2,0.0,0.0,True
2026-08-16,808959,824236,Munetaka Murakami,Chicago White Sox,Chicago White Sox@Detroit Tigers,Drew Anderson,Comerica Park,0.0,0.0,0.0364,1.0,0.1092,1.1092,3,1.0,1.0,True
2026-08-16,683357,824477,Owen Caissie,Miami Marlins,Miami Marlins@Cincinnati Reds,Nick Lodolo,Great American Ball Park,0.0,0.0,0.0113,0.993,0.0339,1.0267,4,0.0,0.0,True
2026-08-16,624424,824642,Michael Conforto,Chicago Cubs,St. Louis Cardinals@Chicago Cubs,Hunter Dobbins,Wrigley Field,0.0,0.0,0.0003,1.0,0.0009,1.0009,5,0.0,0.0,True
2026-08-16,656941,823670,Kyle Schwarber,Philadelphia Phillies,Philadelphia Phillies@Minnesota Twins,Dean Kremer,Target Field,0.0,0.0,0.0413,0.855,0.1239,0.9609,6,0.0,0.0,True
2026-08-16,592626,824965,Joc Pederson,Texas Rangers,Texas Rangers@Athletics,Jacob Lopez,Sutter Health Park,0.0,0.0,-0.0134,1.0,-0.0402,0.9598,7,0.0,0.0,True
2026-08-16,621566,824880,Matt Olson,Atlanta Braves,Arizona Diamondbacks@Atlanta Braves,Michael Soroka,Truist Park,0.0,0.0,-0.014,1.0,-0.042,0.958,8,1.0,1.0,True
2026-08-16,666211,824156,Taylor Trammell,Houston Astros,Seattle Mariners@Houston Astros,Bryan Woo,Daikin Park,0.0,0.0,0.0156,0.879,0.0468,0.9201,9,0.0,0.0,True
2026-08-16,596019,823590,Francisco Lindor,New York Mets,Washington Nationals@New York Mets,Jake Irvin,Citi Field,0.0,0.0,0.0298,0.839,0.0894,0.914,10,0.0,0.0,True
2026-08-16,553993,824477,Eugenio Suárez,Cincinnati Reds,Miami Marlins@Cincinnati Reds,Eury Pérez,Great American Ball Park,0.0,0.0,-0.018,0.962,-0.054,0.9101,11,0.0,0.0,True
2026-08-16,677800,823344,Wilyer Abreu,Boston Red Sox,Boston Red Sox@Pittsburgh Pirates,Lake Bachar,PNC Park,0.0,0.0,0.026,0.824,0.078,0.8883,12,0.0,0.0,True
2026-08-16,678246,824236,Miguel Vargas,Chicago White Sox,Chicago White Sox@Detroit Tigers,Drew Anderson,Comerica Park,0.0,0.0,-0.0054,0.855,-0.0163,0.8411,13,1.0,1.0,True
2026-08-16,650489,823182,Willi Castro,Colorado Rockies,Colorado Rockies@San Francisco Giants,Blade Tidwell,Oracle Park,0.0,0.0,0.0112,0.81,0.0336,0.8372,14,0.0,0.0,True
2026-08-16,624413,822940,Pete Alonso,Baltimore Orioles,Baltimore Orioles@Tampa Bay Rays,Freddy Peralta,Tropicana Field,0.0,0.0,0.0435,0.74,0.1305,0.8366,15,0.0,0.0,True
2026-08-16,664040,823344,Brandon Lowe,Pittsburgh Pirates,Boston Red Sox@Pittsburgh Pirates,Patrick Sandoval,PNC Park,0.0,0.0,-0.0005,0.836,-0.0016,0.8347,16,0.0,0.0,True
2026-08-16,695506,823991,Jac Caglianone,Kansas City Royals,Kansas City Royals@Los Angeles Angels,Ryan Johnson,Angel Stadium,0.0,0.0,0.0392,0.744,0.1176,0.8315,17,0.0,0.0,True
2026-08-16,691406,822940,Junior Caminero,Tampa Bay Rays,Baltimore Orioles@Tampa Bay Rays,Trevor Rogers,Tropicana Field,0.0,0.0,-0.0179,0.855,-0.0537,0.8091,18,0.0,0.0,True
2026-08-16,682928,823590,CJ Abrams,Washington Nationals,Washington Nationals@New York Mets,Christian Scott,Citi Field,0.0,0.0,0.0118,0.769,0.0354,0.7962,19,0.0,0.0,True
2026-08-16,660271,823912,Shohei Ohtani,Los Angeles Dodgers,Milwaukee Brewers@Los Angeles Dodgers,Logan Henderson,UNIQLO Field at Dodger Stadium,0.0,0.0,0.0204,0.74,0.0612,0.7853,20,0.0,0.0,True
2026-08-16,608324,824642,Alex Bregman,Chicago Cubs,St. Louis Cardinals@Chicago Cubs,Hunter Dobbins,Wrigley Field,0.0,0.0,0.0346,0.71,0.1038,0.7837,21,0.0,0.0,True
2026-08-16,701398,824477,Sal Stewart,Cincinnati Reds,Miami Marlins@Cincinnati Reds,Eury Pérez,Great American Ball Park,0.0,0.0,-0.0059,0.785,-0.0177,0.7711,22,0.0,0.0,True
2026-08-16,671732,824965,Lawrence Butler,Athletics,Texas Rangers@Athletics,Cody Bradford,Sutter Health Park,0.0,0.0,-0.0124,0.785,-0.0372,0.7558,23,1.0,1.0,True
2026-08-16,682626,823590,Francisco Alvarez,New York Mets,Washington Nationals@New York Mets,Jake Irvin,Citi Field,0.0,0.0,-0.0108,0.769,-0.0324,0.7441,24,0.0,0.0,True
2026-08-16,680869,824965,Zack Gelof,Athletics,Texas Rangers@Athletics,Cody Bradford,Sutter Health Park,0.0,0.0,-0.0044,0.754,-0.0133,0.744,25,1.0,1.0,True
2026-08-16,678882,823344,Ceddanne Rafaela,Boston Red Sox,Boston Red Sox@Pittsburgh Pirates,Lake Bachar,PNC Park,0.0,0.0,0.0204,0.699,0.0612,0.7418,26,0.0,0.0,True
2026-08-16,682674,823182,Victor Bericoto,San Francisco Giants,Colorado Rockies@San Francisco Giants,Gabriel Hughes,Oracle Park,0.0,0.0,-0.0037,0.744,-0.0112,0.7357,27,0.0,0.0,True
2026-08-16,805367,824236,Chase Meidroth,Chicago White Sox,Chicago White Sox@Detroit Tigers,Drew Anderson,Comerica Park,0.0,0.0,-0.0088,0.754,-0.0264,0.7341,28,0.0,0.0,True
2026-08-16,660670,824880,Ronald Acuña Jr.,Atlanta Braves,Arizona Diamondbacks@Atlanta Braves,Michael Soroka,Truist Park,0.0,0.0,-0.0176,0.769,-0.0528,0.7284,29,0.0,0.0,True
2026-08-16,678218,822774,Brandon Valenzuela,Toronto Blue Jays,New York Yankees@Toronto Blue Jays,Ryan Weathers,Rogers Centre,0.0,0.0,-0.0182,0.769,-0.0546,0.727,30,0.0,0.0,True
2026-08-16,672275,824397,Patrick Bailey,Cleveland Guardians,San Diego Padres@Cleveland Guardians,Casey Mize,Progressive Field,0.0,0.0,-0.0095,0.744,-0.0285,0.7228,31,0.0,0.0,True
2026-08-16,691718,824642,Pete Crow-Armstrong,Chicago Cubs,St. Louis Cardinals@Chicago Cubs,Hunter Dobbins,Wrigley Field,0.0,0.0,0.0018,0.712,0.0053,0.7158,32,1.0,1.0,True
2026-08-16,543760,823590,Marcus Semien,New York Mets,Washington Nationals@New York Mets,Jake Irvin,Citi Field,0.0,0.0,0.0384,0.641,0.1151,0.7148,33,0.0,0.0,True
2026-08-16,622268,824965,Donovan Walton,Athletics,Texas Rangers@Athletics,Cody Bradford,Sutter Health Park,0.0,0.0,-0.0163,0.744,-0.0489,0.7076,34,0.0,0.0,True
2026-08-16,547180,823670,Bryce Harper,Philadelphia Phillies,Philadelphia Phillies@Minnesota Twins,Dean Kremer,Target Field,0.0,0.0,0.0263,0.655,0.0789,0.7067,35,0.0,0.0,True
2026-08-16,663886,824477,Tyler Stephenson,Cincinnati Reds,Miami Marlins@Cincinnati Reds,Eury Pérez,Great American Ball Park,0.0,0.0,0.002,0.699,0.006,0.7032,36,1.0,1.0,True
2026-08-16,665487,824397,Fernando Tatis Jr.,San Diego Padres,San Diego Padres@Cleveland Guardians,Tanner Bibee,Progressive Field,0.0,0.0,0.029,0.641,0.0871,0.6968,37,0.0,0.0,True
2026-08-16,701538,824397,Jackson Merrill,San Diego Padres,San Diego Padres@Cleveland Guardians,Tanner Bibee,Progressive Field,0.0,0.0,0.029,0.641,0.0871,0.6968,38,0.0,0.0,True
2026-08-16,680574,824477,Matt McLain,Cincinnati Reds,Miami Marlins@Cincinnati Reds,Eury Pérez,Great American Ball Park,0.0,0.0,-0.0325,0.769,-0.0975,0.694,39,0.0,0.0,True
2026-08-16,668227,824156,Randy Arozarena,Seattle Mariners,Seattle Mariners@Houston Astros,Hunter Brown,Daikin Park,0.0,0.0,0.0068,0.675,0.0204,0.6888,40,1.0,1.0,True
2026-08-16,571448,824880,Nolan Arenado,Arizona Diamondbacks,Arizona Diamondbacks@Atlanta Braves,Bryce Elder,Truist Park,0.0,0.0,0.0464,0.592,0.1392,0.6744,41,0.0,0.0,True
2026-08-16,663757,822774,Trent Grisham,New York Yankees,New York Yankees@Toronto Blue Jays,Dylan Cease,Rogers Centre,0.0,0.0,-0.0069,0.687,-0.0207,0.6728,42,0.0,0.0,True
2026-08-16,571970,823912,Max Muncy,Los Angeles Dodgers,Milwaukee Brewers@Los Angeles Dodgers,Logan Henderson,UNIQLO Field at Dodger Stadium,0.0,0.0,-0.0142,0.699,-0.0426,0.6692,43,1.0,1.0,True
2026-08-16,681715,824477,Heriberto Hernández,Miami Marlins,Miami Marlins@Cincinnati Reds,Nick Lodolo,Great American Ball Park,0.0,0.0,0.0107,0.624,0.0321,0.644,44,1.0,1.0,True
2026-08-16,573262,824880,Mike Yastrzemski,Atlanta Braves,Arizona Diamondbacks@Atlanta Braves,Michael Soroka,Truist Park,0.0,0.0,-0.0099,0.659,-0.0297,0.6394,45,0.0,0.0,True
2026-08-16,673357,823590,Luis Robert Jr.,New York Mets,Washington Nationals@New York Mets,Jake Irvin,Citi Field,0.0,0.0,-0.003,0.641,-0.009,0.6352,46,0.0,0.0,True
2026-08-16,666176,824397,Jo Adell,Cleveland Guardians,San Diego Padres@Cleveland Guardians,Casey Mize,Progressive Field,0.0,0.0,-0.0054,0.641,-0.0162,0.6306,47,0.0,0.0,True
2026-08-16,677594,824156,Julio Rodríguez,Seattle Mariners,Seattle Mariners@Houston Astros,Hunter Brown,Daikin Park,0.0,0.0,0.027,0.581,0.0811,0.6281,48,0.0,0.0,True
2026-08-16,663656,823912,Kyle Tucker,Los Angeles Dodgers,Milwaukee Brewers@Los Angeles Dodgers,Logan Henderson,UNIQLO Field at Dodger Stadium,0.0,0.0,0.0103,0.603,0.0308,0.6216,49,0.0,0.0,True
2026-08-16,683146,823590,Brett Baty,New York Mets,Washington Nationals@New York Mets,Jake Irvin,Citi Field,0.0,0.0,-0.003,0.624,-0.009,0.6184,50,0.0,0.0,True
2026-08-16,663586,824880,Austin Riley,Atlanta Braves,Arizona Diamondbacks@Atlanta Braves,Michael Soroka,Truist Park,0.0,0.0,-0.0216,0.659,-0.0648,0.6163,51,0.0,0.0,True
2026-08-16,676475,824642,Alec Burleson,St. Louis Cardinals,St. Louis Cardinals@Chicago Cubs,Edward Cabrera,Wrigley Field,0.0,0.0,0.0,0.615,0.0,0.615,52,1.0,1.0,True
2026-08-16,673548,824642,Seiya Suzuki,Chicago Cubs,St. Louis Cardinals@Chicago Cubs,Hunter Dobbins,Wrigley Field,0.0,0.0,0.0241,0.57,0.0723,0.6112,53,0.0,0.0,True
2026-08-16,696100,823182,Hunter Goodman,Colorado Rockies,Colorado Rockies@San Francisco Giants,Blade Tidwell,Oracle Park,0.0,0.0,-0.0341,0.679,-0.1024,0.6095,54,0.0,0.0,True
2026-08-16,665161,824156,Jeremy Peña,Houston Astros,Seattle Mariners@Houston Astros,Bryan Woo,Daikin Park,0.0,0.0,-0.0045,0.592,-0.0135,0.584,55,1.0,1.0,True
2026-08-16,701358,824156,Cam Smith,Houston Astros,Seattle Mariners@Houston Astros,Bryan Woo,Daikin Park,0.0,0.0,0.0078,0.563,0.0234,0.5762,56,0.0,0.0,True
2026-08-16,657041,824880,Lane Thomas,Atlanta Braves,Arizona Diamondbacks@Atlanta Braves,Michael Soroka,Truist Park,0.0,0.0,-0.0093,0.592,-0.0279,0.5755,57,0.0,0.0,True
2026-08-16,665750,822940,Leody Taveras,Baltimore Orioles,Baltimore Orioles@Tampa Bay Rays,Freddy Peralta,Tropicana Field,0.0,0.0,0.0156,0.549,0.0468,0.5747,58,0.0,0.0,True
2026-08-16,682987,822774,Spencer Jones,New York Yankees,New York Yankees@Toronto Blue Jays,Dylan Cease,Rogers Centre,0.0,0.0,-0.0196,0.607,-0.0588,0.5713,59,0.0,0.0,True
2026-08-16,695734,823590,Daylen Lile,Washington Nationals,Washington Nationals@New York Mets,Christian Scott,Citi Field,0.0,0.0,0.0115,0.549,0.0344,0.5679,60,0.0,0.0,True
2026-08-16,666160,823182,Mickey Moniak,Colorado Rockies,Colorado Rockies@San Francisco Giants,Blade Tidwell,Oracle Park,0.0,0.0,-0.0136,0.577,-0.0407,0.5535,61,0.0,0.0,True
2026-08-16,678545,823182,Osleivis Basabe,San Francisco Giants,Colorado Rockies@San Francisco Giants,Gabriel Hughes,Oracle Park,0.0,0.0,-0.023,0.592,-0.0689,0.5512,62,0.0,0.0,True
2026-08-16,686527,824156,Dominic Canzone,Seattle Mariners,Seattle Mariners@Houston Astros,Hunter Brown,Daikin Park,0.0,0.0,-0.0022,0.54,-0.0067,0.5364,63,0.0,0.0,True
2026-08-16,694192,823912,Jackson Chourio,Milwaukee Brewers,Milwaukee Brewers@Los Angeles Dodgers,Tarik Skubal,UNIQLO Field at Dodger Stadium,0.0,0.0,0.0003,0.522,0.001,0.5225,64,0.0,0.0,True
2026-08-16,691016,824965,Tyler Soderstrom,Athletics,Texas Rangers@Athletics,Cody Bradford,Sutter Health Park,0.0,0.0,0.0133,0.502,0.0398,0.522,65,0.0,0.0,True
2026-08-16,606192,823912,Teoscar Hernández,Los Angeles Dodgers,Milwaukee Brewers@Los Angeles Dodgers,Logan Henderson,UNIQLO Field at Dodger Stadium,0.0,0.0,0.0126,0.502,0.0378,0.521,66,0.0,0.0,True
2026-08-16,650402,824236,Gleyber Torres,Detroit Tigers,Chicago White Sox@Detroit Tigers,Sean Burke,Comerica Park,0.0,0.0,-0.0242,0.559,-0.0726,0.5184,67,0.0,0.0,True
2026-08-16,641343,823912,Jake Bauers,Milwaukee Brewers,Milwaukee Brewers@Los Angeles Dodgers,Tarik Skubal,UNIQLO Field at Dodger Stadium,0.0,0.0,0.0034,0.513,0.0101,0.5182,68,0.0,0.0,True
2026-08-16,691777,824965,Max Muncy,Athletics,Texas Rangers@Athletics,Cody Bradford,Sutter Health Park,0.0,0.0,-0.0716,0.659,-0.2149,0.5174,69,0.0,0.0,True
2026-08-16,691723,822940,Coby Mayo,Baltimore Orioles,Baltimore Orioles@Tampa Bay Rays,Freddy Peralta,Tropicana Field,0.0,0.0,0.024,0.481,0.0719,0.5156,70,0.0,0.0,True
2026-08-16,808982,823182,Jung Hoo Lee,San Francisco Giants,Colorado Rockies@San Francisco Giants,Gabriel Hughes,Oracle Park,0.0,0.0,0.0066,0.504,0.0198,0.514,71,0.0,0.0,True
2026-08-16,642201,823344,Eli White,Boston Red Sox,Boston Red Sox@Pittsburgh Pirates,Lake Bachar,PNC Park,0.0,0.0,-0.0054,0.513,-0.0162,0.5047,72,0.0,0.0,True
2026-08-16,645277,824880,Ozzie Albies,Atlanta Braves,Arizona Diamondbacks@Atlanta Braves,Michael Soroka,Truist Park,0.0,0.0,-0.018,0.531,-0.054,0.5023,73,0.0,0.0,True
2026-08-16,807712,823670,Luke Keaschall,Minnesota Twins,Philadelphia Phillies@Minnesota Twins,Andrew Painter,Target Field,0.0,0.0,0.0074,0.491,0.0222,0.5019,74,0.0,0.0,True
2026-08-16,805811,823182,Bryce Eldridge,San Francisco Giants,Colorado Rockies@San Francisco Giants,Gabriel Hughes,Oracle Park,0.0,0.0,-0.0074,0.513,-0.0222,0.5016,75,0.0,0.0,True
2026-08-16,683002,822940,Gunnar Henderson,Baltimore Orioles,Baltimore Orioles@Tampa Bay Rays,Freddy Peralta,Tropicana Field,0.0,0.0,0.0132,0.481,0.0395,0.5,76,0.0,0.0,True
2026-08-16,676356,822940,Jonny DeLuca,Tampa Bay Rays,Baltimore Orioles@Tampa Bay Rays,Trevor Rogers,Tropicana Field,0.0,0.0,0.0009,0.496,0.0026,0.4973,77,0.0,0.0,True
2026-08-16,572233,824156,Christian Walker,Houston Astros,Seattle Mariners@Houston Astros,Bryan Woo,Daikin Park,0.0,0.0,-0.004,0.502,-0.012,0.496,78,0.0,0.0,True
2026-08-16,681297,822940,Colton Cowser,Baltimore Orioles,Baltimore Orioles@Tampa Bay Rays,Freddy Peralta,Tropicana Field,0.0,0.0,0.0102,0.481,0.0306,0.4957,79,1.0,1.0,True
2026-08-16,665953,823590,Andrés Chaparro,Washington Nationals,Washington Nationals@New York Mets,Christian Scott,Citi Field,0.0,0.0,0.1049,0.396,0.25,0.495,80,0.0,0.0,True
2026-08-16,666139,823991,Josh Lowe,Los Angeles Angels,Kansas City Royals@Los Angeles Angels,Noah Cameron,Angel Stadium,0.0,0.0,-0.0013,0.496,-0.0038,0.4941,81,0.0,0.0,True
2026-08-16,687401,823912,Joey Ortiz,Milwaukee Brewers,Milwaukee Brewers@Los Angeles Dodgers,Tarik Skubal,UNIQLO Field at Dodger Stadium,0.0,0.0,-0.0013,0.496,-0.0038,0.4941,82,0.0,0.0,True
2026-08-16,680664,824236,Eduardo Valencia,Detroit Tigers,Chicago White Sox@Detroit Tigers,Sean Burke,Comerica Park,0.0,0.0,-0.0002,0.494,-0.0006,0.4937,83,0.0,0.0,True
2026-08-16,668709,824477,JJ Bleday,Cincinnati Reds,Miami Marlins@Cincinnati Reds,Eury Pérez,Great American Ball Park,0.0,0.0,-0.0218,0.524,-0.0655,0.4897,84,0.0,0.0,True
2026-08-16,680700,822940,Richie Palacios,Tampa Bay Rays,Baltimore Orioles@Tampa Bay Rays,Trevor Rogers,Tropicana Field,0.0,0.0,0.0046,0.481,0.0137,0.4876,85,0.0,0.0,True
2026-08-16,691788,824477,Joe Mack,Miami Marlins,Miami Marlins@Cincinnati Reds,Nick Lodolo,Great American Ball Park,0.0,0.0,-0.019,0.513,-0.0569,0.4838,86,0.0,0.0,True
2026-08-16,686475,823991,Tyler Tolbert,Kansas City Royals,Kansas City Royals@Los Angeles Angels,Ryan Johnson,Angel Stadium,0.0,0.0,0.0017,0.481,0.0052,0.4835,87,0.0,0.0,True
2026-08-16,624641,823670,Edmundo Sosa,Philadelphia Phillies,Philadelphia Phillies@Minnesota Twins,Dean Kremer,Target Field,0.0,0.0,-0.0086,0.496,-0.0258,0.4832,88,0.0,0.0,True
2026-08-16,621439,823670,Byron Buxton,Minnesota Twins,Philadelphia Phillies@Minnesota Twins,Andrew Painter,Target Field,0.0,0.0,0.0,0.481,0.0,0.481,89,0.0,0.0,True
2026-08-16,663494,824642,Bryan Torres,St. Louis Cardinals,St. Louis Cardinals@Chicago Cubs,Edward Cabrera,Wrigley Field,0.0,0.0,0.0,0.481,0.0,0.481,90,0.0,0.0,True
2026-08-16,693307,824236,Dillon Dingler,Detroit Tigers,Chicago White Sox@Detroit Tigers,Sean Burke,Comerica Park,0.0,0.0,-0.0171,0.504,-0.0514,0.4781,91,0.0,0.0,True
2026-08-16,694374,824880,Tim Tawa,Arizona Diamondbacks,Arizona Diamondbacks@Atlanta Braves,Bryce Elder,Truist Park,0.0,0.0,0.0159,0.452,0.0478,0.4736,92,0.0,0.0,True
2026-08-16,677870,824477,Leo Jiménez,Miami Marlins,Miami Marlins@Cincinnati Reds,Nick Lodolo,Great American Ball Park,0.0,0.0,-0.0166,0.496,-0.0498,0.4713,93,0.0,0.0,True
2026-08-16,663728,824156,Cal Raleigh,Seattle Mariners,Seattle Mariners@Houston Astros,Hunter Brown,Daikin Park,0.0,0.0,-0.0109,0.481,-0.0326,0.4653,94,1.0,1.0,True
2026-08-16,686681,823991,Michael Massey,Kansas City Royals,Kansas City Royals@Los Angeles Angels,Ryan Johnson,Angel Stadium,0.0,0.0,-0.0075,0.471,-0.0225,0.4604,95,1.0,1.0,True
2026-08-16,605137,823670,Josh Bell,Minnesota Twins,Philadelphia Phillies@Minnesota Twins,Andrew Painter,Target Field,0.0,0.0,-0.0014,0.462,-0.0041,0.4601,96,0.0,0.0,True
2026-08-16,663743,822940,Nick Fortes,Tampa Bay Rays,Baltimore Orioles@Tampa Bay Rays,Trevor Rogers,Tropicana Field,0.0,0.0,-0.0265,0.496,-0.0794,0.4566,97,0.0,0.0,True
2026-08-16,642708,822774,Amed Rosario,New York Yankees,New York Yankees@Toronto Blue Jays,Dylan Cease,Rogers Centre,0.0,0.0,-0.0375,0.513,-0.1125,0.4553,98,0.0,0.0,True
2026-08-16,677592,824642,Everson Pereira,St. Louis Cardinals,St. Louis Cardinals@Chicago Cubs,Edward Cabrera,Wrigley Field,0.0,0.0,0.0,0.452,0.0,0.452,99,0.0,0.0,True
2026-08-16,575929,823344,Willson Contreras,Boston Red Sox,Boston Red Sox@Pittsburgh Pirates,Lake Bachar,PNC Park,0.0,0.0,-0.0234,0.481,-0.0703,0.4472,100,0.0,0.0,True
2026-08-16,545341,824236,Randal Grichuk,Chicago White Sox,Chicago White Sox@Detroit Tigers,Drew Anderson,Comerica Park,0.0,0.0,0.0543,0.382,0.1628,0.4442,101,0.0,0.0,True
2026-08-16,682829,824477,Elly De La Cruz,Cincinnati Reds,Miami Marlins@Cincinnati Reds,Eury Pérez,Great American Ball Park,0.0,0.0,-0.0011,0.444,-0.0034,0.4425,102,0.0,0.0,True
2026-08-16,646240,823182,Rafael Devers,San Francisco Giants,Colorado Rockies@San Francisco Giants,Gabriel Hughes,Oracle Park,0.0,0.0,-0.009,0.452,-0.027,0.4398,103,1.0,1.0,True
2026-08-16,642350,823991,Jose Siri,Los Angeles Angels,Kansas City Royals@Los Angeles Angels,Noah Cameron,Angel Stadium,0.0,0.0,-0.0016,0.44,-0.0048,0.4379,104,0.0,0.0,True
2026-08-16,680779,823344,Henry Davis,Pittsburgh Pirates,Boston Red Sox@Pittsburgh Pirates,Patrick Sandoval,PNC Park,0.0,0.0,-0.0256,0.466,-0.0768,0.4302,105,0.0,0.0,True
2026-08-16,695600,823991,Carter Jensen,Kansas City Royals,Kansas City Royals@Los Angeles Angels,Ryan Johnson,Angel Stadium,0.0,0.0,-0.0126,0.44,-0.0377,0.4234,106,0.0,0.0,True
2026-08-16,607043,824965,Brandon Nimmo,Texas Rangers,Texas Rangers@Athletics,Jacob Lopez,Sutter Health Park,0.0,0.0,0.0089,0.412,0.0267,0.423,107,0.0,0.0,True
2026-08-16,673237,824156,Yainer Diaz,Houston Astros,Seattle Mariners@Houston Astros,Bryan Woo,Daikin Park,0.0,0.0,0.0138,0.405,0.0415,0.4218,108,0.0,0.0,True
2026-08-16,668904,823670,Royce Lewis,Minnesota Twins,Philadelphia Phillies@Minnesota Twins,Andrew Painter,Target Field,0.0,0.0,-0.017,0.444,-0.0509,0.4214,109,0.0,0.0,True
2026-08-16,606466,824880,Ketel Marte,Arizona Diamondbacks,Arizona Diamondbacks@Atlanta Braves,Bryce Elder,Truist Park,0.0,0.0,0.0043,0.412,0.0129,0.4173,110,0.0,0.0,True
2026-08-16,687462,823344,Spencer Horwitz,Pittsburgh Pirates,Boston Red Sox@Pittsburgh Pirates,Patrick Sandoval,PNC Park,0.0,0.0,-0.0078,0.427,-0.0234,0.417,111,0.0,0.0,True
2026-08-16,668723,822940,Ryan Vilade,Tampa Bay Rays,Baltimore Orioles@Tampa Bay Rays,Trevor Rogers,Tropicana Field,0.0,0.0,-0.0263,0.452,-0.079,0.4163,112,1.0,1.0,True
2026-08-16,670764,822940,Taylor Walls,Tampa Bay Rays,Baltimore Orioles@Tampa Bay Rays,Trevor Rogers,Tropicana Field,0.0,0.0,-0.0085,0.427,-0.0255,0.4161,113,0.0,0.0,True
2026-08-16,669224,822774,Austin Wells,New York Yankees,New York Yankees@Toronto Blue Jays,Dylan Cease,Rogers Centre,0.0,0.0,-0.0456,0.481,-0.1368,0.4152,114,0.0,0.0,True
2026-08-16,701678,824236,Hao-Yu Lee,Detroit Tigers,Chicago White Sox@Detroit Tigers,Sean Burke,Comerica Park,0.0,0.0,-0.0214,0.44,-0.0641,0.4118,115,0.0,0.0,True
2026-08-16,670231,823991,John Rave,Kansas City Royals,Kansas City Royals@Los Angeles Angels,Ryan Johnson,Angel Stadium,0.0,0.0,0.0,0.411,0.0,0.411,116,0.0,0.0,True
2026-08-16,680776,823344,Jarren Duran,Boston Red Sox,Boston Red Sox@Pittsburgh Pirates,Lake Bachar,PNC Park,0.0,0.0,-0.0093,0.412,-0.0279,0.4005,117,0.0,0.0,True
2026-08-16,608369,824965,Corey Seager,Texas Rangers,Texas Rangers@Athletics,Jacob Lopez,Sutter Health Park,0.0,0.0,-0.0129,0.416,-0.0387,0.3999,118,0.0,0.0,True
2026-08-16,682998,824880,Corbin Carroll,Arizona Diamondbacks,Arizona Diamondbacks@Atlanta Braves,Bryce Elder,Truist Park,0.0,0.0,0.0074,0.391,0.0223,0.3997,119,0.0,0.0,True
2026-08-16,683734,823912,Andrew Vaughn,Milwaukee Brewers,Milwaukee Brewers@Los Angeles Dodgers,Tarik Skubal,UNIQLO Field at Dodger Stadium,0.0,0.0,-0.0146,0.416,-0.0437,0.3978,120,0.0,0.0,True
2026-08-16,677649,824965,Ezequiel Duran,Texas Rangers,Texas Rangers@Athletics,Jacob Lopez,Sutter Health Park,0.0,0.0,-0.0096,0.405,-0.0289,0.3933,121,0.0,0.0,True
2026-08-16,643217,824236,Andrew Benintendi,Chicago White Sox,Chicago White Sox@Detroit Tigers,Drew Anderson,Comerica Park,0.0,0.0,-0.0534,0.466,-0.1603,0.3913,122,0.0,0.0,True
2026-08-16,650490,822940,Yandy Díaz,Tampa Bay Rays,Baltimore Orioles@Tampa Bay Rays,Trevor Rogers,Tropicana Field,0.0,0.0,0.0152,0.372,0.0457,0.389,123,0.0,0.0,True
2026-08-16,656537,823670,Derek Hill,Philadelphia Phillies,Philadelphia Phillies@Minnesota Twins,Dean Kremer,Target Field,0.0,0.0,0.0,0.384,0.0,0.384,124,0.0,0.0,True
2026-08-16,518595,823991,Travis d'Arnaud,Los Angeles Angels,Kansas City Royals@Los Angeles Angels,Noah Cameron,Angel Stadium,0.0,0.0,-0.0045,0.385,-0.0135,0.3798,125,0.0,0.0,True
2026-08-16,671277,822774,Luis García Jr.,New York Yankees,New York Yankees@Toronto Blue Jays,Dylan Cease,Rogers Centre,0.0,0.0,-0.0219,0.405,-0.0657,0.3784,126,0.0,0.0,True
2026-08-16,663330,823344,Jahmai Jones,Boston Red Sox,Boston Red Sox@Pittsburgh Pirates,Lake Bachar,PNC Park,0.0,0.0,0.0303,0.342,0.0909,0.3731,127,0.0,0.0,True
2026-08-16,661531,824965,Brian Serven,Athletics,Texas Rangers@Athletics,Cody Bradford,Sutter Health Park,0.0,0.0,0.0032,0.366,0.0096,0.3695,128,0.0,0.0,True
2026-08-16,694673,823590,Abimelec Ortiz,Washington Nationals,Washington Nationals@New York Mets,Christian Scott,Citi Field,0.0,0.0,0.0279,0.34,0.0838,0.3685,129,1.0,1.0,True
2026-08-16,663616,823670,Trevor Larnach,Minnesota Twins,Philadelphia Phillies@Minnesota Twins,Andrew Painter,Target Field,0.0,0.0,-0.0305,0.405,-0.0916,0.3679,130,0.0,0.0,True
2026-08-16,703607,824965,Henry Bolte,Athletics,Texas Rangers@Athletics,Cody Bradford,Sutter Health Park,0.0,0.0,-0.0066,0.375,-0.0197,0.3676,131,0.0,0.0,True
2026-08-16,695670,823590,Harry Ford,Washington Nationals,Washington Nationals@New York Mets,Christian Scott,Citi Field,0.0,0.0,0.0215,0.345,0.0646,0.3673,132,0.0,0.0,True
2026-08-16,805808,824236,Kevin McGonigle,Detroit Tigers,Chicago White Sox@Detroit Tigers,Sean Burke,Comerica Park,0.0,0.0,0.0047,0.361,0.0141,0.3661,133,0.0,0.0,True
2026-08-16,663538,824642,Nico Hoerner,Chicago Cubs,St. Louis Cardinals@Chicago Cubs,Hunter Dobbins,Wrigley Field,0.0,0.0,0.0101,0.355,0.0304,0.3658,134,0.0,0.0,True
2026-08-16,694378,823344,Jacob Gonzalez,Pittsburgh Pirates,Boston Red Sox@Pittsburgh Pirates,Patrick Sandoval,PNC Park,0.0,0.0,-0.0096,0.375,-0.0288,0.3642,135,0.0,0.0,True
2026-08-16,676369,824156,Nelson Velázquez,Houston Astros,Seattle Mariners@Houston Astros,Bryan Woo,Daikin Park,0.0,0.0,-0.0052,0.368,-0.0155,0.3623,136,0.0,0.0,True
2026-08-16,672386,822774,Alejandro Kirk,Toronto Blue Jays,New York Yankees@Toronto Blue Jays,Ryan Weathers,Rogers Centre,0.0,0.0,0.0275,0.334,0.0826,0.3616,137,0.0,0.0,True
2026-08-16,681624,823912,Andy Pages,Los Angeles Dodgers,Milwaukee Brewers@Los Angeles Dodgers,Logan Henderson,UNIQLO Field at Dodger Stadium,0.0,0.0,-0.0148,0.378,-0.0444,0.3612,138,1.0,1.0,True
2026-08-16,607208,823670,Trea Turner,Philadelphia Phillies,Philadelphia Phillies@Minnesota Twins,Dean Kremer,Target Field,0.0,0.0,0.004,0.355,0.0121,0.3593,139,0.0,0.0,True
2026-08-16,694197,824397,Angel Genao,Cleveland Guardians,San Diego Padres@Cleveland Guardians,Casey Mize,Progressive Field,0.0,0.0,0.0172,0.34,0.0515,0.3575,140,0.0,0.0,True
2026-08-16,622761,822940,Jorge Mateo,Tampa Bay Rays,Baltimore Orioles@Tampa Bay Rays,Trevor Rogers,Tropicana Field,0.0,0.0,0.0,0.357,0.0,0.357,141,0.0,0.0,True
2026-08-16,543510,824880,James McCann,Arizona Diamondbacks,Arizona Diamondbacks@Atlanta Braves,Bryce Elder,Truist Park,0.0,0.0,0.021,0.334,0.0629,0.355,142,0.0,0.0,True
2026-08-16,683748,822940,Victor Mesa Jr.,Tampa Bay Rays,Baltimore Orioles@Tampa Bay Rays,Trevor Rogers,Tropicana Field,0.0,0.0,-0.019,0.375,-0.0571,0.3536,143,0.0,0.0,True
2026-08-16,682663,824477,Agustín Ramírez,Miami Marlins,Miami Marlins@Cincinnati Reds,Nick Lodolo,Great American Ball Park,0.0,0.0,-0.0077,0.358,-0.0232,0.3497,144,0.0,0.0,True
2026-08-16,701785,823670,Kaelen Culpepper,Minnesota Twins,Philadelphia Phillies@Minnesota Twins,Andrew Painter,Target Field,0.0,0.0,0.0097,0.338,0.029,0.3478,145,0.0,0.0,True
2026-08-16,669394,824965,Jake Burger,Texas Rangers,Texas Rangers@Athletics,Jacob Lopez,Sutter Health Park,0.0,0.0,-0.026,0.375,-0.0779,0.3458,146,1.0,1.0,True
2026-08-16,682988,824880,Tyler Locklear,Arizona Diamondbacks,Arizona Diamondbacks@Atlanta Braves,Bryce Elder,Truist Park,0.0,0.0,-0.0279,0.377,-0.0838,0.3454,147,0.0,0.0,True
2026-08-16,687605,823590,Andrew Pinckney,Washington Nationals,Washington Nationals@New York Mets,Christian Scott,Citi Field,0.0,0.0,0.0,0.345,0.0,0.345,148,0.0,0.0,True
2026-08-16,545361,823991,Mike Trout,Los Angeles Angels,Kansas City Royals@Los Angeles Angels,Noah Cameron,Angel Stadium,0.0,0.0,0.0269,0.314,0.0806,0.3393,149,0.0,0.0,True
2026-08-16,664023,824642,Ian Happ,Chicago Cubs,St. Louis Cardinals@Chicago Cubs,Hunter Dobbins,Wrigley Field,0.0,0.0,-0.0108,0.35,-0.0323,0.3387,150,0.0,0.0,True
2026-08-16,699625,824642,Jimmy Crooks,St. Louis Cardinals,St. Louis Cardinals@Chicago Cubs,Edward Cabrera,Wrigley Field,0.0,0.0,0.0,0.337,0.0,0.337,151,0.0,0.0,True
2026-08-16,593428,824397,Xander Bogaerts,San Diego Padres,San Diego Padres@Cleveland Guardians,Tanner Bibee,Progressive Field,0.0,0.0,0.009,0.327,0.0269,0.3358,152,0.0,0.0,True
2026-08-16,665923,824477,Esteury Ruiz,Miami Marlins,Miami Marlins@Cincinnati Reds,Nick Lodolo,Great American Ball Park,0.0,0.0,0.0099,0.323,0.0297,0.3326,153,0.0,0.0,True
2026-08-16,516782,823991,Starling Marte,Kansas City Royals,Kansas City Royals@Los Angeles Angels,Ryan Johnson,Angel Stadium,0.0,0.0,-0.0152,0.348,-0.0457,0.3321,154,0.0,0.0,True
2026-08-16,701807,823590,Carson Benge,New York Mets,Washington Nationals@New York Mets,Jake Irvin,Citi Field,0.0,0.0,0.04,0.296,0.1199,0.3315,155,0.0,0.0,True
2026-08-16,664983,823182,Jake McCarthy,Colorado Rockies,Colorado Rockies@San Francisco Giants,Blade Tidwell,Oracle Park,0.0,0.0,-0.0133,0.344,-0.0398,0.3303,156,0.0,0.0,True
2026-08-16,804668,823344,Rafael Flores Jr.,Pittsburgh Pirates,Boston Red Sox@Pittsburgh Pirates,Patrick Sandoval,PNC Park,0.0,0.0,-0.0069,0.335,-0.0206,0.3281,157,0.0,0.0,True
2026-08-16,650559,823670,Bryan De La Cruz,Philadelphia Phillies,Philadelphia Phillies@Minnesota Twins,Dean Kremer,Target Field,0.0,0.0,0.0045,0.323,0.0136,0.3274,158,0.0,0.0,True
2026-08-16,621020,824642,Dansby Swanson,Chicago Cubs,St. Louis Cardinals@Chicago Cubs,Hunter Dobbins,Wrigley Field,0.0,0.0,-0.001,0.327,-0.0031,0.326,159,0.0,0.0,True
2026-08-16,806146,822774,George Lombard Jr.,New York Yankees,New York Yankees@Toronto Blue Jays,Dylan Cease,Rogers Centre,0.0,0.0,-0.0317,0.359,-0.095,0.3249,160,0.0,0.0,True
2026-08-16,663993,824397,Nathaniel Lowe,Cleveland Guardians,San Diego Padres@Cleveland Guardians,Casey Mize,Progressive Field,0.0,0.0,-0.0026,0.327,-0.008,0.3244,161,0.0,0.0,True
2026-08-16,687749,824397,Jase Bowen,San Diego Padres,San Diego Padres@Cleveland Guardians,Tanner Bibee,Progressive Field,0.0,0.0,-0.0312,0.357,-0.0936,0.3236,162,1.0,1.0,True
2026-08-16,672356,823590,Gabriel Arias,New York Mets,Washington Nationals@New York Mets,Jake Irvin,Citi Field,0.0,0.0,-0.0232,0.347,-0.0697,0.3228,163,0.0,0.0,True
2026-08-16,681047,822940,Christian Franklin,Baltimore Orioles,Baltimore Orioles@Tampa Bay Rays,Freddy Peralta,Tropicana Field,0.0,0.0,0.0279,0.297,0.0838,0.3219,164,0.0,0.0,True
2026-08-16,571912,823991,Luke Maile,Kansas City Royals,Kansas City Royals@Los Angeles Angels,Ryan Johnson,Angel Stadium,0.0,0.0,0.0,0.32,0.0,0.32,165,0.0,0.0,True
2026-08-16,670541,824156,Yordan Alvarez,Houston Astros,Seattle Mariners@Houston Astros,Bryan Woo,Daikin Park,0.0,0.0,0.0081,0.308,0.0244,0.3155,166,0.0,0.0,True
2026-08-16,686611,823590,Dylan Crews,Washington Nationals,Washington Nationals@New York Mets,Christian Scott,Citi Field,0.0,0.0,-0.0058,0.321,-0.0174,0.3154,167,0.0,0.0,True
2026-08-16,668670,824236,Jake Rogers,Chicago White Sox,Chicago White Sox@Detroit Tigers,Drew Anderson,Comerica Park,0.0,0.0,-0.0081,0.323,-0.0241,0.3152,168,0.0,0.0,True
2026-08-16,690984,824397,Petey Halpin,Cleveland Guardians,San Diego Padres@Cleveland Guardians,Casey Mize,Progressive Field,0.0,0.0,-0.0079,0.321,-0.0237,0.3134,169,0.0,0.0,True
2026-08-16,640459,824477,Brian Navarreto,Miami Marlins,Miami Marlins@Cincinnati Reds,Nick Lodolo,Great American Ball Park,0.0,0.0,0.0,0.311,0.0,0.311,170,0.0,0.0,True
2026-08-16,676439,823912,Hunter Feduccia,Los Angeles Dodgers,Milwaukee Brewers@Los Angeles Dodgers,Logan Henderson,UNIQLO Field at Dodger Stadium,0.0,0.0,-0.0296,0.341,-0.0889,0.3107,171,0.0,0.0,True
2026-08-16,647304,824156,Josh Naylor,Seattle Mariners,Seattle Mariners@Houston Astros,Hunter Brown,Daikin Park,0.0,0.0,0.0156,0.296,0.047,0.3099,172,0.0,0.0,True
2026-08-16,801126,824156,Brock Rodden,Seattle Mariners,Seattle Mariners@Houston Astros,Hunter Brown,Daikin Park,0.0,0.0,0.0109,0.3,0.0327,0.3098,173,0.0,0.0,True
2026-08-16,813841,823182,Jonah Cox,San Francisco Giants,Colorado Rockies@San Francisco Giants,Gabriel Hughes,Oracle Park,0.0,0.0,0.0,0.308,0.0,0.308,174,0.0,0.0,True
2026-08-16,571771,823912,Enrique Hernández,Los Angeles Dodgers,Milwaukee Brewers@Los Angeles Dodgers,Logan Henderson,UNIQLO Field at Dodger Stadium,0.0,0.0,-0.0324,0.34,-0.0971,0.307,175,0.0,0.0,True
2026-08-16,695657,824236,Colson Montgomery,Chicago White Sox,Chicago White Sox@Detroit Tigers,Drew Anderson,Comerica Park,0.0,0.0,-0.0484,0.358,-0.1453,0.306,176,0.0,0.0,True
2026-08-16,665506,823590,Cristian Pache,New York Mets,Washington Nationals@New York Mets,Jake Irvin,Citi Field,0.0,0.0,0.0,0.305,0.0,0.305,177,0.0,0.0,True
2026-08-16,666163,823912,Ben Rortvedt,Los Angeles Dodgers,Milwaukee Brewers@Los Angeles Dodgers,Logan Henderson,UNIQLO Field at Dodger Stadium,0.0,0.0,0.0,0.305,0.0,0.305,178,0.0,0.0,True
2026-08-16,701649,824642,James Triantos,Chicago Cubs,St. Louis Cardinals@Chicago Cubs,Hunter Dobbins,Wrigley Field,0.0,0.0,0.0,0.302,0.0,0.302,179,0.0,0.0,True
2026-08-16,521692,823991,Salvador Perez,Kansas City Royals,Kansas City Royals@Los Angeles Angels,Ryan Johnson,Angel Stadium,0.0,0.0,0.0067,0.296,0.0199,0.3019,180,0.0,0.0,True
2026-08-16,663968,823344,Jake Mangum,Pittsburgh Pirates,Boston Red Sox@Pittsburgh Pirates,Patrick Sandoval,PNC Park,0.0,0.0,0.0317,0.275,0.0953,0.3012,181,0.0,0.0,True
2026-08-16,687394,823344,Jack Brannigan,Pittsburgh Pirates,Boston Red Sox@Pittsburgh Pirates,Patrick Sandoval,PNC Park,0.0,0.0,0.0,0.3,0.0,0.3,182,0.0,0.0,True
2026-08-16,663662,822774,Daz Cameron,Toronto Blue Jays,New York Yankees@Toronto Blue Jays,Ryan Weathers,Rogers Centre,0.0,0.0,0.0,0.3,0.0,0.3,183,0.0,0.0,True
2026-08-16,814430,824236,Brett Callahan,Detroit Tigers,Chicago White Sox@Detroit Tigers,Sean Burke,Comerica Park,0.0,0.0,0.0,0.3,0.0,0.3,184,0.0,0.0,True
2026-08-16,667452,824236,Corey Julks,Detroit Tigers,Chicago White Sox@Detroit Tigers,Sean Burke,Comerica Park,0.0,0.0,0.0,0.3,0.0,0.3,185,0.0,0.0,True
2026-08-16,669911,824477,Michael Toglia,Cincinnati Reds,Miami Marlins@Cincinnati Reds,Eury Pérez,Great American Ball Park,0.0,0.0,0.0,0.3,0.0,0.3,186,0.0,0.0,True
2026-08-16,695491,824642,Joshua Báez,St. Louis Cardinals,St. Louis Cardinals@Chicago Cubs,Edward Cabrera,Wrigley Field,0.0,0.0,0.0,0.3,0.0,0.3,187,0.0,0.0,True
2026-08-16,668800,823182,Andrew Knizner,San Francisco Giants,Colorado Rockies@San Francisco Giants,Gabriel Hughes,Oracle Park,0.0,0.0,0.0,0.3,0.0,0.3,188,0.0,0.0,True
2026-08-16,806367,823182,Turner Hill,San Francisco Giants,Colorado Rockies@San Francisco Giants,Gabriel Hughes,Oracle Park,0.0,0.0,0.0,0.3,0.0,0.3,189,0.0,0.0,True
2026-08-16,691182,823182,Adael Amador,Colorado Rockies,Colorado Rockies@San Francisco Giants,Blade Tidwell,Oracle Park,0.0,0.0,0.0,0.3,0.0,0.3,190,1.0,1.0,True
2026-08-16,691728,823182,Zac Veen,Colorado Rockies,Colorado Rockies@San Francisco Giants,Blade Tidwell,Oracle Park,0.0,0.0,0.0,0.3,0.0,0.3,191,0.0,0.0,True
2026-08-16,687093,823991,Vaughn Grissom,Los Angeles Angels,Kansas City Royals@Los Angeles Angels,Noah Cameron,Angel Stadium,0.0,0.0,0.0024,0.29,0.0072,0.2921,192,0.0,0.0,True
2026-08-16,669242,823912,Tommy Edman,Los Angeles Dodgers,Milwaukee Brewers@Los Angeles Dodgers,Logan Henderson,UNIQLO Field at Dodger Stadium,0.0,0.0,-0.0233,0.314,-0.0697,0.2921,193,0.0,0.0,True
2026-08-16,677588,823590,José Tena,Washington Nationals,Washington Nationals@New York Mets,Christian Scott,Citi Field,0.0,0.0,-0.0214,0.312,-0.0641,0.292,194,0.0,0.0,True
2026-08-16,700250,822774,Ben Rice,New York Yankees,New York Yankees@Toronto Blue Jays,Dylan Cease,Rogers Centre,0.0,0.0,-0.0533,0.342,-0.1599,0.2873,195,1.0,1.0,True
2026-08-16,807727,822774,Charles McAdoo,Toronto Blue Jays,New York Yankees@Toronto Blue Jays,Ryan Weathers,Rogers Centre,0.0,0.0,-0.0102,0.296,-0.0307,0.2869,196,0.0,0.0,True
2026-08-16,682927,823344,Ronny Simon,Pittsburgh Pirates,Boston Red Sox@Pittsburgh Pirates,Patrick Sandoval,PNC Park,0.0,0.0,0.0129,0.273,0.0388,0.2836,197,0.0,0.0,True
2026-08-16,689414,822940,Liam Hicks,Tampa Bay Rays,Baltimore Orioles@Tampa Bay Rays,Trevor Rogers,Tropicana Field,0.0,0.0,0.01,0.275,0.0302,0.2833,198,0.0,0.0,True
2026-08-16,703520,822774,Brett Bateman,Toronto Blue Jays,New York Yankees@Toronto Blue Jays,Ryan Weathers,Rogers Centre,0.0,0.0,-0.0131,0.294,-0.0395,0.2824,199,0.0,0.0,True
2026-08-16,620443,823590,Luis Torrens,New York Mets,Washington Nationals@New York Mets,Jake Irvin,Citi Field,0.0,0.0,0.0321,0.256,0.0965,0.2807,200,1.0,1.0,True
2026-08-16,687597,823182,Jordan Beck,Colorado Rockies,Colorado Rockies@San Francisco Giants,Blade Tidwell,Oracle Park,0.0,0.0,0.0023,0.277,0.0069,0.2789,201,0.0,0.0,True
2026-08-16,683227,824965,Cody Freeman,Texas Rangers,Texas Rangers@Athletics,Jacob Lopez,Sutter Health Park,0.0,0.0,0.0,0.278,0.0,0.278,202,0.0,0.0,True
2026-08-16,686797,823670,Brooks Lee,Minnesota Twins,Philadelphia Phillies@Minnesota Twins,Andrew Painter,Target Field,0.0,0.0,-0.0218,0.296,-0.0655,0.2766,203,1.0,1.0,True
2026-08-16,641680,824965,Jonah Heim,Athletics,Texas Rangers@Athletics,Cody Bradford,Sutter Health Park,0.0,0.0,-0.0041,0.28,-0.0121,0.2766,204,0.0,0.0,True
2026-08-16,702176,823670,Alan Roden,Minnesota Twins,Philadelphia Phillies@Minnesota Twins,Andrew Painter,Target Field,0.0,0.0,-0.0019,0.278,-0.0058,0.2764,205,0.0,0.0,True
2026-08-16,665804,824642,Miguel Amaya,Chicago Cubs,St. Louis Cardinals@Chicago Cubs,Hunter Dobbins,Wrigley Field,0.0,0.0,0.0002,0.276,0.0007,0.2762,206,1.0,1.0,True
2026-08-16,668930,823912,Brice Turang,Milwaukee Brewers,Milwaukee Brewers@Los Angeles Dodgers,Tarik Skubal,UNIQLO Field at Dodger Stadium,0.0,0.0,-0.0166,0.29,-0.0497,0.2756,207,0.0,0.0,True
2026-08-16,701852,823182,Drew Cavanaugh,San Francisco Giants,Colorado Rockies@San Francisco Giants,Gabriel Hughes,Oracle Park,0.0,0.0,-0.0037,0.276,-0.0112,0.2729,208,0.0,0.0,True
2026-08-16,669720,824397,Austin Hays,San Diego Padres,San Diego Padres@Cleveland Guardians,Tanner Bibee,Progressive Field,0.0,0.0,0.0,0.27,0.0,0.27,209,0.0,0.0,True
2026-08-16,800050,824397,Chase DeLauter,Cleveland Guardians,San Diego Padres@Cleveland Guardians,Casey Mize,Progressive Field,0.0,0.0,-0.0177,0.285,-0.053,0.2699,210,0.0,0.0,True
2026-08-16,650859,824397,Luis Rengifo,San Diego Padres,San Diego Padres@Cleveland Guardians,Tanner Bibee,Progressive Field,0.0,0.0,-0.0066,0.275,-0.0196,0.2696,211,1.0,1.0,True
2026-08-16,543807,822774,George Springer,Toronto Blue Jays,New York Yankees@Toronto Blue Jays,Ryan Weathers,Rogers Centre,0.0,0.0,-0.015,0.28,-0.045,0.2674,212,0.0,0.0,True
2026-08-16,680716,823912,Jonathan Ornelas,Milwaukee Brewers,Milwaukee Brewers@Los Angeles Dodgers,Tarik Skubal,UNIQLO Field at Dodger Stadium,0.0,0.0,-0.0375,0.297,-0.1125,0.2636,213,0.0,0.0,True
2026-08-16,665019,823670,Kody Clemens,Minnesota Twins,Philadelphia Phillies@Minnesota Twins,Andrew Painter,Target Field,0.0,0.0,-0.0251,0.285,-0.0754,0.2635,214,1.0,1.0,True
2026-08-16,645305,822774,Ali Sánchez,New York Yankees,New York Yankees@Toronto Blue Jays,Dylan Cease,Rogers Centre,0.0,0.0,0.0198,0.248,0.0593,0.2627,215,0.0,0.0,True
2026-08-16,691011,824236,Drew Romo,Chicago White Sox,Chicago White Sox@Detroit Tigers,Drew Anderson,Comerica Park,0.0,0.0,-0.0115,0.271,-0.0343,0.2617,216,1.0,1.0,True
2026-08-16,671083,823182,Buddy Kennedy,San Francisco Giants,Colorado Rockies@San Francisco Giants,Gabriel Hughes,Oracle Park,0.0,0.0,-0.0212,0.278,-0.0637,0.2603,217,0.0,0.0,True
2026-08-16,701162,824236,Ben Malgeri,Detroit Tigers,Chicago White Sox@Detroit Tigers,Sean Burke,Comerica Park,0.0,0.0,-0.0058,0.264,-0.0174,0.2594,218,0.0,0.0,True
2026-08-16,699302,824477,Héctor Rodríguez,Cincinnati Reds,Miami Marlins@Cincinnati Reds,Eury Pérez,Great American Ball Park,0.0,0.0,-0.0331,0.288,-0.0993,0.2594,219,0.0,0.0,True
2026-08-16,642215,824156,Weston Wilson,Seattle Mariners,Seattle Mariners@Houston Astros,Hunter Brown,Daikin Park,0.0,0.0,-0.0147,0.27,-0.0441,0.2581,220,0.0,0.0,True
2026-08-16,686668,824236,Brenton Doyle,Chicago White Sox,Chicago White Sox@Detroit Tigers,Drew Anderson,Comerica Park,0.0,0.0,-0.0015,0.259,-0.0046,0.2578,221,0.0,0.0,True
2026-08-16,650968,822940,Yohel Pozo,Baltimore Orioles,Baltimore Orioles@Tampa Bay Rays,Freddy Peralta,Tropicana Field,0.0,0.0,0.0,0.257,0.0,0.257,222,0.0,0.0,True
2026-08-16,673490,824880,Ha-Seong Kim,Atlanta Braves,Arizona Diamondbacks@Atlanta Braves,Michael Soroka,Truist Park,0.0,0.0,0.0,0.257,0.0,0.257,223,0.0,0.0,True
2026-08-16,669221,824880,Sean Murphy,Atlanta Braves,Arizona Diamondbacks@Atlanta Braves,Michael Soroka,Truist Park,0.0,0.0,-0.0252,0.278,-0.0755,0.257,224,0.0,0.0,True
2026-08-16,642851,824965,Austin Wynns,Texas Rangers,Texas Rangers@Athletics,Jacob Lopez,Sutter Health Park,0.0,0.0,0.0,0.257,0.0,0.257,225,0.0,0.0,True
2026-08-16,500743,823912,Miguel Rojas,Los Angeles Dodgers,Milwaukee Brewers@Los Angeles Dodgers,Logan Henderson,UNIQLO Field at Dodger Stadium,0.0,0.0,-0.0157,0.269,-0.0472,0.2563,226,0.0,0.0,True
2026-08-16,657136,823344,Connor Wong,Boston Red Sox,Boston Red Sox@Pittsburgh Pirates,Lake Bachar,PNC Park,0.0,0.0,0.0041,0.253,0.0123,0.2561,227,1.0,1.0,True
2026-08-16,686780,824642,Pedro Pagés,St. Louis Cardinals,St. Louis Cardinals@Chicago Cubs,Edward Cabrera,Wrigley Field,0.0,0.0,0.0,0.256,0.0,0.256,228,0.0,0.0,True
2026-08-16,656555,824397,Rhys Hoskins,Cleveland Guardians,San Diego Padres@Cleveland Guardians,Casey Mize,Progressive Field,0.0,0.0,0.0093,0.248,0.0278,0.2549,229,0.0,0.0,True
2026-08-16,678489,824880,Jorge Barrosa,Arizona Diamondbacks,Arizona Diamondbacks@Atlanta Braves,Bryce Elder,Truist Park,0.0,0.0,-0.0031,0.256,-0.0094,0.2536,230,0.0,0.0,True
2026-08-16,657757,824397,Gavin Sheets,San Diego Padres,San Diego Padres@Cleveland Guardians,Tanner Bibee,Progressive Field,0.0,0.0,-0.0059,0.256,-0.0176,0.2515,231,1.0,1.0,True
2026-08-16,593871,823590,Jorge Polanco,New York Mets,Washington Nationals@New York Mets,Jake Irvin,Citi Field,0.0,0.0,-0.007,0.256,-0.0211,0.2506,232,0.0,0.0,True
2026-08-16,672284,824965,Jarred Kelenic,Texas Rangers,Texas Rangers@Athletics,Jacob Lopez,Sutter Health Park,0.0,0.0,0.0,0.248,0.0,0.248,233,0.0,0.0,True
2026-08-16,665966,822940,Carlos Narváez,Baltimore Orioles,Baltimore Orioles@Tampa Bay Rays,Freddy Peralta,Tropicana Field,0.0,0.0,-0.0004,0.248,-0.0012,0.2477,234,0.0,0.0,True
2026-08-16,621438,824642,Tyrone Taylor,Chicago Cubs,St. Louis Cardinals@Chicago Cubs,Hunter Dobbins,Wrigley Field,0.0,0.0,-0.0006,0.248,-0.0016,0.2476,235,0.0,0.0,True
2026-08-16,702332,823344,Caleb Durbin,Boston Red Sox,Boston Red Sox@Pittsburgh Pirates,Lake Bachar,PNC Park,0.0,0.0,-0.0029,0.248,-0.0089,0.2458,236,0.0,0.0,True
2026-08-16,695257,823344,Billy Cook,Pittsburgh Pirates,Boston Red Sox@Pittsburgh Pirates,Patrick Sandoval,PNC Park,0.0,0.0,0.0,0.245,0.0,0.245,237,0.0,0.0,True
2026-08-16,672695,824880,Geraldo Perdomo,Arizona Diamondbacks,Arizona Diamondbacks@Atlanta Braves,Bryce Elder,Truist Park,0.0,0.0,0.0112,0.237,0.0338,0.245,238,0.0,0.0,True
2026-08-16,660821,822774,Jesús Sánchez,Toronto Blue Jays,New York Yankees@Toronto Blue Jays,Ryan Weathers,Rogers Centre,0.0,0.0,-0.0101,0.248,-0.0302,0.2405,239,0.0,0.0,True
2026-08-16,679822,824965,Justin Foscue,Texas Rangers,Texas Rangers@Athletics,Jacob Lopez,Sutter Health Park,0.0,0.0,-0.0231,0.256,-0.0691,0.2383,240,0.0,0.0,True
2026-08-16,671056,824642,Iván Herrera,St. Louis Cardinals,St. Louis Cardinals@Chicago Cubs,Edward Cabrera,Wrigley Field,0.0,0.0,0.0,0.237,0.0,0.237,241,0.0,0.0,True
2026-08-16,666182,823590,Bo Bichette,New York Mets,Washington Nationals@New York Mets,Jake Irvin,Citi Field,0.0,0.0,0.0042,0.233,0.0124,0.2359,242,0.0,0.0,True
2026-08-16,688363,824477,Graham Pauley,Miami Marlins,Miami Marlins@Cincinnati Reds,Nick Lodolo,Great American Ball Park,0.0,0.0,0.0117,0.226,0.035,0.2339,243,0.0,0.0,True
2026-08-16,669134,824397,Luis Campusano,San Diego Padres,San Diego Padres@Cleveland Guardians,Tanner Bibee,Progressive Field,0.0,0.0,0.0308,0.214,0.0925,0.2338,244,0.0,0.0,True
2026-08-16,699393,824642,Pedro Ramírez,Chicago Cubs,St. Louis Cardinals@Chicago Cubs,Hunter Dobbins,Wrigley Field,0.0,0.0,0.0093,0.226,0.0279,0.2323,245,0.0,0.0,True
2026-08-16,823550,824397,Sung-Mun Song,San Diego Padres,San Diego Padres@Cleveland Guardians,Tanner Bibee,Progressive Field,0.0,0.0,-0.0116,0.24,-0.035,0.2316,246,0.0,0.0,True
2026-08-16,595978,824397,Austin Hedges,Cleveland Guardians,San Diego Padres@Cleveland Guardians,Casey Mize,Progressive Field,0.0,0.0,-0.0084,0.237,-0.0253,0.231,247,0.0,0.0,True
2026-08-16,687551,823182,Drew Gilbert,San Francisco Giants,Colorado Rockies@San Francisco Giants,Gabriel Hughes,Oracle Park,0.0,0.0,0.0073,0.226,0.0217,0.2309,248,0.0,0.0,True
2026-08-16,668885,823670,Austin Martin,Minnesota Twins,Philadelphia Phillies@Minnesota Twins,Andrew Painter,Target Field,0.0,0.0,-0.0346,0.256,-0.1039,0.2294,249,0.0,0.0,True
2026-08-16,596117,823670,Garrett Stubbs,Philadelphia Phillies,Philadelphia Phillies@Minnesota Twins,Dean Kremer,Target Field,0.0,0.0,-0.0156,0.24,-0.0467,0.2288,250,0.0,0.0,True
2026-08-16,680977,824156,Brendan Donovan,Seattle Mariners,Seattle Mariners@Houston Astros,Hunter Brown,Daikin Park,0.0,0.0,-0.0181,0.241,-0.0544,0.2279,251,0.0,0.0,True
2026-08-16,553869,824965,Elias Díaz,Texas Rangers,Texas Rangers@Athletics,Jacob Lopez,Sutter Health Park,0.0,0.0,-0.0382,0.256,-0.1145,0.2267,252,0.0,0.0,True
2026-08-16,605141,823912,Mookie Betts,Los Angeles Dodgers,Milwaukee Brewers@Los Angeles Dodgers,Logan Henderson,UNIQLO Field at Dodger Stadium,0.0,0.0,-0.0337,0.252,-0.1012,0.2265,253,0.0,0.0,True
2026-08-16,687637,822940,Dylan Beavers,Baltimore Orioles,Baltimore Orioles@Tampa Bay Rays,Freddy Peralta,Tropicana Field,0.0,0.0,-0.0002,0.226,-0.0004,0.2259,254,0.0,0.0,True
2026-08-16,678662,823182,Ezequiel Tovar,Colorado Rockies,Colorado Rockies@San Francisco Giants,Blade Tidwell,Oracle Park,0.0,0.0,-0.0069,0.226,-0.0208,0.2213,255,0.0,0.0,True
2026-08-16,640902,824156,Jhonny Pereda,Seattle Mariners,Seattle Mariners@Houston Astros,Hunter Brown,Daikin Park,0.0,0.0,0.0,0.22,0.0,0.22,256,0.0,0.0,True
2026-08-16,687952,822940,Christian Encarnacion-Strand,Baltimore Orioles,Baltimore Orioles@Tampa Bay Rays,Freddy Peralta,Tropicana Field,0.0,0.0,-0.0011,0.22,-0.0032,0.2193,257,0.0,0.0,True
2026-08-16,624428,823991,Adam Frazier,Los Angeles Angels,Kansas City Royals@Los Angeles Angels,Noah Cameron,Angel Stadium,0.0,0.0,-0.0041,0.222,-0.0122,0.2193,258,0.0,0.0,True
2026-08-16,676609,822774,José Caballero,New York Yankees,New York Yankees@Toronto Blue Jays,Dylan Cease,Rogers Centre,0.0,0.0,-0.0212,0.233,-0.0635,0.2182,259,0.0,0.0,True
2026-08-16,663647,824477,Ke'Bryan Hayes,Cincinnati Reds,Miami Marlins@Cincinnati Reds,Eury Pérez,Great American Ball Park,0.0,0.0,-0.0044,0.214,-0.0131,0.2112,260,0.0,0.0,True
2026-08-16,699013,823344,Esmerlyn Valdez,Pittsburgh Pirates,Boston Red Sox@Pittsburgh Pirates,Patrick Sandoval,PNC Park,0.0,0.0,-0.0046,0.214,-0.014,0.211,261,0.0,0.0,True
2026-08-16,665862,822774,Jazz Chisholm Jr.,New York Yankees,New York Yankees@Toronto Blue Jays,Dylan Cease,Rogers Centre,0.0,0.0,-0.0603,0.256,-0.1809,0.2097,262,0.0,0.0,True
2026-08-16,671976,824236,Tristan Peters,Chicago White Sox,Chicago White Sox@Detroit Tigers,Drew Anderson,Comerica Park,0.0,0.0,-0.0181,0.22,-0.0541,0.2081,263,0.0,0.0,True
2026-08-16,691781,823590,Brady House,Washington Nationals,Washington Nationals@New York Mets,Christian Scott,Citi Field,0.0,0.0,0.0078,0.202,0.0233,0.2067,264,0.0,0.0,True
2026-08-16,670770,824477,TJ Friedl,Cincinnati Reds,Miami Marlins@Cincinnati Reds,Eury Pérez,Great American Ball Park,0.0,0.0,-0.0476,0.24,-0.1429,0.2057,265,0.0,0.0,True
2026-08-16,624431,824477,Jose Trevino,Cincinnati Reds,Miami Marlins@Cincinnati Reds,Eury Pérez,Great American Ball Park,0.0,0.0,-0.0287,0.225,-0.0862,0.2056,266,0.0,0.0,True
2026-08-16,664954,823182,Brett Sullivan,Colorado Rockies,Colorado Rockies@San Francisco Giants,Blade Tidwell,Oracle Park,0.0,0.0,0.0143,0.197,0.0431,0.2055,267,1.0,1.0,True
2026-08-16,703601,824236,Max Clark,Detroit Tigers,Chicago White Sox@Detroit Tigers,Sean Burke,Comerica Park,0.0,0.0,-0.0049,0.202,-0.0149,0.199,268,0.0,0.0,True
2026-08-16,695731,824236,Braden Montgomery,Chicago White Sox,Chicago White Sox@Detroit Tigers,Drew Anderson,Comerica Park,0.0,0.0,0.0098,0.188,0.0293,0.1935,269,0.0,0.0,True
2026-08-16,641857,822774,Ryan McMahon,New York Yankees,New York Yankees@Toronto Blue Jays,Dylan Cease,Rogers Centre,0.0,0.0,-0.0482,0.226,-0.1447,0.1933,270,0.0,0.0,True
2026-08-16,681393,823182,Connor Norby,Colorado Rockies,Colorado Rockies@San Francisco Giants,Blade Tidwell,Oracle Park,0.0,0.0,0.0,0.192,0.0,0.192,271,0.0,0.0,True
2026-08-16,682657,824397,Angel Martínez,Cleveland Guardians,San Diego Padres@Cleveland Guardians,Casey Mize,Progressive Field,0.0,0.0,-0.0012,0.192,-0.0036,0.1913,272,0.0,0.0,True
2026-08-16,656775,822940,Cedric Mullins,Tampa Bay Rays,Baltimore Orioles@Tampa Bay Rays,Trevor Rogers,Tropicana Field,0.0,0.0,-0.0042,0.192,-0.0125,0.1896,273,0.0,0.0,True
2026-08-16,805300,824477,Jakob Marsee,Miami Marlins,Miami Marlins@Cincinnati Reds,Nick Lodolo,Great American Ball Park,0.0,0.0,0.0259,0.175,0.0777,0.1886,274,0.0,0.0,True
2026-08-16,608348,824642,Carson Kelly,Chicago Cubs,St. Louis Cardinals@Chicago Cubs,Hunter Dobbins,Wrigley Field,0.0,0.0,-0.008,0.192,-0.024,0.1874,275,0.0,0.0,True
2026-08-16,666126,824965,Carlos Cortes,Athletics,Texas Rangers@Athletics,Cody Bradford,Sutter Health Park,0.0,0.0,-0.0082,0.192,-0.0245,0.1873,276,0.0,0.0,True
2026-08-16,669397,824156,Nick Allen,Houston Astros,Seattle Mariners@Houston Astros,Bryan Woo,Daikin Park,0.0,0.0,-0.0113,0.191,-0.034,0.1845,277,1.0,1.0,True
2026-08-16,694203,823991,Denzer Guzman,Los Angeles Angels,Kansas City Royals@Los Angeles Angels,Noah Cameron,Angel Stadium,0.0,0.0,-0.0301,0.202,-0.0901,0.1838,278,0.0,0.0,True
2026-08-16,814439,824880,Ryan Waldschmidt,Arizona Diamondbacks,Arizona Diamondbacks@Atlanta Braves,Bryce Elder,Truist Park,0.0,0.0,0.0081,0.179,0.024,0.1833,279,0.0,0.0,True
2026-08-16,696285,823590,Jacob Young,Washington Nationals,Washington Nationals@New York Mets,Christian Scott,Citi Field,0.0,0.0,0.0217,0.171,0.0649,0.1821,280,0.0,0.0,True
2026-08-16,592663,823670,J.T. Realmuto,Philadelphia Phillies,Philadelphia Phillies@Minnesota Twins,Dean Kremer,Target Field,0.0,0.0,-0.0107,0.188,-0.0319,0.182,281,0.0,0.0,True
2026-08-16,685133,823991,Wade Meckler,Los Angeles Angels,Kansas City Royals@Los Angeles Angels,Noah Cameron,Angel Stadium,0.0,0.0,-0.0132,0.188,-0.0394,0.1806,282,0.0,0.0,True
2026-08-16,676724,823590,Jared Young,New York Mets,Washington Nationals@New York Mets,Jake Irvin,Citi Field,0.0,0.0,0.0186,0.171,0.0556,0.1805,283,0.0,0.0,True
2026-08-16,680777,823670,Ryan Jeffers,Minnesota Twins,Philadelphia Phillies@Minnesota Twins,Andrew Painter,Target Field,0.0,0.0,0.0014,0.175,0.004,0.1757,284,0.0,0.0,True
2026-08-16,643446,824965,Jeff McNeil,Athletics,Texas Rangers@Athletics,Cody Bradford,Sutter Health Park,0.0,0.0,0.0166,0.167,0.0497,0.1753,285,0.0,0.0,True
2026-08-16,502671,822774,Paul Goldschmidt,New York Yankees,New York Yankees@Toronto Blue Jays,Dylan Cease,Rogers Centre,0.0,0.0,-0.0404,0.197,-0.1213,0.1731,286,0.0,0.0,True
2026-08-16,679845,823991,Nick Loftin,Kansas City Royals,Kansas City Royals@Los Angeles Angels,Ryan Johnson,Angel Stadium,0.0,0.0,-0.0004,0.171,-0.0012,0.1708,287,0.0,0.0,True
2026-08-16,702616,822940,Jackson Holliday,Baltimore Orioles,Baltimore Orioles@Tampa Bay Rays,Freddy Peralta,Tropicana Field,0.0,0.0,0.0223,0.16,0.0669,0.1707,288,0.0,0.0,True
2026-08-16,694249,823182,Cole Carrigg,Colorado Rockies,Colorado Rockies@San Francisco Giants,Blade Tidwell,Oracle Park,0.0,0.0,-0.0097,0.175,-0.0291,0.1699,289,0.0,0.0,True
2026-08-16,665877,824642,José Fermín,St. Louis Cardinals,St. Louis Cardinals@Chicago Cubs,Edward Cabrera,Wrigley Field,0.0,0.0,0.0,0.164,0.0,0.164,290,0.0,0.0,True
2026-08-16,701675,824642,Nathan Church,St. Louis Cardinals,St. Louis Cardinals@Chicago Cubs,Edward Cabrera,Wrigley Field,0.0,0.0,0.0,0.164,0.0,0.164,291,0.0,0.0,True
2026-08-16,623168,823991,Tyler Heineman,Los Angeles Angels,Kansas City Royals@Los Angeles Angels,Noah Cameron,Angel Stadium,0.0,0.0,-0.0136,0.17,-0.0406,0.1631,292,0.0,0.0,True
2026-08-16,592885,823912,Christian Yelich,Milwaukee Brewers,Milwaukee Brewers@Los Angeles Dodgers,Tarik Skubal,UNIQLO Field at Dodger Stadium,0.0,0.0,-0.0372,0.179,-0.1117,0.159,293,0.0,0.0,True
2026-08-16,694671,824965,Wyatt Langford,Texas Rangers,Texas Rangers@Athletics,Jacob Lopez,Sutter Health Park,0.0,0.0,-0.0025,0.16,-0.0075,0.1588,294,0.0,0.0,True
2026-08-16,642715,823182,Willy Adames,San Francisco Giants,Colorado Rockies@San Francisco Giants,Gabriel Hughes,Oracle Park,0.0,0.0,0.003,0.157,0.0089,0.1584,295,0.0,0.0,True
2026-08-16,691594,824477,Javier Sanoja,Miami Marlins,Miami Marlins@Cincinnati Reds,Nick Lodolo,Great American Ball Park,0.0,0.0,0.0091,0.154,0.0273,0.1582,296,1.0,1.0,True
2026-08-16,681082,823670,Bryson Stott,Philadelphia Phillies,Philadelphia Phillies@Minnesota Twins,Dean Kremer,Target Field,0.0,0.0,0.0296,0.142,0.0887,0.1546,297,0.0,0.0,True
2026-08-16,687263,823991,Zach Neto,Los Angeles Angels,Kansas City Royals@Los Angeles Angels,Noah Cameron,Angel Stadium,0.0,0.0,-0.0202,0.164,-0.0604,0.1541,298,0.0,0.0,True
2026-08-16,672960,822774,Kazuma Okamoto,Toronto Blue Jays,New York Yankees@Toronto Blue Jays,Ryan Weathers,Rogers Centre,0.0,0.0,-0.0158,0.16,-0.0475,0.1524,299,0.0,0.0,True
2026-08-16,691023,824642,Jordan Walker,St. Louis Cardinals,St. Louis Cardinals@Chicago Cubs,Edward Cabrera,Wrigley Field,0.0,0.0,0.0,0.151,0.0,0.151,300,1.0,1.0,True
2026-08-16,664034,824397,Ty France,San Diego Padres,San Diego Padres@Cleveland Guardians,Tanner Bibee,Progressive Field,0.0,0.0,0.0357,0.135,0.1074,0.1495,301,0.0,0.0,True
2026-08-16,665926,822774,Andrés Giménez,Toronto Blue Jays,New York Yankees@Toronto Blue Jays,Ryan Weathers,Rogers Centre,0.0,0.0,-0.0108,0.154,-0.0325,0.149,302,0.0,0.0,True
2026-08-16,802139,824642,JJ Wetherholt,St. Louis Cardinals,St. Louis Cardinals@Chicago Cubs,Edward Cabrera,Wrigley Field,0.0,0.0,0.0,0.148,0.0,0.148,303,0.0,0.0,True
2026-08-16,662139,824156,Daulton Varsho,Houston Astros,Seattle Mariners@Houston Astros,Bryan Woo,Daikin Park,0.0,0.0,-0.0175,0.154,-0.0526,0.1459,304,0.0,0.0,True
2026-08-16,803011,824236,Sam Antonacci,Chicago White Sox,Chicago White Sox@Detroit Tigers,Drew Anderson,Comerica Park,0.0,0.0,-0.0188,0.154,-0.0565,0.1453,305,0.0,0.0,True
2026-08-16,807799,823344,Masataka Yoshida,Boston Red Sox,Boston Red Sox@Pittsburgh Pirates,Lake Bachar,PNC Park,0.0,0.0,-0.0029,0.14,-0.0086,0.1388,306,0.0,0.0,True
2026-08-16,666018,822940,Jonathan Aranda,Tampa Bay Rays,Baltimore Orioles@Tampa Bay Rays,Trevor Rogers,Tropicana Field,0.0,0.0,-0.0145,0.145,-0.0434,0.1387,307,0.0,0.0,True
2026-08-16,679529,824236,Spencer Torkelson,Detroit Tigers,Chicago White Sox@Detroit Tigers,Sean Burke,Comerica Park,0.0,0.0,-0.0033,0.14,-0.01,0.1386,308,0.0,0.0,True
2026-08-16,668804,823344,Bryan Reynolds,Pittsburgh Pirates,Boston Red Sox@Pittsburgh Pirates,Patrick Sandoval,PNC Park,0.0,0.0,-0.011,0.142,-0.0331,0.1373,309,0.0,0.0,True
2026-08-16,514888,824156,Jose Altuve,Houston Astros,Seattle Mariners@Houston Astros,Bryan Woo,Daikin Park,0.0,0.0,-0.0027,0.135,-0.0081,0.1339,310,0.0,0.0,True
2026-08-16,672515,824880,Gabriel Moreno,Arizona Diamondbacks,Arizona Diamondbacks@Atlanta Braves,Bryce Elder,Truist Park,0.0,0.0,0.0149,0.128,0.0445,0.1337,311,1.0,1.0,True
2026-08-16,671739,824880,Michael Harris II,Atlanta Braves,Arizona Diamondbacks@Atlanta Braves,Michael Soroka,Truist Park,0.0,0.0,-0.0065,0.135,-0.0193,0.1324,312,0.0,0.0,True
2026-08-16,655316,823344,Andruw Monasterio,Boston Red Sox,Boston Red Sox@Pittsburgh Pirates,Lake Bachar,PNC Park,0.0,0.0,-0.0185,0.137,-0.0555,0.1294,313,0.0,0.0,True
2026-08-16,680757,824397,Steven Kwan,Cleveland Guardians,San Diego Padres@Cleveland Guardians,Casey Mize,Progressive Field,0.0,0.0,-0.0037,0.13,-0.0108,0.1286,314,0.0,0.0,True
2026-08-16,694384,823991,Nolan Schanuel,Los Angeles Angels,Kansas City Royals@Los Angeles Angels,Noah Cameron,Angel Stadium,0.0,0.0,0.0065,0.126,0.0198,0.1285,315,0.0,0.0,True
2026-08-16,661388,823912,William Contreras,Milwaukee Brewers,Milwaukee Brewers@Los Angeles Dodgers,Tarik Skubal,UNIQLO Field at Dodger Stadium,0.0,0.0,-0.043,0.142,-0.1289,0.1237,316,0.0,0.0,True
2026-08-16,592518,824397,Manny Machado,San Diego Padres,San Diego Padres@Cleveland Guardians,Tanner Bibee,Progressive Field,0.0,0.0,-0.022,0.128,-0.0656,0.1196,317,0.0,0.0,True
2026-08-16,670623,824156,Isaac Paredes,Houston Astros,Seattle Mariners@Houston Astros,Bryan Woo,Daikin Park,0.0,0.0,-0.0113,0.122,-0.0336,0.1179,318,0.0,0.0,True
2026-08-16,664770,822774,Nathan Lukes,Toronto Blue Jays,New York Yankees@Toronto Blue Jays,Ryan Weathers,Rogers Centre,0.0,0.0,-0.0326,0.13,-0.0977,0.1173,319,0.0,0.0,True
2026-08-16,702284,824156,Cole Young,Seattle Mariners,Seattle Mariners@Houston Astros,Hunter Brown,Daikin Park,0.0,0.0,-0.0068,0.117,-0.0205,0.1146,320,0.0,0.0,True
2026-08-16,805779,824965,Jacob Wilson,Athletics,Texas Rangers@Athletics,Cody Bradford,Sutter Health Park,0.0,0.0,-0.0303,0.126,-0.0913,0.1145,321,0.0,0.0,True
2026-08-16,683737,824642,Michael Busch,Chicago Cubs,St. Louis Cardinals@Chicago Cubs,Hunter Dobbins,Wrigley Field,0.0,0.0,-0.007,0.107,-0.0206,0.1048,322,0.0,0.0,True
2026-08-16,676391,822774,Ernie Clement,Toronto Blue Jays,New York Yankees@Toronto Blue Jays,Ryan Weathers,Rogers Centre,0.0,0.0,-0.0351,0.113,-0.1053,0.1011,323,0.0,0.0,True
2026-08-16,650333,823670,Luis Arraez,Philadelphia Phillies,Philadelphia Phillies@Minnesota Twins,Dean Kremer,Target Field,0.0,0.0,-0.015,0.103,-0.0447,0.0984,324,0.0,0.0,True
2026-08-16,802415,822940,Chandler Simpson,Tampa Bay Rays,Baltimore Orioles@Tampa Bay Rays,Trevor Rogers,Tropicana Field,0.0,0.0,-0.0083,0.0,0.0,0.0,325,0.0,0.0,True
2026-08-16,669236,822940,Jeremiah Jackson,Baltimore Orioles,Baltimore Orioles@Tampa Bay Rays,Freddy Peralta,Tropicana Field,0.0,0.0,-0.0125,0.0,0.0,0.0,326,0.0,0.0,True
2026-08-16,669707,823344,Jared Triolo,Pittsburgh Pirates,Boston Red Sox@Pittsburgh Pirates,Patrick Sandoval,PNC Park,0.0,0.0,0.0117,0.0,0.0,0.0,327,0.0,0.0,True
2026-08-16,693304,823344,Nick Gonzales,Pittsburgh Pirates,Boston Red Sox@Pittsburgh Pirates,Patrick Sandoval,PNC Park,0.0,0.0,0.0103,0.0,0.0,0.0,328,0.0,0.0,True
2026-08-16,668939,823344,Adley Rutschman,Boston Red Sox,Boston Red Sox@Pittsburgh Pirates,Lake Bachar,PNC Park,0.0,0.0,0.0016,0.0,0.0,0.0,329,0.0,0.0,True
2026-08-16,678011,823344,Anthony Seigler,Boston Red Sox,Boston Red Sox@Pittsburgh Pirates,Lake Bachar,PNC Park,0.0,0.0,0.0064,0.0,0.0,0.0,330,0.0,0.0,True
2026-08-16,686765,823344,Nick Sogard,Boston Red Sox,Boston Red Sox@Pittsburgh Pirates,Lake Bachar,PNC Park,0.0,0.0,-0.0123,0.0,0.0,0.0,331,0.0,0.0,True
2026-08-16,642086,824880,Dominic Smith,Atlanta Braves,Arizona Diamondbacks@Atlanta Braves,Michael Soroka,Truist Park,0.0,0.0,-0.0213,0.0,0.0,0.0,332,0.0,0.0,True
2026-08-16,686948,824880,Drake Baldwin,Atlanta Braves,Arizona Diamondbacks@Atlanta Braves,Michael Soroka,Truist Park,0.0,0.0,-0.0149,0.0,0.0,0.0,333,0.0,0.0,True
2026-08-16,805347,824880,Jim Jarvis,Atlanta Braves,Arizona Diamondbacks@Atlanta Braves,Michael Soroka,Truist Park,0.0,0.0,-0.0186,0.0,0.0,0.0,334,0.0,0.0,True
2026-08-16,643289,824880,Mauricio Dubón,Atlanta Braves,Arizona Diamondbacks@Atlanta Braves,Michael Soroka,Truist Park,0.0,0.0,-0.0145,0.0,0.0,0.0,335,0.0,0.0,True
2026-08-16,545121,824880,Ildemaro Vargas,Arizona Diamondbacks,Arizona Diamondbacks@Atlanta Braves,Bryce Elder,Truist Park,0.0,0.0,0.0009,0.0,0.0,0.0,336,1.0,1.0,True
2026-08-16,663457,824880,Lars Nootbaar,Arizona Diamondbacks,Arizona Diamondbacks@Atlanta Braves,Bryce Elder,Truist Park,0.0,0.0,-0.0027,0.0,0.0,0.0,337,0.0,0.0,True
2026-08-16,596146,824880,Max Kepler,Arizona Diamondbacks,Arizona Diamondbacks@Atlanta Braves,Bryce Elder,Truist Park,0.0,0.0,-0.0129,0.0,0.0,0.0,338,0.0,0.0,True
2026-08-16,669701,822774,Josh Smith,Toronto Blue Jays,New York Yankees@Toronto Blue Jays,Ryan Weathers,Rogers Centre,0.0,0.0,-0.0365,0.0,0.0,0.0,339,0.0,0.0,True
2026-08-16,664702,822774,Myles Straw,Toronto Blue Jays,New York Yankees@Toronto Blue Jays,Ryan Weathers,Rogers Centre,0.0,0.0,-0.0028,0.0,0.0,0.0,340,0.0,0.0,True
2026-08-16,671218,822774,Heliot Ramos,New York Yankees,New York Yankees@Toronto Blue Jays,Dylan Cease,Rogers Centre,0.0,0.0,-0.0572,0.0,0.0,0.0,341,0.0,0.0,True
2026-08-16,805999,823590,A.J. Ewing,New York Mets,Washington Nationals@New York Mets,Jake Irvin,Citi Field,0.0,0.0,0.004,0.0,0.0,0.0,342,0.0,0.0,True
2026-08-16,678391,823590,Jorbit Vivas,Washington Nationals,Washington Nationals@New York Mets,Christian Scott,Citi Field,0.0,0.0,-0.0034,0.0,0.0,0.0,343,0.0,0.0,True
2026-08-16,660688,823590,Keibert Ruiz,Washington Nationals,Washington Nationals@New York Mets,Christian Scott,Citi Field,0.0,0.0,-0.0066,0.0,0.0,0.0,344,0.0,0.0,True
2026-08-16,683083,823590,Nasim Nuñez,Washington Nationals,Washington Nationals@New York Mets,Christian Scott,Citi Field,0.0,0.0,-0.0089,0.0,0.0,0.0,345,0.0,0.0,True
2026-08-16,677587,824397,Brayan Rocchio,Cleveland Guardians,San Diego Padres@Cleveland Guardians,Casey Mize,Progressive Field,0.0,0.0,-0.0269,0.0,0.0,0.0,346,0.0,0.0,True
2026-08-16,608070,824397,José Ramírez,Cleveland Guardians,San Diego Padres@Cleveland Guardians,Casey Mize,Progressive Field,0.0,0.0,-0.0016,0.0,0.0,0.0,347,0.0,0.0,True
2026-08-16,683953,824397,Travis Bazzana,Cleveland Guardians,San Diego Padres@Cleveland Guardians,Casey Mize,Progressive Field,0.0,0.0,-0.0233,0.0,0.0,0.0,348,0.0,0.0,True
2026-08-16,666023,824397,Freddy Fermin,San Diego Padres,San Diego Padres@Cleveland Guardians,Tanner Bibee,Progressive Field,0.0,0.0,-0.0018,0.0,0.0,0.0,349,0.0,0.0,True
2026-08-16,630105,824397,Jake Cronenworth,San Diego Padres,San Diego Padres@Cleveland Guardians,Tanner Bibee,Progressive Field,0.0,0.0,-0.0083,0.0,0.0,0.0,350,1.0,1.0,True
2026-08-16,690993,824236,Colt Keith,Detroit Tigers,Chicago White Sox@Detroit Tigers,Sean Burke,Comerica Park,0.0,0.0,0.0028,0.0,0.0,0.0,351,1.0,1.0,True
2026-08-16,595879,824236,Javier Báez,Detroit Tigers,Chicago White Sox@Detroit Tigers,Sean Burke,Comerica Park,0.0,0.0,-0.0069,0.0,0.0,0.0,352,0.0,0.0,True
2026-08-16,656716,824236,Zach McKinstry,Detroit Tigers,Chicago White Sox@Detroit Tigers,Sean Burke,Comerica Park,0.0,0.0,-0.0034,0.0,0.0,0.0,353,0.0,0.0,True
2026-08-16,682668,824236,Luisangel Acuña,Chicago White Sox,Chicago White Sox@Detroit Tigers,Drew Anderson,Comerica Park,0.0,0.0,-0.0409,0.0,0.0,0.0,354,0.0,0.0,True
2026-08-16,667472,824477,Dane Myers,Cincinnati Reds,Miami Marlins@Cincinnati Reds,Eury Pérez,Great American Ball Park,0.0,0.0,-0.0348,0.0,0.0,0.0,355,0.0,0.0,True
2026-08-16,682622,824477,Noelvi Marte,Cincinnati Reds,Miami Marlins@Cincinnati Reds,Eury Pérez,Great American Ball Park,0.0,0.0,-0.0406,0.0,0.0,0.0,356,0.0,0.0,True
2026-08-16,672640,824477,Otto Lopez,Miami Marlins,Miami Marlins@Cincinnati Reds,Nick Lodolo,Great American Ball Park,0.0,0.0,-0.0201,0.0,0.0,0.0,357,0.0,0.0,True
2026-08-16,669364,824477,Xavier Edwards,Miami Marlins,Miami Marlins@Cincinnati Reds,Nick Lodolo,Great American Ball Park,0.0,0.0,-0.0042,0.0,0.0,0.0,358,0.0,0.0,True
2026-08-16,668952,823670,Ryan Kreidler,Minnesota Twins,Philadelphia Phillies@Minnesota Twins,Andrew Painter,Target Field,0.0,0.0,-0.0131,0.0,0.0,0.0,359,0.0,0.0,True
2026-08-16,605170,823670,Victor Caratini,Minnesota Twins,Philadelphia Phillies@Minnesota Twins,Andrew Painter,Target Field,0.0,0.0,-0.0321,0.0,0.0,0.0,360,0.0,0.0,True
2026-08-16,664761,823670,Alec Bohm,Philadelphia Phillies,Philadelphia Phillies@Minnesota Twins,Dean Kremer,Target Field,0.0,0.0,0.0105,0.0,0.0,0.0,361,1.0,1.0,True
2026-08-16,669016,823670,Brandon Marsh,Philadelphia Phillies,Philadelphia Phillies@Minnesota Twins,Dean Kremer,Target Field,0.0,0.0,0.0108,0.0,0.0,0.0,362,0.0,0.0,True
2026-08-16,702222,823670,Justin Crawford,Philadelphia Phillies,Philadelphia Phillies@Minnesota Twins,Dean Kremer,Target Field,0.0,0.0,0.0128,0.0,0.0,0.0,363,0.0,0.0,True
2026-08-16,691458,824642,Blaze Jordan,St. Louis Cardinals,St. Louis Cardinals@Chicago Cubs,Edward Cabrera,Wrigley Field,0.0,0.0,0.0,0.0,0.0,0.0,364,0.0,0.0,True
2026-08-16,691026,824642,Masyn Winn,St. Louis Cardinals,St. Louis Cardinals@Chicago Cubs,Edward Cabrera,Wrigley Field,0.0,0.0,0.0,0.0,0.0,0.0,365,0.0,0.0,True
2026-08-16,683766,823182,Christian Koss,San Francisco Giants,Colorado Rockies@San Francisco Giants,Gabriel Hughes,Oracle Park,0.0,0.0,-0.0209,0.0,0.0,0.0,366,0.0,0.0,True
2026-08-16,681198,823182,TJ Rumfield,Colorado Rockies,Colorado Rockies@San Francisco Giants,Blade Tidwell,Oracle Park,0.0,0.0,-0.0243,0.0,0.0,0.0,367,0.0,0.0,True
2026-08-16,687859,823182,Troy Johnston,Colorado Rockies,Colorado Rockies@San Francisco Giants,Blade Tidwell,Oracle Park,0.0,0.0,-0.0023,0.0,0.0,0.0,368,0.0,0.0,True
2026-08-16,675961,824965,Alika Williams,Athletics,Texas Rangers@Athletics,Cody Bradford,Sutter Health Park,0.0,0.0,-0.0238,0.0,0.0,0.0,369,0.0,0.0,True
2026-08-16,695720,824965,Tommy White,Athletics,Texas Rangers@Athletics,Cody Bradford,Sutter Health Park,0.0,0.0,-0.0204,0.0,0.0,0.0,370,1.0,1.0,True
2026-08-16,694497,824965,Evan Carter,Texas Rangers,Texas Rangers@Athletics,Jacob Lopez,Sutter Health Park,0.0,0.0,-0.0222,0.0,0.0,0.0,371,0.0,0.0,True
2026-08-16,670032,824965,Nicky Lopez,Texas Rangers,Texas Rangers@Athletics,Jacob Lopez,Sutter Health Park,0.0,0.0,-0.0379,0.0,0.0,0.0,372,0.0,0.0,True
2026-08-16,694208,823991,Moisés Ballesteros,Los Angeles Angels,Kansas City Royals@Los Angeles Angels,Noah Cameron,Angel Stadium,0.0,0.0,-0.05,0.0,0.0,0.0,373,0.0,0.0,True
2026-08-16,672724,823991,Oswald Peraza,Los Angeles Angels,Kansas City Royals@Los Angeles Angels,Noah Cameron,Angel Stadium,0.0,0.0,-0.0213,0.0,0.0,0.0,374,0.0,0.0,True
2026-08-16,677951,823991,Bobby Witt Jr.,Kansas City Royals,Kansas City Royals@Los Angeles Angels,Ryan Johnson,Angel Stadium,0.0,0.0,0.0185,0.0,0.0,0.0,375,1.0,1.0,True
2026-08-16,686555,823991,Isaac Collins,Kansas City Royals,Kansas City Royals@Los Angeles Angels,Ryan Johnson,Angel Stadium,0.0,0.0,-0.0254,0.0,0.0,0.0,376,0.0,0.0,True
2026-08-16,668942,823991,Josh Rojas,Kansas City Royals,Kansas City Royals@Los Angeles Angels,Ryan Johnson,Angel Stadium,0.0,0.0,0.0,0.0,0.0,0.0,377,0.0,0.0,True
2026-08-16,664728,823991,Kyle Isbel,Kansas City Royals,Kansas City Royals@Los Angeles Angels,Ryan Johnson,Angel Stadium,0.0,0.0,0.0,0.0,0.0,0.0,378,0.0,0.0,True
2026-08-16,669743,823912,Alex Call,Los Angeles Dodgers,Milwaukee Brewers@Los Angeles Dodgers,Logan Henderson,UNIQLO Field at Dodger Stadium,0.0,0.0,0.0406,0.0,0.0,0.0,379,0.0,0.0,True
2026-08-16,518692,823912,Freddie Freeman,Los Angeles Dodgers,Milwaukee Brewers@Los Angeles Dodgers,Logan Henderson,UNIQLO Field at Dodger Stadium,0.0,0.0,-0.0078,0.0,0.0,0.0,380,0.0,0.0,True
2026-08-16,663604,823912,Brandon Lockridge,Milwaukee Brewers,Milwaukee Brewers@Los Angeles Dodgers,Tarik Skubal,UNIQLO Field at Dodger Stadium,0.0,0.0,0.0,0.0,0.0,0.0,381,0.0,0.0,True
2026-08-16,666152,823912,David Hamilton,Milwaukee Brewers,Milwaukee Brewers@Los Angeles Dodgers,Tarik Skubal,UNIQLO Field at Dodger Stadium,0.0,0.0,-0.0168,0.0,0.0,0.0,382,0.0,0.0,True
2026-08-16,669003,823912,Garrett Mitchell,Milwaukee Brewers,Milwaukee Brewers@Los Angeles Dodgers,Tarik Skubal,UNIQLO Field at Dodger Stadium,0.0,0.0,-0.0199,0.0,0.0,0.0,383,0.0,0.0,True
2026-08-16,596142,823912,Gary Sánchez,Milwaukee Brewers,Milwaukee Brewers@Los Angeles Dodgers,Tarik Skubal,UNIQLO Field at Dodger Stadium,0.0,0.0,0.054,0.0,0.0,0.0,384,0.0,0.0,True
2026-08-16,800325,823912,Luis Lara,Milwaukee Brewers,Milwaukee Brewers@Los Angeles Dodgers,Tarik Skubal,UNIQLO Field at Dodger Stadium,0.0,0.0,-0.0337,0.0,0.0,0.0,385,0.0,0.0,True
2026-08-16,543877,824156,Christian Vázquez,Houston Astros,Seattle Mariners@Houston Astros,Bryan Woo,Daikin Park,0.0,0.0,0.006,0.0,0.0,0.0,386,0.0,0.0,True
2026-08-16,664774,824156,LaMonte Wade Jr.,Houston Astros,Seattle Mariners@Houston Astros,Bryan Woo,Daikin Park,0.0,0.0,-0.0162,0.0,0.0,0.0,387,0.0,0.0,True
2026-08-16,660844,824156,Leo Rivas,Seattle Mariners,Seattle Mariners@Houston Astros,Hunter Brown,Daikin Park,0.0,0.0,0.0,0.0,0.0,0.0,388,0.0,0.0,True
2026-08-16,621493,824156,Taylor Ward,Seattle Mariners,Seattle Mariners@Houston Astros,Hunter Brown,Daikin Park,0.0,0.0,-0.0153,0.0,0.0,0.0,389,0.0,0.0,True
2026-08-16,645302,824156,Victor Robles,Seattle Mariners,Seattle Mariners@Houston Astros,Hunter Brown,Daikin Park,0.0,0.0,0.0005,0.0,0.0,0.0,390,0.0,0.0,True
2026-08-17,641933,822939,Tyler O'Neill,Baltimore Orioles,Baltimore Orioles@Tampa Bay Rays,Shane McClanahan,Tropicana Field,0.25,0.0,0.0054,1.0,0.2702,1.2702,1,0.0,0.0,True
2026-08-17,624413,822939,Pete Alonso,Baltimore Orioles,Baltimore Orioles@Tampa Bay Rays,Shane McClanahan,Tropicana Field,0.25,0.0,0.0194,0.871,0.3227,1.1521,2,1.0,1.0,True
2026-08-17,691406,822939,Junior Caminero,Tampa Bay Rays,Baltimore Orioles@Tampa Bay Rays,Brandon Young,Tropicana Field,0.25,0.0,-0.0018,0.855,0.2433,1.063,3,0.0,0.0,True
2026-08-17,665052,823427,Griffin Conine,Miami Marlins,Miami Marlins@Philadelphia Phillies,Cristopher Sánchez,Citizens Bank Park,0.0,0.0,0.0154,1.0,0.0462,1.0462,4,0.0,0.0,True
2026-08-17,621566,823668,Matt Olson,Atlanta Braves,Atlanta Braves@Minnesota Twins,Bailey Ober,Target Field,0.0,0.0,0.013,1.0,0.039,1.039,5,0.0,0.0,True
2026-08-17,808959,824641,Munetaka Murakami,Chicago White Sox,Chicago White Sox@Chicago Cubs,Shota Imanaga,Wrigley Field,0.0,0.0,0.0081,1.0,0.0243,1.0243,6,0.0,0.0,True
2026-08-17,624424,824641,Michael Conforto,Chicago Cubs,Chicago White Sox@Chicago Cubs,Luis Castillo,Wrigley Field,0.0,0.0,-0.0059,1.0,-0.0177,0.9823,7,0.0,0.0,True
2026-08-17,683357,823427,Owen Caissie,Miami Marlins,Miami Marlins@Philadelphia Phillies,Cristopher Sánchez,Citizens Bank Park,0.0,0.0,-0.0047,0.993,-0.0141,0.979,8,0.0,0.0,True
2026-08-17,677800,824725,Wilyer Abreu,Boston Red Sox,Arizona Diamondbacks@Boston Red Sox,Mitch Bratt,Fenway Park,0.0,0.0,0.0181,0.928,0.0543,0.9784,9,0.0,0.0,True
2026-08-17,596019,823589,Francisco Lindor,New York Mets,San Diego Padres@New York Mets,Walker Buehler,Citi Field,0.0,0.0,0.057,0.824,0.171,0.9649,10,0.0,0.0,True
2026-08-17,695506,824077,Jac Caglianone,Kansas City Royals,Athletics@Kansas City Royals,Mason Barnett,Kauffman Stadium,0.0,0.0,0.1045,0.769,0.2501,0.9613,11,0.0,0.0,True
2026-08-17,553993,824478,Eugenio Suárez,Cincinnati Reds,St. Louis Cardinals@Cincinnati Reds,Andre Pallante,Great American Ball Park,0.0,0.0,0.0048,0.905,0.0144,0.918,12,0.0,0.0,True
2026-08-17,553993,824514,Eugenio Suárez,Cincinnati Reds,St. Louis Cardinals@Cincinnati Reds,Quinn Mathews,Great American Ball Park,0.0,0.0,0.0,0.905,0.0,0.905,13,0.0,0.0,True
2026-08-17,678246,824641,Miguel Vargas,Chicago White Sox,Chicago White Sox@Chicago Cubs,Shota Imanaga,Wrigley Field,0.0,0.0,0.0147,0.855,0.0441,0.8927,14,0.0,0.0,True
2026-08-17,571448,824725,Nolan Arenado,Arizona Diamondbacks,Arizona Diamondbacks@Boston Red Sox,Alec Gamboa,Fenway Park,0.0,0.0,0.008,0.871,0.024,0.8919,15,0.0,0.0,True
2026-08-17,656941,823427,Kyle Schwarber,Philadelphia Phillies,Miami Marlins@Philadelphia Phillies,Janson Junk,Citizens Bank Park,0.0,0.0,0.0137,0.855,0.0411,0.8901,16,0.0,0.0,True
2026-08-17,664040,823343,Brandon Lowe,Pittsburgh Pirates,Detroit Tigers@Pittsburgh Pirates,Framber Valdez,PNC Park,0.0,0.0,0.0335,0.801,0.1005,0.8815,17,0.0,0.0,True
2026-08-17,805367,824641,Chase Meidroth,Chicago White Sox,Chicago White Sox@Chicago Cubs,Shota Imanaga,Wrigley Field,0.0,0.0,0.0629,0.726,0.1887,0.863,18,0.0,0.0,True
2026-08-17,660670,823668,Ronald Acuña Jr.,Atlanta Braves,Atlanta Braves@Minnesota Twins,Bailey Ober,Target Field,0.0,0.0,-0.0023,0.855,-0.0069,0.8491,19,0.0,0.0,True
2026-08-17,660271,824320,Shohei Ohtani,Los Angeles Dodgers,Los Angeles Dodgers@Colorado Rockies,Tomoyuki Sugano,Coors Field,0.0,0.0,0.0203,0.769,0.0609,0.8158,20,1.0,2.0,True
2026-08-17,676475,824478,Alec Burleson,St. Louis Cardinals,St. Louis Cardinals@Cincinnati Reds,Rhett Lowder,Great American Ball Park,0.0,0.0,0.0198,0.769,0.0594,0.8147,21,0.0,0.0,True
2026-08-17,680869,824077,Zack Gelof,Athletics,Athletics@Kansas City Royals,Michael Wacha,Kauffman Stadium,0.0,0.0,0.0234,0.754,0.0702,0.8069,22,0.0,0.0,True
2026-08-17,650489,824320,Willi Castro,Colorado Rockies,Los Angeles Dodgers@Colorado Rockies,Blake Snell,Coors Field,0.0,0.0,0.0042,0.789,0.0125,0.7989,23,0.0,0.0,True
2026-08-17,701398,824514,Sal Stewart,Cincinnati Reds,St. Louis Cardinals@Cincinnati Reds,Quinn Mathews,Great American Ball Park,0.0,0.0,0.0,0.785,0.0,0.785,24,0.0,0.0,True
2026-08-17,671732,824077,Lawrence Butler,Athletics,Athletics@Kansas City Royals,Michael Wacha,Kauffman Stadium,0.0,0.0,0.0058,0.769,0.0174,0.7824,25,0.0,0.0,True
2026-08-17,608324,824641,Alex Bregman,Chicago Cubs,Chicago White Sox@Chicago Cubs,Luis Castillo,Wrigley Field,0.0,0.0,0.0309,0.71,0.0927,0.7758,26,0.0,0.0,True
2026-08-17,676475,824514,Alec Burleson,St. Louis Cardinals,St. Louis Cardinals@Cincinnati Reds,Kent Emanuel,Great American Ball Park,0.0,0.0,0.0,0.769,0.0,0.769,27,0.0,0.0,True
2026-08-17,682626,823589,Francisco Alvarez,New York Mets,San Diego Padres@New York Mets,Walker Buehler,Citi Field,0.0,0.0,-0.0018,0.769,-0.0055,0.7648,28,0.0,0.0,True
2026-08-17,701398,824478,Sal Stewart,Cincinnati Reds,St. Louis Cardinals@Cincinnati Reds,Andre Pallante,Great American Ball Park,0.0,0.0,-0.0145,0.785,-0.0434,0.7509,29,0.0,0.0,True
2026-08-17,547180,823427,Bryce Harper,Philadelphia Phillies,Miami Marlins@Philadelphia Phillies,Janson Junk,Citizens Bank Park,0.0,0.0,0.0333,0.669,0.0999,0.7358,30,0.0,0.0,True
2026-08-17,680664,823343,Eduardo Valencia,Detroit Tigers,Detroit Tigers@Pittsburgh Pirates,Carmen Mlodzinski,PNC Park,-0.25,0.0,-0.0112,1.0,-0.2752,0.7248,31,0.0,0.0,True
2026-08-17,680574,824514,Matt McLain,Cincinnati Reds,St. Louis Cardinals@Cincinnati Reds,Quinn Mathews,Great American Ball Park,0.0,0.0,0.0,0.721,0.0,0.721,32,0.0,0.0,True
2026-08-17,665487,823589,Fernando Tatis Jr.,San Diego Padres,San Diego Padres@New York Mets,Nolan McLean,Citi Field,0.0,0.0,0.0219,0.675,0.0656,0.7193,33,0.0,0.0,True
2026-08-17,701538,823589,Jackson Merrill,San Diego Padres,San Diego Padres@New York Mets,Nolan McLean,Citi Field,0.0,0.0,0.0173,0.675,0.0519,0.71,34,0.0,0.0,True
2026-08-17,622268,824077,Donovan Walton,Athletics,Athletics@Kansas City Royals,Michael Wacha,Kauffman Stadium,0.0,0.0,-0.0174,0.744,-0.0522,0.7052,35,0.0,0.0,True
2026-08-17,663886,824514,Tyler Stephenson,Cincinnati Reds,St. Louis Cardinals@Cincinnati Reds,Quinn Mathews,Great American Ball Park,0.0,0.0,0.0,0.699,0.0,0.699,36,0.0,0.0,True
2026-08-17,678882,824725,Ceddanne Rafaela,Boston Red Sox,Arizona Diamondbacks@Boston Red Sox,Mitch Bratt,Fenway Park,0.0,0.0,-0.0056,0.71,-0.0168,0.6981,37,0.0,0.0,True
2026-08-17,681715,823427,Heriberto Hernández,Miami Marlins,Miami Marlins@Philadelphia Phillies,Cristopher Sánchez,Citizens Bank Park,0.0,0.0,0.0365,0.624,0.1095,0.6923,38,0.0,0.0,True
2026-08-17,543760,823589,Marcus Semien,New York Mets,San Diego Padres@New York Mets,Walker Buehler,Citi Field,0.0,0.0,0.0216,0.641,0.0647,0.6825,39,0.0,0.0,True
2026-08-17,571970,824320,Max Muncy,Los Angeles Dodgers,Los Angeles Dodgers@Colorado Rockies,Tomoyuki Sugano,Coors Field,0.0,0.0,0.0005,0.679,0.0015,0.68,40,1.0,1.0,True
2026-08-17,663886,824478,Tyler Stephenson,Cincinnati Reds,St. Louis Cardinals@Cincinnati Reds,Andre Pallante,Great American Ball Park,0.0,0.0,-0.0108,0.699,-0.0323,0.6764,41,0.0,0.0,True
2026-08-17,680574,824478,Matt McLain,Cincinnati Reds,St. Louis Cardinals@Cincinnati Reds,Andre Pallante,Great American Ball Park,0.0,0.0,-0.0243,0.721,-0.073,0.6684,42,0.0,0.0,True
2026-08-17,573262,823668,Mike Yastrzemski,Atlanta Braves,Atlanta Braves@Minnesota Twins,Bailey Ober,Target Field,0.0,0.0,0.0008,0.659,0.0024,0.6606,43,0.0,0.0,True
2026-08-17,665750,822939,Leody Taveras,Baltimore Orioles,Baltimore Orioles@Tampa Bay Rays,Shane McClanahan,Tropicana Field,0.25,0.0,-0.0064,0.524,0.226,0.6424,44,0.0,0.0,True
2026-08-17,683146,823589,Brett Baty,New York Mets,San Diego Padres@New York Mets,Walker Buehler,Citi Field,0.0,0.0,0.006,0.624,0.0179,0.6352,45,0.0,0.0,True
2026-08-17,663586,823668,Austin Riley,Atlanta Braves,Atlanta Braves@Minnesota Twins,Bailey Ober,Target Field,0.0,0.0,-0.0138,0.659,-0.0414,0.6317,46,0.0,0.0,True
2026-08-17,696100,824320,Hunter Goodman,Colorado Rockies,Los Angeles Dodgers@Colorado Rockies,Blake Snell,Coors Field,0.0,0.0,-0.0349,0.679,-0.1047,0.6079,47,0.0,0.0,True
2026-08-17,691777,824077,Max Muncy,Athletics,Athletics@Kansas City Royals,Michael Wacha,Kauffman Stadium,0.0,0.0,-0.0315,0.659,-0.0945,0.5967,48,0.0,0.0,True
2026-08-17,691718,824641,Pete Crow-Armstrong,Chicago Cubs,Chicago White Sox@Chicago Cubs,Luis Castillo,Wrigley Field,0.0,0.0,0.0111,0.57,0.0333,0.589,49,1.0,2.0,True
2026-08-17,663743,822939,Nick Fortes,Tampa Bay Rays,Baltimore Orioles@Tampa Bay Rays,Brandon Young,Tropicana Field,0.25,0.0,-0.0207,0.496,0.1724,0.5815,50,0.0,0.0,True
2026-08-17,657041,823668,Lane Thomas,Atlanta Braves,Atlanta Braves@Minnesota Twins,Bailey Ober,Target Field,0.0,0.0,-0.0064,0.592,-0.0193,0.5806,51,0.0,0.0,True
2026-08-17,673548,824641,Seiya Suzuki,Chicago Cubs,Chicago White Sox@Chicago Cubs,Luis Castillo,Wrigley Field,0.0,0.0,0.0185,0.549,0.0556,0.5795,52,1.0,1.0,True
2026-08-17,676356,822939,Jonny DeLuca,Tampa Bay Rays,Baltimore Orioles@Tampa Bay Rays,Brandon Young,Tropicana Field,0.25,0.0,0.0151,0.44,0.3066,0.5749,53,0.0,0.0,True
2026-08-17,691723,822939,Coby Mayo,Baltimore Orioles,Baltimore Orioles@Tampa Bay Rays,Shane McClanahan,Tropicana Field,0.25,0.0,-0.0046,0.466,0.2328,0.5745,54,1.0,1.0,True
2026-08-17,668723,822939,Ryan Vilade,Tampa Bay Rays,Baltimore Orioles@Tampa Bay Rays,Brandon Young,Tropicana Field,0.25,0.0,-0.0084,0.452,0.2186,0.5508,55,1.0,1.0,True
2026-08-17,686475,824077,Tyler Tolbert,Kansas City Royals,Athletics@Kansas City Royals,Mason Barnett,Kauffman Stadium,0.0,0.0,0.0457,0.481,0.137,0.5469,56,0.0,0.0,True
2026-08-17,703607,824077,Henry Bolte,Athletics,Athletics@Kansas City Royals,Michael Wacha,Kauffman Stadium,0.0,0.0,0.0201,0.513,0.0602,0.5439,57,0.0,0.0,True
2026-08-17,701807,823589,Carson Benge,New York Mets,San Diego Padres@New York Mets,Walker Buehler,Citi Field,0.0,0.0,0.0484,0.462,0.1452,0.5291,58,0.0,0.0,True
2026-08-17,642201,824725,Eli White,Boston Red Sox,Arizona Diamondbacks@Boston Red Sox,Mitch Bratt,Fenway Park,0.0,0.0,0.0095,0.513,0.0285,0.5276,59,0.0,0.0,True
2026-08-17,668904,823668,Royce Lewis,Minnesota Twins,Atlanta Braves@Minnesota Twins,Martín Pérez,Target Field,0.0,0.0,0.0528,0.452,0.1584,0.5236,60,0.0,0.0,True
2026-08-17,668709,824514,JJ Bleday,Cincinnati Reds,St. Louis Cardinals@Cincinnati Reds,Quinn Mathews,Great American Ball Park,0.0,0.0,0.0,0.513,0.0,0.513,61,0.0,0.0,True
2026-08-17,687952,822939,Christian Encarnacion-Strand,Baltimore Orioles,Baltimore Orioles@Tampa Bay Rays,Shane McClanahan,Tropicana Field,0.25,0.0,-0.0178,0.427,0.1831,0.5052,62,1.0,1.0,True
2026-08-17,606192,824320,Teoscar Hernández,Los Angeles Dodgers,Los Angeles Dodgers@Colorado Rockies,Tomoyuki Sugano,Coors Field,0.0,0.0,0.0093,0.491,0.0279,0.5047,63,0.0,0.0,True
2026-08-17,680700,822939,Richie Palacios,Tampa Bay Rays,Baltimore Orioles@Tampa Bay Rays,Brandon Young,Tropicana Field,0.0,0.0,0.0148,0.481,0.0445,0.5024,64,0.0,0.0,True
2026-08-17,691788,823427,Joe Mack,Miami Marlins,Miami Marlins@Philadelphia Phillies,Cristopher Sánchez,Citizens Bank Park,0.0,0.0,-0.0087,0.513,-0.0261,0.4996,65,0.0,0.0,True
2026-08-17,807712,823668,Luke Keaschall,Minnesota Twins,Atlanta Braves@Minnesota Twins,Martín Pérez,Target Field,0.0,0.0,0.0232,0.462,0.0697,0.4942,66,0.0,0.0,True
2026-08-17,695600,824077,Carter Jensen,Kansas City Royals,Athletics@Kansas City Royals,Mason Barnett,Kauffman Stadium,0.0,0.0,0.0302,0.452,0.0907,0.493,67,0.0,0.0,True
2026-08-17,666160,824320,Mickey Moniak,Colorado Rockies,Los Angeles Dodgers@Colorado Rockies,Blake Snell,Coors Field,0.0,0.0,-0.0341,0.549,-0.1024,0.4928,68,0.0,0.0,True
2026-08-17,624641,823427,Edmundo Sosa,Philadelphia Phillies,Miami Marlins@Philadelphia Phillies,Janson Junk,Citizens Bank Park,0.0,0.0,-0.0044,0.496,-0.0131,0.4895,69,0.0,0.0,True
2026-08-17,663494,824514,Bryan Torres,St. Louis Cardinals,St. Louis Cardinals@Cincinnati Reds,Kent Emanuel,Great American Ball Park,0.0,0.0,0.0,0.481,0.0,0.481,70,0.0,0.0,True
2026-08-17,668709,824478,JJ Bleday,Cincinnati Reds,St. Louis Cardinals@Cincinnati Reds,Andre Pallante,Great American Ball Park,0.0,0.0,-0.0208,0.513,-0.0624,0.481,71,0.0,0.0,True
2026-08-17,621439,823668,Byron Buxton,Minnesota Twins,Atlanta Braves@Minnesota Twins,Martín Pérez,Target Field,0.0,0.0,0.0,0.481,0.0,0.481,72,0.0,0.0,True
2026-08-17,575929,824725,Willson Contreras,Boston Red Sox,Arizona Diamondbacks@Boston Red Sox,Mitch Bratt,Fenway Park,0.0,0.0,-0.0001,0.481,-0.0002,0.4809,73,1.0,1.0,True
2026-08-17,650490,822939,Yandy Díaz,Tampa Bay Rays,Baltimore Orioles@Tampa Bay Rays,Brandon Young,Tropicana Field,0.25,0.0,0.014,0.361,0.3025,0.4702,74,1.0,1.0,True
2026-08-17,677870,823427,Leo Jiménez,Miami Marlins,Miami Marlins@Philadelphia Phillies,Cristopher Sánchez,Citizens Bank Park,0.0,0.0,-0.0181,0.496,-0.0542,0.4691,75,0.0,0.0,True
2026-08-17,663494,824478,Bryan Torres,St. Louis Cardinals,St. Louis Cardinals@Cincinnati Reds,Rhett Lowder,Great American Ball Park,0.0,0.0,-0.0149,0.481,-0.0447,0.4595,76,0.0,0.0,True
2026-08-17,681297,822939,Colton Cowser,Baltimore Orioles,Baltimore Orioles@Tampa Bay Rays,Shane McClanahan,Tropicana Field,0.0,0.0,-0.0175,0.481,-0.0526,0.4557,77,0.0,0.0,True
2026-08-17,687462,823343,Spencer Horwitz,Pittsburgh Pirates,Detroit Tigers@Pittsburgh Pirates,Framber Valdez,PNC Park,0.0,0.0,0.0219,0.427,0.0658,0.4551,78,0.0,0.0,True
2026-08-17,686681,824077,Michael Massey,Kansas City Royals,Athletics@Kansas City Royals,Mason Barnett,Kauffman Stadium,0.0,0.0,-0.019,0.481,-0.057,0.4536,79,0.0,0.0,True
2026-08-17,677592,824514,Everson Pereira,St. Louis Cardinals,St. Louis Cardinals@Cincinnati Reds,Kent Emanuel,Great American Ball Park,0.0,0.0,0.0,0.452,0.0,0.452,80,0.0,0.0,True
2026-08-17,605137,823668,Josh Bell,Minnesota Twins,Atlanta Braves@Minnesota Twins,Martín Pérez,Target Field,0.0,0.0,0.0054,0.444,0.0162,0.4512,81,0.0,0.0,True
2026-08-17,673357,823589,Luis Robert Jr.,New York Mets,San Diego Padres@New York Mets,Walker Buehler,Citi Field,0.0,0.0,0.0031,0.44,0.0093,0.4441,82,0.0,0.0,True
2026-08-17,682829,824514,Elly De La Cruz,Cincinnati Reds,St. Louis Cardinals@Cincinnati Reds,Quinn Mathews,Great American Ball Park,0.0,0.0,0.0,0.444,0.0,0.444,83,0.0,0.0,True
2026-08-17,682829,824478,Elly De La Cruz,Cincinnati Reds,St. Louis Cardinals@Cincinnati Reds,Andre Pallante,Great American Ball Park,0.0,0.0,-0.0008,0.444,-0.0025,0.4429,84,0.0,0.0,True
2026-08-17,622761,822939,Jorge Mateo,Tampa Bay Rays,Baltimore Orioles@Tampa Bay Rays,Brandon Young,Tropicana Field,0.25,0.0,0.0,0.351,0.2501,0.4388,85,1.0,1.0,True
2026-08-17,677592,824478,Everson Pereira,St. Louis Cardinals,St. Louis Cardinals@Cincinnati Reds,Rhett Lowder,Great American Ball Park,0.0,0.0,-0.01,0.452,-0.0301,0.4384,86,0.0,0.0,True
2026-08-17,606466,824725,Ketel Marte,Arizona Diamondbacks,Arizona Diamondbacks@Boston Red Sox,Alec Gamboa,Fenway Park,0.0,0.0,-0.0196,0.462,-0.0589,0.4348,87,0.0,0.0,True
2026-08-17,670231,824077,John Rave,Kansas City Royals,Athletics@Kansas City Royals,Mason Barnett,Kauffman Stadium,0.0,0.0,0.033,0.385,0.099,0.4231,88,0.0,0.0,True
2026-08-17,650402,823343,Gleyber Torres,Detroit Tigers,Detroit Tigers@Pittsburgh Pirates,Carmen Mlodzinski,PNC Park,-0.25,0.0,0.0089,0.549,-0.2301,0.4227,89,0.0,0.0,True
2026-08-17,545341,824641,Randal Grichuk,Chicago White Sox,Chicago White Sox@Chicago Cubs,Shota Imanaga,Wrigley Field,0.0,0.0,0.0135,0.393,0.0405,0.4089,90,1.0,1.0,True
2026-08-17,694374,824725,Tim Tawa,Arizona Diamondbacks,Arizona Diamondbacks@Boston Red Sox,Alec Gamboa,Fenway Park,0.0,0.0,-0.0325,0.452,-0.0976,0.4079,91,0.0,0.0,True
2026-08-17,695491,824514,Joshua Báez,St. Louis Cardinals,St. Louis Cardinals@Cincinnati Reds,Kent Emanuel,Great American Ball Park,0.0,0.0,0.0,0.406,0.0,0.406,92,0.0,0.0,True
2026-08-17,695491,824478,Joshua Báez,St. Louis Cardinals,St. Louis Cardinals@Cincinnati Reds,Rhett Lowder,Great American Ball Park,0.0,0.0,0.0,0.406,0.0,0.406,93,0.0,0.0,True
2026-08-17,681624,824320,Andy Pages,Los Angeles Dodgers,Los Angeles Dodgers@Colorado Rockies,Tomoyuki Sugano,Coors Field,0.0,0.0,0.0246,0.378,0.0738,0.4059,94,0.0,0.0,True
2026-08-17,670764,822939,Taylor Walls,Tampa Bay Rays,Baltimore Orioles@Tampa Bay Rays,Brandon Young,Tropicana Field,0.0,0.0,0.0067,0.394,0.0201,0.4019,95,0.0,0.0,True
2026-08-17,680776,824725,Jarren Duran,Boston Red Sox,Arizona Diamondbacks@Boston Red Sox,Mitch Bratt,Fenway Park,0.0,0.0,-0.0063,0.405,-0.019,0.3973,96,0.0,0.0,True
2026-08-17,643217,824641,Andrew Benintendi,Chicago White Sox,Chicago White Sox@Chicago Cubs,Shota Imanaga,Wrigley Field,0.0,0.0,-0.0219,0.416,-0.0656,0.3887,97,1.0,1.0,True
2026-08-17,663330,824725,Jahmai Jones,Boston Red Sox,Arizona Diamondbacks@Boston Red Sox,Mitch Bratt,Fenway Park,0.0,0.0,0.0524,0.335,0.1573,0.3877,98,0.0,0.0,True
2026-08-17,663616,823668,Trevor Larnach,Minnesota Twins,Atlanta Braves@Minnesota Twins,Martín Pérez,Target Field,0.0,0.0,-0.0277,0.416,-0.0832,0.3814,99,0.0,0.0,True
2026-08-17,683748,822939,Victor Mesa Jr.,Tampa Bay Rays,Baltimore Orioles@Tampa Bay Rays,Brandon Young,Tropicana Field,0.0,0.0,0.0045,0.375,0.0136,0.3801,100,0.0,0.0,True
2026-08-17,682998,824725,Corbin Carroll,Arizona Diamondbacks,Arizona Diamondbacks@Boston Red Sox,Alec Gamboa,Fenway Park,0.0,0.0,0.0005,0.378,0.0016,0.3786,101,0.0,0.0,True
2026-08-17,681047,822939,Christian Franklin,Baltimore Orioles,Baltimore Orioles@Tampa Bay Rays,Shane McClanahan,Tropicana Field,0.25,0.0,-0.0161,0.315,0.1895,0.3747,102,0.0,0.0,True
2026-08-17,656537,823427,Derek Hill,Philadelphia Phillies,Miami Marlins@Philadelphia Phillies,Janson Junk,Citizens Bank Park,0.0,0.0,0.0,0.368,0.0,0.368,103,0.0,0.0,True
2026-08-17,805808,823343,Kevin McGonigle,Detroit Tigers,Detroit Tigers@Pittsburgh Pirates,Carmen Mlodzinski,PNC Park,0.0,0.0,0.0044,0.361,0.0133,0.3658,104,1.0,1.0,True
2026-08-17,645277,823668,Ozzie Albies,Atlanta Braves,Atlanta Braves@Minnesota Twins,Bailey Ober,Target Field,0.0,0.0,-0.0233,0.391,-0.0698,0.3637,105,0.0,0.0,True
2026-08-17,691728,824320,Zac Veen,Colorado Rockies,Los Angeles Dodgers@Colorado Rockies,Blake Snell,Coors Field,0.0,0.0,0.0,0.361,0.0,0.361,106,0.0,0.0,True
2026-08-17,693307,823343,Dillon Dingler,Detroit Tigers,Detroit Tigers@Pittsburgh Pirates,Carmen Mlodzinski,PNC Park,-0.25,0.0,-0.0158,0.504,-0.2855,0.3601,107,0.0,0.0,True
2026-08-17,663538,824641,Nico Hoerner,Chicago Cubs,Chicago White Sox@Chicago Cubs,Luis Castillo,Wrigley Field,0.0,0.0,0.0068,0.35,0.0203,0.3571,108,0.0,0.0,True
2026-08-17,682663,823427,Agustín Ramírez,Miami Marlins,Miami Marlins@Philadelphia Phillies,Cristopher Sánchez,Citizens Bank Park,0.0,0.0,-0.0017,0.358,-0.005,0.3562,109,0.0,0.0,True
2026-08-17,607208,823427,Trea Turner,Philadelphia Phillies,Miami Marlins@Philadelphia Phillies,Janson Junk,Citizens Bank Park,0.0,0.0,-0.0039,0.355,-0.0118,0.3508,110,0.0,0.0,True
2026-08-17,694378,823343,Jacob Gonzalez,Pittsburgh Pirates,Detroit Tigers@Pittsburgh Pirates,Framber Valdez,PNC Park,0.0,0.0,-0.0228,0.375,-0.0685,0.3493,111,0.0,0.0,True
2026-08-17,676439,824320,Hunter Feduccia,Los Angeles Dodgers,Los Angeles Dodgers@Colorado Rockies,Tomoyuki Sugano,Coors Field,0.0,0.0,0.0083,0.34,0.025,0.3485,112,0.0,0.0,True
2026-08-17,691182,824320,Adael Amador,Colorado Rockies,Los Angeles Dodgers@Colorado Rockies,Blake Snell,Coors Field,0.0,0.0,0.0,0.347,0.0,0.347,113,0.0,0.0,True
2026-08-17,661531,824077,Brian Serven,Athletics,Athletics@Kansas City Royals,Michael Wacha,Kauffman Stadium,0.0,0.0,-0.0014,0.347,-0.0043,0.3455,114,1.0,1.0,True
2026-08-17,805300,823427,Jakob Marsee,Miami Marlins,Miami Marlins@Philadelphia Phillies,Cristopher Sánchez,Citizens Bank Park,0.0,0.0,0.0165,0.327,0.0495,0.3432,115,0.0,0.0,True
2026-08-17,695657,824641,Colson Montgomery,Chicago White Sox,Chicago White Sox@Chicago Cubs,Shota Imanaga,Wrigley Field,0.0,0.0,-0.022,0.366,-0.0661,0.3418,116,0.0,0.0,True
2026-08-17,687749,823589,Jase Bowen,San Diego Padres,San Diego Padres@New York Mets,Nolan McLean,Citi Field,0.0,0.0,-0.0101,0.35,-0.0303,0.3394,117,0.0,0.0,True
2026-08-17,593428,823589,Xander Bogaerts,San Diego Padres,San Diego Padres@New York Mets,Nolan McLean,Citi Field,0.0,0.0,0.0041,0.334,0.0123,0.3381,118,0.0,0.0,True
2026-08-17,699625,824514,Jimmy Crooks,St. Louis Cardinals,St. Louis Cardinals@Cincinnati Reds,Kent Emanuel,Great American Ball Park,0.0,0.0,0.0,0.337,0.0,0.337,119,0.0,0.0,True
2026-08-17,664983,824320,Jake McCarthy,Colorado Rockies,Los Angeles Dodgers@Colorado Rockies,Blake Snell,Coors Field,0.0,0.0,-0.0147,0.35,-0.044,0.3346,120,0.0,0.0,True
2026-08-17,680779,823343,Henry Davis,Pittsburgh Pirates,Detroit Tigers@Pittsburgh Pirates,Framber Valdez,PNC Park,-0.25,0.0,-0.0144,0.466,-0.2824,0.3344,121,0.0,0.0,True
2026-08-17,664023,824641,Ian Happ,Chicago Cubs,Chicago White Sox@Chicago Cubs,Luis Castillo,Wrigley Field,0.0,0.0,-0.0143,0.342,-0.043,0.3273,122,0.0,0.0,True
2026-08-17,571771,824320,Enrique Hernández,Los Angeles Dodgers,Los Angeles Dodgers@Colorado Rockies,Tomoyuki Sugano,Coors Field,0.0,0.0,-0.003,0.328,-0.0091,0.325,123,0.0,0.0,True
2026-08-17,650559,823427,Bryan De La Cruz,Philadelphia Phillies,Miami Marlins@Philadelphia Phillies,Janson Junk,Citizens Bank Park,0.0,0.0,0.0116,0.314,0.0347,0.3249,124,0.0,0.0,True
2026-08-17,804668,823343,Rafael Flores Jr.,Pittsburgh Pirates,Detroit Tigers@Pittsburgh Pirates,Framber Valdez,PNC Park,-0.25,0.0,0.0268,0.399,-0.1897,0.3233,125,0.0,0.0,True
2026-08-17,621020,824641,Dansby Swanson,Chicago Cubs,Chicago White Sox@Chicago Cubs,Luis Castillo,Wrigley Field,0.0,0.0,-0.0046,0.327,-0.0138,0.3225,126,0.0,0.0,True
2026-08-17,681082,823427,Bryson Stott,Philadelphia Phillies,Miami Marlins@Philadelphia Phillies,Janson Junk,Citizens Bank Park,0.0,0.0,0.0409,0.285,0.1228,0.32,127,0.0,0.0,True
2026-08-17,543510,824725,James McCann,Arizona Diamondbacks,Arizona Diamondbacks@Boston Red Sox,Alec Gamboa,Fenway Park,0.0,0.0,-0.0005,0.32,-0.0016,0.3195,128,0.0,0.0,True
2026-08-17,663656,824320,Kyle Tucker,Los Angeles Dodgers,Los Angeles Dodgers@Colorado Rockies,Tomoyuki Sugano,Coors Field,0.0,0.0,-0.0028,0.321,-0.0084,0.3183,129,0.0,0.0,True
2026-08-17,701678,823343,Hao-Yu Lee,Detroit Tigers,Detroit Tigers@Pittsburgh Pirates,Carmen Mlodzinski,PNC Park,-0.25,0.0,-0.0127,0.44,-0.2786,0.3174,130,0.0,0.0,True
2026-08-17,668670,824641,Jake Rogers,Chicago White Sox,Chicago White Sox@Chicago Cubs,Shota Imanaga,Wrigley Field,0.0,0.0,-0.0009,0.314,-0.0025,0.3132,131,0.0,0.0,True
2026-08-17,665923,823427,Esteury Ruiz,Miami Marlins,Miami Marlins@Philadelphia Phillies,Cristopher Sánchez,Citizens Bank Park,0.0,0.0,-0.0193,0.332,-0.0578,0.3128,132,0.0,0.0,True
2026-08-17,669242,824320,Tommy Edman,Los Angeles Dodgers,Los Angeles Dodgers@Colorado Rockies,Tomoyuki Sugano,Coors Field,0.0,0.0,-0.0105,0.321,-0.0315,0.3109,133,0.0,0.0,True
2026-08-17,571912,824077,Luke Maile,Kansas City Royals,Athletics@Kansas City Royals,Mason Barnett,Kauffman Stadium,0.0,0.0,0.0,0.31,0.0,0.31,134,0.0,0.0,True
2026-08-17,814430,823343,Brett Callahan,Detroit Tigers,Detroit Tigers@Pittsburgh Pirates,Carmen Mlodzinski,PNC Park,0.0,0.0,0.0,0.307,0.0,0.307,135,0.0,0.0,True
2026-08-17,699625,824478,Jimmy Crooks,St. Louis Cardinals,St. Louis Cardinals@Cincinnati Reds,Rhett Lowder,Great American Ball Park,0.0,0.0,-0.0324,0.337,-0.0973,0.3042,136,0.0,0.0,True
2026-08-17,665506,823589,Cristian Pache,New York Mets,San Diego Padres@New York Mets,Walker Buehler,Citi Field,0.0,0.0,0.0,0.304,0.0,0.304,137,0.0,0.0,True
2026-08-17,665804,824641,Miguel Amaya,Chicago Cubs,Chicago White Sox@Chicago Cubs,Luis Castillo,Wrigley Field,0.0,0.0,0.0042,0.3,0.0127,0.3038,138,0.0,0.0,True
2026-08-17,640459,823427,Brian Navarreto,Miami Marlins,Miami Marlins@Philadelphia Phillies,Cristopher Sánchez,Citizens Bank Park,0.0,0.0,0.0,0.302,0.0,0.302,139,1.0,1.0,True
2026-08-17,701785,823668,Kaelen Culpepper,Minnesota Twins,Atlanta Braves@Minnesota Twins,Martín Pérez,Target Field,0.0,0.0,-0.0047,0.302,-0.0142,0.2977,140,0.0,0.0,True
2026-08-17,701649,824641,James Triantos,Chicago Cubs,Chicago White Sox@Chicago Cubs,Luis Castillo,Wrigley Field,0.0,0.0,0.0,0.293,0.0,0.293,141,0.0,0.0,True
2026-08-17,650968,822939,Yohel Pozo,Baltimore Orioles,Baltimore Orioles@Tampa Bay Rays,Shane McClanahan,Tropicana Field,0.25,0.0,-0.0181,0.247,0.1822,0.292,142,0.0,0.0,True
2026-08-17,669911,824514,Michael Toglia,Cincinnati Reds,St. Louis Cardinals@Cincinnati Reds,Quinn Mathews,Great American Ball Park,0.0,0.0,0.0,0.29,0.0,0.29,143,0.0,0.0,True
2026-08-17,669911,824478,Michael Toglia,Cincinnati Reds,St. Louis Cardinals@Cincinnati Reds,Andre Pallante,Great American Ball Park,0.0,0.0,0.0,0.29,0.0,0.29,144,0.0,0.0,True
2026-08-17,666163,824320,Ben Rortvedt,Los Angeles Dodgers,Los Angeles Dodgers@Colorado Rockies,Tomoyuki Sugano,Coors Field,0.0,0.0,0.0,0.29,0.0,0.29,145,0.0,0.0,True
2026-08-17,691011,824641,Drew Romo,Chicago White Sox,Chicago White Sox@Chicago Cubs,Shota Imanaga,Wrigley Field,0.0,0.0,-0.0062,0.294,-0.0187,0.2885,146,0.0,0.0,True
2026-08-17,683002,822939,Gunnar Henderson,Baltimore Orioles,Baltimore Orioles@Tampa Bay Rays,Shane McClanahan,Tropicana Field,0.0,0.0,-0.0231,0.308,-0.0692,0.2867,147,0.0,0.0,True
2026-08-17,702176,823668,Alan Roden,Minnesota Twins,Atlanta Braves@Minnesota Twins,Martín Pérez,Target Field,0.0,0.0,-0.0074,0.291,-0.0223,0.2845,148,0.0,0.0,True
2026-08-17,665966,822939,Carlos Narváez,Baltimore Orioles,Baltimore Orioles@Tampa Bay Rays,Shane McClanahan,Tropicana Field,0.25,0.0,-0.0318,0.248,0.1306,0.2804,149,0.0,0.0,True
2026-08-17,665019,823668,Kody Clemens,Minnesota Twins,Atlanta Braves@Minnesota Twins,Martín Pérez,Target Field,0.0,0.0,-0.0424,0.321,-0.1271,0.2802,150,0.0,0.0,True
2026-08-17,669720,823589,Austin Hays,San Diego Padres,San Diego Padres@New York Mets,Nolan McLean,Citi Field,0.0,0.0,0.0,0.28,0.0,0.28,151,0.0,0.0,True
2026-08-17,620443,823589,Luis Torrens,New York Mets,San Diego Padres@New York Mets,Walker Buehler,Citi Field,0.0,0.0,0.0274,0.256,0.082,0.277,152,0.0,0.0,True
2026-08-17,689414,822939,Liam Hicks,Tampa Bay Rays,Baltimore Orioles@Tampa Bay Rays,Brandon Young,Tropicana Field,0.0,0.0,0.0022,0.275,0.0065,0.2768,153,0.0,0.0,True
2026-08-17,657136,824725,Connor Wong,Boston Red Sox,Arizona Diamondbacks@Boston Red Sox,Mitch Bratt,Fenway Park,0.0,0.0,0.0184,0.262,0.0553,0.2765,154,0.0,0.0,True
2026-08-17,691783,824725,Jordan Lawlar,Arizona Diamondbacks,Arizona Diamondbacks@Boston Red Sox,Alec Gamboa,Fenway Park,0.0,0.0,0.0,0.274,0.0,0.274,155,0.0,0.0,True
2026-08-17,641680,824077,Jonah Heim,Athletics,Athletics@Kansas City Royals,Michael Wacha,Kauffman Stadium,0.0,0.0,-0.0081,0.28,-0.0243,0.2732,156,0.0,0.0,True
2026-08-17,686797,823668,Brooks Lee,Minnesota Twins,Atlanta Braves@Minnesota Twins,Martín Pérez,Target Field,0.0,0.0,-0.027,0.296,-0.0811,0.272,157,0.0,0.0,True
2026-08-17,664954,824320,Brett Sullivan,Colorado Rockies,Los Angeles Dodgers@Colorado Rockies,Blake Snell,Coors Field,0.0,0.0,0.0416,0.236,0.125,0.2655,158,0.0,0.0,True
2026-08-17,699302,824514,Héctor Rodríguez,Cincinnati Reds,St. Louis Cardinals@Cincinnati Reds,Quinn Mathews,Great American Ball Park,0.0,0.0,0.0,0.265,0.0,0.265,159,0.0,0.0,True
2026-08-17,687597,824320,Jordan Beck,Colorado Rockies,Los Angeles Dodgers@Colorado Rockies,Blake Snell,Coors Field,0.0,0.0,-0.0071,0.27,-0.0215,0.2642,160,0.0,0.0,True
2026-08-17,605141,824320,Mookie Betts,Los Angeles Dodgers,Los Angeles Dodgers@Colorado Rockies,Tomoyuki Sugano,Coors Field,0.0,0.0,0.0122,0.252,0.0365,0.2612,161,0.0,0.0,True
2026-08-17,666182,823589,Bo Bichette,New York Mets,San Diego Padres@New York Mets,Walker Buehler,Citi Field,0.0,0.0,0.0234,0.244,0.0701,0.2611,162,0.0,0.0,True
2026-08-17,657757,823589,Gavin Sheets,San Diego Padres,San Diego Padres@New York Mets,Nolan McLean,Citi Field,0.0,0.0,0.0009,0.256,0.0027,0.2567,163,0.0,0.0,True
2026-08-17,686780,824514,Pedro Pagés,St. Louis Cardinals,St. Louis Cardinals@Cincinnati Reds,Kent Emanuel,Great American Ball Park,0.0,0.0,0.0,0.256,0.0,0.256,164,0.0,0.0,True
2026-08-17,673490,823668,Ha-Seong Kim,Atlanta Braves,Atlanta Braves@Minnesota Twins,Bailey Ober,Target Field,0.0,0.0,0.0,0.255,0.0,0.255,165,0.0,0.0,True
2026-08-17,686668,824641,Brenton Doyle,Chicago White Sox,Chicago White Sox@Chicago Cubs,Shota Imanaga,Wrigley Field,0.0,0.0,-0.0055,0.258,-0.0167,0.2537,166,0.0,0.0,True
2026-08-17,666624,823589,Christopher Morel,New York Mets,San Diego Padres@New York Mets,Walker Buehler,Citi Field,0.0,0.0,0.0,0.25,0.0,0.25,167,0.0,0.0,True
2026-08-17,669221,823668,Sean Murphy,Atlanta Braves,Atlanta Braves@Minnesota Twins,Bailey Ober,Target Field,0.0,0.0,-0.0184,0.263,-0.0551,0.2485,168,0.0,0.0,True
2026-08-17,593871,823589,Jorge Polanco,New York Mets,San Diego Padres@New York Mets,Walker Buehler,Citi Field,0.0,0.0,-0.01,0.256,-0.0301,0.2483,169,0.0,0.0,True
2026-08-17,702332,824725,Caleb Durbin,Boston Red Sox,Arizona Diamondbacks@Boston Red Sox,Mitch Bratt,Fenway Park,0.0,0.0,0.0112,0.24,0.0337,0.2481,170,0.0,0.0,True
2026-08-17,500743,824320,Miguel Rojas,Los Angeles Dodgers,Los Angeles Dodgers@Colorado Rockies,Tomoyuki Sugano,Coors Field,0.0,0.0,-0.0173,0.26,-0.0519,0.2465,171,0.0,0.0,True
2026-08-17,656577,823668,Alex Jackson,Minnesota Twins,Atlanta Braves@Minnesota Twins,Martín Pérez,Target Field,0.0,0.0,0.0,0.244,0.0,0.244,172,0.0,0.0,True
2026-08-17,686780,824478,Pedro Pagés,St. Louis Cardinals,St. Louis Cardinals@Cincinnati Reds,Rhett Lowder,Great American Ball Park,0.0,0.0,-0.017,0.256,-0.0512,0.2429,173,0.0,0.0,True
2026-08-17,670770,824514,TJ Friedl,Cincinnati Reds,St. Louis Cardinals@Cincinnati Reds,Quinn Mathews,Great American Ball Park,0.0,0.0,0.0,0.24,0.0,0.24,174,0.0,0.0,True
2026-08-17,671056,824514,Iván Herrera,St. Louis Cardinals,St. Louis Cardinals@Cincinnati Reds,Kent Emanuel,Great American Ball Park,0.0,0.0,0.0,0.24,0.0,0.24,175,1.0,1.0,True
2026-08-17,678489,824725,Jorge Barrosa,Arizona Diamondbacks,Arizona Diamondbacks@Boston Red Sox,Alec Gamboa,Fenway Park,0.0,0.0,-0.021,0.256,-0.0629,0.2399,176,0.0,0.0,True
2026-08-17,671056,824478,Iván Herrera,St. Louis Cardinals,St. Louis Cardinals@Cincinnati Reds,Rhett Lowder,Great American Ball Park,0.0,0.0,-0.004,0.24,-0.0121,0.2371,177,1.0,1.0,True
2026-08-17,823550,823589,Sung-Mun Song,San Diego Padres,San Diego Padres@New York Mets,Nolan McLean,Citi Field,0.0,0.0,-0.0044,0.24,-0.0133,0.2368,178,0.0,0.0,True
2026-08-17,621438,824641,Tyrone Taylor,Chicago Cubs,Chicago White Sox@Chicago Cubs,Luis Castillo,Wrigley Field,0.0,0.0,-0.0165,0.248,-0.0496,0.2357,179,0.0,0.0,True
2026-08-17,699302,824478,Héctor Rodríguez,Cincinnati Reds,St. Louis Cardinals@Cincinnati Reds,Andre Pallante,Great American Ball Park,0.0,0.0,-0.0388,0.265,-0.1162,0.2342,180,0.0,0.0,True
2026-08-17,687637,822939,Dylan Beavers,Baltimore Orioles,Baltimore Orioles@Tampa Bay Rays,Shane McClanahan,Tropicana Field,0.0,0.0,-0.0196,0.248,-0.0589,0.2334,181,0.0,0.0,True
2026-08-17,699393,824641,Pedro Ramírez,Chicago Cubs,Chicago White Sox@Chicago Cubs,Luis Castillo,Wrigley Field,0.0,0.0,0.0042,0.226,0.0124,0.2288,182,0.0,0.0,True
2026-08-17,688363,823427,Graham Pauley,Miami Marlins,Miami Marlins@Philadelphia Phillies,Cristopher Sánchez,Citizens Bank Park,0.0,0.0,0.0,0.226,0.0,0.226,183,0.0,0.0,True
2026-08-17,667452,823343,Corey Julks,Detroit Tigers,Detroit Tigers@Pittsburgh Pirates,Carmen Mlodzinski,PNC Park,-0.25,0.0,0.0,0.301,-0.2498,0.2258,184,0.0,0.0,True
2026-08-17,672695,824725,Geraldo Perdomo,Arizona Diamondbacks,Arizona Diamondbacks@Boston Red Sox,Alec Gamboa,Fenway Park,0.0,0.0,-0.0173,0.237,-0.0519,0.2247,185,0.0,0.0,True
2026-08-17,669134,823589,Luis Campusano,San Diego Padres,San Diego Padres@New York Mets,Nolan McLean,Citi Field,0.0,0.0,0.0158,0.214,0.0472,0.2241,186,0.0,0.0,True
2026-08-17,701162,823343,Ben Malgeri,Detroit Tigers,Detroit Tigers@Pittsburgh Pirates,Carmen Mlodzinski,PNC Park,-0.25,0.0,-0.0029,0.301,-0.2565,0.2238,187,0.0,0.0,True
2026-08-17,663968,823343,Jake Mangum,Pittsburgh Pirates,Detroit Tigers@Pittsburgh Pirates,Framber Valdez,PNC Park,-0.25,0.0,0.0275,0.275,-0.188,0.2233,188,0.0,0.0,True
2026-08-17,624431,824514,Jose Trevino,Cincinnati Reds,St. Louis Cardinals@Cincinnati Reds,Quinn Mathews,Great American Ball Park,0.0,0.0,0.0,0.22,0.0,0.22,189,0.0,0.0,True
2026-08-17,682927,823343,Ronny Simon,Pittsburgh Pirates,Detroit Tigers@Pittsburgh Pirates,Framber Valdez,PNC Park,-0.25,0.0,0.0219,0.274,-0.2007,0.219,190,0.0,0.0,True
2026-08-17,596117,823427,Garrett Stubbs,Philadelphia Phillies,Miami Marlins@Philadelphia Phillies,Janson Junk,Citizens Bank Park,0.0,0.0,-0.0234,0.235,-0.0702,0.2185,191,0.0,0.0,True
2026-08-17,624431,824478,Jose Trevino,Cincinnati Reds,St. Louis Cardinals@Cincinnati Reds,Andre Pallante,Great American Ball Park,0.0,0.0,-0.0085,0.22,-0.0255,0.2144,192,0.0,0.0,True
2026-08-17,663647,824514,Ke'Bryan Hayes,Cincinnati Reds,St. Louis Cardinals@Cincinnati Reds,Quinn Mathews,Great American Ball Park,0.0,0.0,0.0,0.214,0.0,0.214,193,0.0,0.0,True
2026-08-17,671976,824641,Tristan Peters,Chicago White Sox,Chicago White Sox@Chicago Cubs,Shota Imanaga,Wrigley Field,0.0,0.0,-0.0008,0.208,-0.0024,0.2075,194,0.0,0.0,True
2026-08-17,670770,824478,TJ Friedl,Cincinnati Reds,St. Louis Cardinals@Cincinnati Reds,Andre Pallante,Great American Ball Park,0.0,0.0,-0.0456,0.24,-0.1367,0.2072,195,0.0,0.0,True
2026-08-17,691458,824478,Blaze Jordan,St. Louis Cardinals,St. Louis Cardinals@Cincinnati Reds,Rhett Lowder,Great American Ball Park,0.0,0.0,0.0007,0.202,0.002,0.2024,196,0.0,0.0,True
2026-08-17,691458,824514,Blaze Jordan,St. Louis Cardinals,St. Louis Cardinals@Cincinnati Reds,Kent Emanuel,Great American Ball Park,0.0,0.0,0.0,0.202,0.0,0.202,197,0.0,0.0,True
2026-08-17,695731,824641,Braden Montgomery,Chicago White Sox,Chicago White Sox@Chicago Cubs,Shota Imanaga,Wrigley Field,0.0,0.0,0.0245,0.188,0.0734,0.2018,198,0.0,0.0,True
2026-08-17,678662,824320,Ezequiel Tovar,Colorado Rockies,Los Angeles Dodgers@Colorado Rockies,Blake Snell,Coors Field,0.0,0.0,-0.0499,0.233,-0.1498,0.1981,199,0.0,0.0,True
2026-08-17,663647,824478,Ke'Bryan Hayes,Cincinnati Reds,St. Louis Cardinals@Cincinnati Reds,Andre Pallante,Great American Ball Park,0.0,0.0,-0.028,0.214,-0.0841,0.196,200,0.0,0.0,True
2026-08-17,608348,824641,Carson Kelly,Chicago Cubs,Chicago White Sox@Chicago Cubs,Luis Castillo,Wrigley Field,0.0,0.0,0.0027,0.192,0.0083,0.1936,201,0.0,0.0,True
2026-08-17,656775,822939,Cedric Mullins,Tampa Bay Rays,Baltimore Orioles@Tampa Bay Rays,Brandon Young,Tropicana Field,0.0,0.0,0.0022,0.192,0.0068,0.1933,202,0.0,0.0,True
2026-08-17,681393,824320,Connor Norby,Colorado Rockies,Los Angeles Dodgers@Colorado Rockies,Blake Snell,Coors Field,0.0,0.0,0.0,0.192,0.0,0.192,203,0.0,0.0,True
2026-08-17,680777,823668,Ryan Jeffers,Minnesota Twins,Atlanta Braves@Minnesota Twins,Martín Pérez,Target Field,0.0,0.0,0.0287,0.175,0.0863,0.1901,204,0.0,0.0,True
2026-08-17,703601,823343,Max Clark,Detroit Tigers,Detroit Tigers@Pittsburgh Pirates,Carmen Mlodzinski,PNC Park,0.0,0.0,-0.0124,0.197,-0.0371,0.1897,205,0.0,0.0,True
2026-08-17,545121,824725,Ildemaro Vargas,Arizona Diamondbacks,Arizona Diamondbacks@Boston Red Sox,Alec Gamboa,Fenway Park,0.0,0.0,-0.0182,0.197,-0.0548,0.1862,206,0.0,0.0,True
2026-08-17,666126,824077,Carlos Cortes,Athletics,Athletics@Kansas City Royals,Michael Wacha,Kauffman Stadium,0.0,0.0,-0.0137,0.192,-0.0411,0.1841,207,0.0,0.0,True
2026-08-17,695257,823343,Billy Cook,Pittsburgh Pirates,Detroit Tigers@Pittsburgh Pirates,Framber Valdez,PNC Park,-0.25,0.0,0.0,0.24,-0.25,0.18,208,0.0,0.0,True
2026-08-17,592663,823427,J.T. Realmuto,Philadelphia Phillies,Miami Marlins@Philadelphia Phillies,Janson Junk,Citizens Bank Park,0.0,0.0,-0.0125,0.183,-0.0377,0.1761,209,0.0,0.0,True
2026-08-17,814439,824725,Ryan Waldschmidt,Arizona Diamondbacks,Arizona Diamondbacks@Boston Red Sox,Alec Gamboa,Fenway Park,0.0,0.0,-0.0074,0.179,-0.0223,0.175,210,0.0,0.0,True
2026-08-17,521692,824077,Salvador Perez,Kansas City Royals,Athletics@Kansas City Royals,Mason Barnett,Kauffman Stadium,0.0,0.0,0.0333,0.157,0.1,0.1727,211,0.0,0.0,True
2026-08-17,643446,824077,Jeff McNeil,Athletics,Athletics@Kansas City Royals,Michael Wacha,Kauffman Stadium,0.0,0.0,0.0052,0.167,0.0156,0.1696,212,1.0,1.0,True
2026-08-17,694249,824320,Cole Carrigg,Colorado Rockies,Los Angeles Dodgers@Colorado Rockies,Blake Snell,Coors Field,0.0,0.0,-0.0138,0.175,-0.0411,0.1678,213,0.0,0.0,True
2026-08-17,694377,823343,Nick Yorke,Pittsburgh Pirates,Detroit Tigers@Pittsburgh Pirates,Framber Valdez,PNC Park,-0.25,0.0,0.0,0.22,-0.25,0.165,214,0.0,0.0,True
2026-08-17,691594,823427,Javier Sanoja,Miami Marlins,Miami Marlins@Philadelphia Phillies,Cristopher Sánchez,Citizens Bank Park,0.0,0.0,0.0006,0.164,0.0018,0.1643,215,0.0,0.0,True
2026-08-17,665877,824514,José Fermín,St. Louis Cardinals,St. Louis Cardinals@Cincinnati Reds,Kent Emanuel,Great American Ball Park,0.0,0.0,0.0,0.164,0.0,0.164,216,0.0,0.0,True
2026-08-17,701675,824514,Nathan Church,St. Louis Cardinals,St. Louis Cardinals@Cincinnati Reds,Kent Emanuel,Great American Ball Park,0.0,0.0,0.0,0.164,0.0,0.164,217,0.0,0.0,True
2026-08-17,676724,823589,Jared Young,New York Mets,San Diego Padres@New York Mets,Walker Buehler,Citi Field,0.0,0.0,-0.0005,0.164,-0.0012,0.1638,218,0.0,0.0,True
2026-08-17,699013,823343,Esmerlyn Valdez,Pittsburgh Pirates,Detroit Tigers@Pittsburgh Pirates,Framber Valdez,PNC Park,-0.25,0.0,0.0089,0.208,-0.2298,0.1602,219,0.0,0.0,True
2026-08-17,701675,824478,Nathan Church,St. Louis Cardinals,St. Louis Cardinals@Cincinnati Reds,Rhett Lowder,Great American Ball Park,0.0,0.0,-0.0082,0.164,-0.0244,0.16,220,0.0,0.0,True
2026-08-17,665877,824478,José Fermín,St. Louis Cardinals,St. Louis Cardinals@Cincinnati Reds,Rhett Lowder,Great American Ball Park,0.0,0.0,-0.0185,0.164,-0.0555,0.1549,221,0.0,0.0,True
2026-08-17,803011,824641,Sam Antonacci,Chicago White Sox,Chicago White Sox@Chicago Cubs,Shota Imanaga,Wrigley Field,0.0,0.0,-0.0057,0.157,-0.0172,0.1543,222,0.0,0.0,True
2026-08-17,702616,822939,Jackson Holliday,Baltimore Orioles,Baltimore Orioles@Tampa Bay Rays,Shane McClanahan,Tropicana Field,0.0,0.0,-0.013,0.16,-0.0388,0.1538,223,0.0,0.0,True
2026-08-17,650859,823589,Luis Rengifo,San Diego Padres,San Diego Padres@New York Mets,Nolan McLean,Citi Field,0.0,0.0,0.0156,0.145,0.0469,0.1518,224,0.0,0.0,True
2026-08-17,691023,824478,Jordan Walker,St. Louis Cardinals,St. Louis Cardinals@Cincinnati Reds,Rhett Lowder,Great American Ball Park,0.0,0.0,0.0064,0.148,0.0189,0.1508,225,0.0,0.0,True
2026-08-17,691023,824514,Jordan Walker,St. Louis Cardinals,St. Louis Cardinals@Cincinnati Reds,Kent Emanuel,Great American Ball Park,0.0,0.0,0.0,0.148,0.0,0.148,226,0.0,0.0,True
2026-08-17,664034,823589,Ty France,San Diego Padres,San Diego Padres@New York Mets,Nolan McLean,Citi Field,0.0,0.0,0.0141,0.14,0.0421,0.1459,227,0.0,0.0,True
2026-08-17,802139,824514,JJ Wetherholt,St. Louis Cardinals,St. Louis Cardinals@Cincinnati Reds,Kent Emanuel,Great American Ball Park,0.0,0.0,0.0,0.142,0.0,0.142,228,0.0,0.0,True
2026-08-17,666018,822939,Jonathan Aranda,Tampa Bay Rays,Baltimore Orioles@Tampa Bay Rays,Brandon Young,Tropicana Field,0.0,0.0,0.01,0.137,0.0299,0.1411,229,0.0,0.0,True
2026-08-17,669016,823427,Brandon Marsh,Philadelphia Phillies,Miami Marlins@Philadelphia Phillies,Janson Junk,Citizens Bank Park,0.0,0.0,-0.0093,0.145,-0.0276,0.141,230,0.0,0.0,True
2026-08-17,655316,824725,Andruw Monasterio,Boston Red Sox,Arizona Diamondbacks@Boston Red Sox,Mitch Bratt,Fenway Park,0.0,0.0,0.0055,0.133,0.0165,0.1352,231,0.0,0.0,True
2026-08-17,802139,824478,JJ Wetherholt,St. Louis Cardinals,St. Louis Cardinals@Cincinnati Reds,Rhett Lowder,Great American Ball Park,0.0,0.0,-0.0216,0.142,-0.0648,0.1328,232,0.0,0.0,True
2026-08-17,671739,823668,Michael Harris II,Atlanta Braves,Atlanta Braves@Minnesota Twins,Bailey Ober,Target Field,0.0,0.0,-0.0188,0.14,-0.0564,0.1321,233,0.0,0.0,True
2026-08-17,592518,823589,Manny Machado,San Diego Padres,San Diego Padres@New York Mets,Nolan McLean,Citi Field,0.0,0.0,-0.0165,0.13,-0.0492,0.1236,234,0.0,0.0,True
2026-08-17,686469,824077,Vinnie Pasquantino,Kansas City Royals,Athletics@Kansas City Royals,Mason Barnett,Kauffman Stadium,0.0,0.0,0.0,0.12,0.0,0.12,235,0.0,0.0,True
2026-08-17,672515,824725,Gabriel Moreno,Arizona Diamondbacks,Arizona Diamondbacks@Boston Red Sox,Alec Gamboa,Fenway Park,0.0,0.0,-0.025,0.128,-0.075,0.1184,236,0.0,0.0,True
2026-08-17,668804,823343,Bryan Reynolds,Pittsburgh Pirates,Detroit Tigers@Pittsburgh Pirates,Framber Valdez,PNC Park,-0.25,0.0,-0.0024,0.142,-0.2556,0.1057,237,0.0,0.0,True
2026-08-17,679529,823343,Spencer Torkelson,Detroit Tigers,Detroit Tigers@Pittsburgh Pirates,Carmen Mlodzinski,PNC Park,-0.25,0.0,0.003,0.137,-0.2431,0.1037,238,0.0,0.0,True
2026-08-17,683737,824641,Michael Busch,Chicago Cubs,Chicago White Sox@Chicago Cubs,Luis Castillo,Wrigley Field,0.0,0.0,-0.015,0.107,-0.0449,0.1022,239,0.0,0.0,True
2026-08-17,650333,823427,Luis Arraez,Philadelphia Phillies,Miami Marlins@Philadelphia Phillies,Janson Junk,Citizens Bank Park,0.0,0.0,-0.0117,0.101,-0.0347,0.0975,240,0.0,0.0,True
2026-08-17,667472,824514,Dane Myers,Cincinnati Reds,St. Louis Cardinals@Cincinnati Reds,Quinn Mathews,Great American Ball Park,0.0,0.0,0.0,0.0,0.0,0.0,241,1.0,2.0,True
2026-08-17,682622,824514,Noelvi Marte,Cincinnati Reds,St. Louis Cardinals@Cincinnati Reds,Quinn Mathews,Great American Ball Park,0.0,0.0,0.0,0.0,0.0,0.0,242,0.0,0.0,True
2026-08-17,691026,824514,Masyn Winn,St. Louis Cardinals,St. Louis Cardinals@Cincinnati Reds,Kent Emanuel,Great American Ball Park,0.0,0.0,0.0,0.0,0.0,0.0,243,0.0,0.0,True
2026-08-17,667472,824478,Dane Myers,Cincinnati Reds,St. Louis Cardinals@Cincinnati Reds,Andre Pallante,Great American Ball Park,0.0,0.0,-0.03,0.0,0.0,0.0,244,1.0,2.0,True
2026-08-17,682622,824478,Noelvi Marte,Cincinnati Reds,St. Louis Cardinals@Cincinnati Reds,Andre Pallante,Great American Ball Park,0.0,0.0,-0.0398,0.0,0.0,0.0,245,0.0,0.0,True
2026-08-17,691026,824478,Masyn Winn,St. Louis Cardinals,St. Louis Cardinals@Cincinnati Reds,Rhett Lowder,Great American Ball Park,0.0,0.0,-0.0141,0.0,0.0,0.0,246,0.0,0.0,True
2026-08-17,802415,822939,Chandler Simpson,Tampa Bay Rays,Baltimore Orioles@Tampa Bay Rays,Brandon Young,Tropicana Field,0.0,0.0,-0.0049,0.0,0.0,0.0,247,0.0,0.0,True
2026-08-17,669236,822939,Jeremiah Jackson,Baltimore Orioles,Baltimore Orioles@Tampa Bay Rays,Shane McClanahan,Tropicana Field,0.25,0.0,-0.0425,0.0,0.0,0.0,248,0.0,0.0,True
2026-08-17,664761,823427,Alec Bohm,Philadelphia Phillies,Miami Marlins@Philadelphia Phillies,Janson Junk,Citizens Bank Park,0.0,0.0,0.0122,0.0,0.0,0.0,249,0.0,0.0,True
2026-08-17,702222,823427,Justin Crawford,Philadelphia Phillies,Miami Marlins@Philadelphia Phillies,Janson Junk,Citizens Bank Park,0.0,0.0,0.0009,0.0,0.0,0.0,250,0.0,0.0,True
2026-08-17,672640,823427,Otto Lopez,Miami Marlins,Miami Marlins@Philadelphia Phillies,Cristopher Sánchez,Citizens Bank Park,0.0,0.0,-0.0282,0.0,0.0,0.0,251,0.0,0.0,True
2026-08-17,669364,823427,Xavier Edwards,Miami Marlins,Miami Marlins@Philadelphia Phillies,Cristopher Sánchez,Citizens Bank Park,0.0,0.0,0.0038,0.0,0.0,0.0,252,0.0,0.0,True
2026-08-17,669707,823343,Jared Triolo,Pittsburgh Pirates,Detroit Tigers@Pittsburgh Pirates,Framber Valdez,PNC Park,-0.25,0.0,0.0079,0.0,0.0,0.0,253,0.0,0.0,True
2026-08-17,693304,823343,Nick Gonzales,Pittsburgh Pirates,Detroit Tigers@Pittsburgh Pirates,Framber Valdez,PNC Park,-0.25,0.0,0.0152,0.0,0.0,0.0,254,0.0,0.0,True
2026-08-17,690993,823343,Colt Keith,Detroit Tigers,Detroit Tigers@Pittsburgh Pirates,Carmen Mlodzinski,PNC Park,0.0,0.0,0.0138,0.0,0.0,0.0,255,0.0,0.0,True
2026-08-17,595879,823343,Javier Báez,Detroit Tigers,Detroit Tigers@Pittsburgh Pirates,Carmen Mlodzinski,PNC Park,-0.25,0.0,-0.0153,0.0,0.0,0.0,256,0.0,0.0,True
2026-08-17,656716,823343,Zach McKinstry,Detroit Tigers,Detroit Tigers@Pittsburgh Pirates,Carmen Mlodzinski,PNC Park,0.0,0.0,0.0041,0.0,0.0,0.0,257,0.0,0.0,True
2026-08-17,668939,824725,Adley Rutschman,Boston Red Sox,Arizona Diamondbacks@Boston Red Sox,Mitch Bratt,Fenway Park,0.0,0.0,0.0062,0.0,0.0,0.0,258,0.0,0.0,True
2026-08-17,678011,824725,Anthony Seigler,Boston Red Sox,Arizona Diamondbacks@Boston Red Sox,Mitch Bratt,Fenway Park,0.0,0.0,0.0068,0.0,0.0,0.0,259,0.0,0.0,True
2026-08-17,681508,824725,Mickey Gasper,Boston Red Sox,Arizona Diamondbacks@Boston Red Sox,Mitch Bratt,Fenway Park,0.0,0.0,0.0,0.0,0.0,0.0,260,1.0,1.0,True
2026-08-17,686765,824725,Nick Sogard,Boston Red Sox,Arizona Diamondbacks@Boston Red Sox,Mitch Bratt,Fenway Park,0.0,0.0,-0.0065,0.0,0.0,0.0,261,0.0,0.0,True
2026-08-17,663457,824725,Lars Nootbaar,Arizona Diamondbacks,Arizona Diamondbacks@Boston Red Sox,Alec Gamboa,Fenway Park,0.0,0.0,-0.0369,0.0,0.0,0.0,262,0.0,0.0,True
2026-08-17,596146,824725,Max Kepler,Arizona Diamondbacks,Arizona Diamondbacks@Boston Red Sox,Alec Gamboa,Fenway Park,0.0,0.0,-0.0304,0.0,0.0,0.0,263,0.0,0.0,True
2026-08-17,805999,823589,A.J. Ewing,New York Mets,San Diego Padres@New York Mets,Walker Buehler,Citi Field,0.0,0.0,0.0115,0.0,0.0,0.0,264,0.0,0.0,True
2026-08-17,666023,823589,Freddy Fermin,San Diego Padres,San Diego Padres@New York Mets,Nolan McLean,Citi Field,0.0,0.0,0.0031,0.0,0.0,0.0,265,0.0,0.0,True
2026-08-17,630105,823589,Jake Cronenworth,San Diego Padres,San Diego Padres@New York Mets,Nolan McLean,Citi Field,0.0,0.0,0.0038,0.0,0.0,0.0,266,0.0,0.0,True
2026-08-17,677951,824077,Bobby Witt Jr.,Kansas City Royals,Athletics@Kansas City Royals,Mason Barnett,Kauffman Stadium,0.0,0.0,0.0105,0.0,0.0,0.0,267,1.0,1.0,True
2026-08-17,686555,824077,Isaac Collins,Kansas City Royals,Athletics@Kansas City Royals,Mason Barnett,Kauffman Stadium,0.0,0.0,0.0157,0.0,0.0,0.0,268,0.0,0.0,True
2026-08-17,664728,824077,Kyle Isbel,Kansas City Royals,Athletics@Kansas City Royals,Mason Barnett,Kauffman Stadium,0.0,0.0,-0.0189,0.0,0.0,0.0,269,0.0,0.0,True
2026-08-17,672580,824077,Maikel Garcia,Kansas City Royals,Athletics@Kansas City Royals,Mason Barnett,Kauffman Stadium,0.0,0.0,0.0,0.0,0.0,0.0,270,0.0,0.0,True
2026-08-17,679845,824077,Nick Loftin,Kansas City Royals,Athletics@Kansas City Royals,Mason Barnett,Kauffman Stadium,0.0,0.0,0.0236,0.0,0.0,0.0,271,0.0,0.0,True
2026-08-17,675961,824077,Alika Williams,Athletics,Athletics@Kansas City Royals,Michael Wacha,Kauffman Stadium,0.0,0.0,-0.0186,0.0,0.0,0.0,272,0.0,0.0,True
2026-08-17,687231,824077,Darell Hernaiz,Athletics,Athletics@Kansas City Royals,Michael Wacha,Kauffman Stadium,0.0,0.0,0.0,0.0,0.0,0.0,273,0.0,0.0,True
2026-08-17,805779,824077,Jacob Wilson,Athletics,Athletics@Kansas City Royals,Michael Wacha,Kauffman Stadium,0.0,0.0,-0.0142,0.0,0.0,0.0,274,0.0,0.0,True
2026-08-17,695720,824077,Tommy White,Athletics,Athletics@Kansas City Royals,Michael Wacha,Kauffman Stadium,0.0,0.0,-0.025,0.0,0.0,0.0,275,1.0,1.0,True
2026-08-17,668952,823668,Ryan Kreidler,Minnesota Twins,Atlanta Braves@Minnesota Twins,Martín Pérez,Target Field,0.0,0.0,-0.0297,0.0,0.0,0.0,276,0.0,0.0,True
2026-08-17,605170,823668,Victor Caratini,Minnesota Twins,Atlanta Braves@Minnesota Twins,Martín Pérez,Target Field,0.0,0.0,-0.0299,0.0,0.0,0.0,277,0.0,0.0,True
2026-08-17,642086,823668,Dominic Smith,Atlanta Braves,Atlanta Braves@Minnesota Twins,Bailey Ober,Target Field,0.0,0.0,-0.0038,0.0,0.0,0.0,278,0.0,0.0,True
2026-08-17,686948,823668,Drake Baldwin,Atlanta Braves,Atlanta Braves@Minnesota Twins,Bailey Ober,Target Field,0.0,0.0,-0.0056,0.0,0.0,0.0,279,0.0,0.0,True
2026-08-17,805347,823668,Jim Jarvis,Atlanta Braves,Atlanta Braves@Minnesota Twins,Bailey Ober,Target Field,0.0,0.0,-0.0145,0.0,0.0,0.0,280,0.0,0.0,True
2026-08-17,643289,823668,Mauricio Dubón,Atlanta Braves,Atlanta Braves@Minnesota Twins,Bailey Ober,Target Field,0.0,0.0,-0.0089,0.0,0.0,0.0,281,0.0,0.0,True
2026-08-17,682668,824641,Luisangel Acuña,Chicago White Sox,Chicago White Sox@Chicago Cubs,Shota Imanaga,Wrigley Field,0.0,0.0,-0.011,0.0,0.0,0.0,282,0.0,0.0,True
2026-08-17,681198,824320,TJ Rumfield,Colorado Rockies,Los Angeles Dodgers@Colorado Rockies,Blake Snell,Coors Field,0.0,0.0,-0.0426,0.0,0.0,0.0,283,0.0,0.0,True
2026-08-17,687859,824320,Troy Johnston,Colorado Rockies,Los Angeles Dodgers@Colorado Rockies,Blake Snell,Coors Field,0.0,0.0,-0.0162,0.0,0.0,0.0,284,0.0,0.0,True
2026-08-17,669743,824320,Alex Call,Los Angeles Dodgers,Los Angeles Dodgers@Colorado Rockies,Tomoyuki Sugano,Coors Field,0.0,0.0,0.0224,0.0,0.0,0.0,285,0.0,0.0,True
2026-08-17,518692,824320,Freddie Freeman,Los Angeles Dodgers,Los Angeles Dodgers@Colorado Rockies,Tomoyuki Sugano,Coors Field,0.0,0.0,-0.0048,0.0,0.0,0.0,286,0.0,0.0,True
2026-08-18,621566,823667,Matt Olson,Atlanta Braves,Atlanta Braves@Minnesota Twins,Zebby Matthews,Target Field,0.0,0.0,0.0412,1.0,0.1236,1.1236,1,0.0,0.0,True
2026-08-18,691406,822938,Junior Caminero,Tampa Bay Rays,Toronto Blue Jays@Tampa Bay Rays,José Soriano,Tropicana Field,0.25,0.0,-0.0169,0.905,0.1866,1.0739,2,0.0,0.0,True
2026-08-18,808959,824639,Munetaka Murakami,Chicago White Sox,Chicago White Sox@Chicago Cubs,Kevin Gausman,Wrigley Field,0.0,0.0,0.0212,1.0,0.0636,1.0636,3,1.0,1.0,True
2026-08-18,677800,824723,Wilyer Abreu,Boston Red Sox,Arizona Diamondbacks@Boston Red Sox,Merrill Kelly,Fenway Park,0.0,0.0,0.0466,0.928,0.1398,1.0577,4,0.0,0.0,True
2026-08-18,571970,824319,Max Muncy,Los Angeles Dodgers,Los Angeles Dodgers@Colorado Rockies,Ryan Feltner,Coors Field,0.0,0.0,0.0513,0.905,0.1539,1.0443,5,0.0,0.0,True
2026-08-18,665052,823423,Griffin Conine,Miami Marlins,Miami Marlins@Philadelphia Phillies,Zack Wheeler,Citizens Bank Park,0.0,0.0,0.0123,1.0,0.0369,1.0369,6,1.0,1.0,True
2026-08-18,624424,824639,Michael Conforto,Chicago Cubs,Chicago White Sox@Chicago Cubs,Bryan Hudson,Wrigley Field,0.0,0.0,0.0123,1.0,0.0369,1.0369,7,0.0,0.0,True
2026-08-18,641933,824803,Tyler O'Neill,Baltimore Orioles,New York Yankees@Baltimore Orioles,Carlos Rodón,Oriole Park at Camden Yards,0.0,0.0,0.0,1.0,0.0,1.0,8,0.0,0.0,True
2026-08-18,596019,823586,Francisco Lindor,New York Mets,San Diego Padres@New York Mets,Robbie Ray,Citi Field,0.0,0.0,0.0489,0.855,0.1467,0.9804,9,0.0,0.0,True
2026-08-18,676475,824475,Alec Burleson,St. Louis Cardinals,St. Louis Cardinals@Cincinnati Reds,Andrew Abbott,Great American Ball Park,0.0,0.0,0.0267,0.905,0.0801,0.9775,10,0.0,0.0,True
2026-08-18,695506,824075,Jac Caglianone,Kansas City Royals,Athletics@Kansas City Royals,Brady Basso,Kauffman Stadium,0.0,0.0,0.093,0.782,0.25,0.9775,11,0.0,0.0,True
2026-08-18,683357,823423,Owen Caissie,Miami Marlins,Miami Marlins@Philadelphia Phillies,Zack Wheeler,Citizens Bank Park,0.0,0.0,-0.0108,0.993,-0.0324,0.9608,12,0.0,0.0,True
2026-08-18,571448,824723,Nolan Arenado,Arizona Diamondbacks,Arizona Diamondbacks@Boston Red Sox,Ranger Suarez,Fenway Park,0.0,0.0,0.0308,0.871,0.0924,0.9515,13,0.0,0.0,True
2026-08-18,592626,822859,Joc Pederson,Texas Rangers,Washington Nationals@Texas Rangers,Jackson Kent,Globe Life Field,0.0,0.0,-0.0165,1.0,-0.0495,0.9505,14,0.0,0.0,True
2026-08-18,660271,824319,Shohei Ohtani,Los Angeles Dodgers,Los Angeles Dodgers@Colorado Rockies,Ryan Feltner,Coors Field,0.0,0.0,0.0775,0.754,0.2325,0.9293,15,1.0,1.0,True
2026-08-18,663886,824475,Tyler Stephenson,Cincinnati Reds,St. Louis Cardinals@Cincinnati Reds,Kyle Leahy,Great American Ball Park,0.0,0.0,0.0061,0.905,0.0183,0.9216,16,0.0,0.0,True
2026-08-18,678246,824639,Miguel Vargas,Chicago White Sox,Chicago White Sox@Chicago Cubs,Kevin Gausman,Wrigley Field,0.0,0.0,0.009,0.855,0.027,0.8781,17,0.0,0.0,True
2026-08-18,666211,824154,Taylor Trammell,Houston Astros,Los Angeles Angels@Houston Astros,George Klassen,Daikin Park,0.0,0.0,-0.0074,0.879,-0.0222,0.8595,18,0.0,0.0,True
2026-08-18,660670,823667,Ronald Acuña Jr.,Atlanta Braves,Atlanta Braves@Minnesota Twins,Zebby Matthews,Target Field,0.0,0.0,0.0077,0.839,0.0231,0.8584,19,0.0,0.0,True
2026-08-18,553993,824475,Eugenio Suárez,Cincinnati Reds,St. Louis Cardinals@Cincinnati Reds,Kyle Leahy,Great American Ball Park,0.0,0.0,-0.0191,0.905,-0.0573,0.8531,20,0.0,0.0,True
2026-08-18,656941,823423,Kyle Schwarber,Philadelphia Phillies,Miami Marlins@Philadelphia Phillies,Cade Gibson,Citizens Bank Park,0.0,0.0,-0.01,0.855,-0.0301,0.8293,21,0.0,0.0,True
2026-08-18,681715,823423,Heriberto Hernández,Miami Marlins,Miami Marlins@Philadelphia Phillies,Zack Wheeler,Citizens Bank Park,0.0,0.0,-0.0157,0.855,-0.0471,0.8147,22,0.0,0.0,True
2026-08-18,664040,823341,Brandon Lowe,Pittsburgh Pirates,Detroit Tigers@Pittsburgh Pirates,Keider Montero,PNC Park,0.0,0.0,-0.0125,0.836,-0.0376,0.8046,23,0.0,0.0,True
2026-08-18,665833,823341,Oneil Cruz,Pittsburgh Pirates,Detroit Tigers@Pittsburgh Pirates,Keider Montero,PNC Park,0.0,0.0,0.0,0.789,0.0,0.789,24,1.0,1.0,True
2026-08-18,682626,823586,Francisco Alvarez,New York Mets,San Diego Padres@New York Mets,Robbie Ray,Citi Field,0.0,0.0,0.0045,0.769,0.0135,0.7794,25,0.0,0.0,True
2026-08-18,680664,823341,Eduardo Valencia,Detroit Tigers,Detroit Tigers@Pittsburgh Pirates,Braxton Ashcraft,PNC Park,-0.25,0.0,0.0124,1.0,-0.2221,0.7779,26,0.0,0.0,True
2026-08-18,691718,824639,Pete Crow-Armstrong,Chicago Cubs,Chicago White Sox@Chicago Cubs,Bryan Hudson,Wrigley Field,0.0,0.0,0.0236,0.726,0.0708,0.7774,27,1.0,1.0,True
2026-08-18,671732,824075,Lawrence Butler,Athletics,Athletics@Kansas City Royals,Daniel Lynch IV,Kauffman Stadium,0.0,0.0,-0.0371,0.871,-0.1113,0.7741,28,0.0,0.0,True
2026-08-18,680869,824075,Zack Gelof,Athletics,Athletics@Kansas City Royals,Daniel Lynch IV,Kauffman Stadium,0.0,0.0,0.0062,0.754,0.0186,0.768,29,0.0,0.0,True
2026-08-18,608324,824639,Alex Bregman,Chicago Cubs,Chicago White Sox@Chicago Cubs,Bryan Hudson,Wrigley Field,0.0,0.0,0.0426,0.679,0.1278,0.7658,30,0.0,0.0,True
2026-08-18,624413,824803,Pete Alonso,Baltimore Orioles,New York Yankees@Baltimore Orioles,Carlos Rodón,Oriole Park at Camden Yards,0.0,0.0,0.0,0.754,0.0,0.754,31,0.0,0.0,True
2026-08-18,682674,824398,Victor Bericoto,San Francisco Giants,San Francisco Giants@Cleveland Guardians,Foster Griffin,Progressive Field,0.0,0.0,0.0,0.744,0.0,0.744,32,0.0,0.0,True
2026-08-18,701398,824475,Sal Stewart,Cincinnati Reds,St. Louis Cardinals@Cincinnati Reds,Kyle Leahy,Great American Ball Park,0.0,0.0,-0.0059,0.754,-0.0176,0.7407,33,0.0,0.0,True
2026-08-18,668227,823749,Randy Arozarena,Seattle Mariners,Seattle Mariners@Milwaukee Brewers,Kyle Harrison,American Family Field,0.0,0.0,0.0272,0.675,0.0816,0.7301,34,0.0,0.0,True
2026-08-18,678218,822938,Brandon Valenzuela,Toronto Blue Jays,Toronto Blue Jays@Tampa Bay Rays,Nick Martinez,Tropicana Field,0.0,0.0,-0.02,0.769,-0.0599,0.7229,35,0.0,0.0,True
2026-08-18,672275,824398,Patrick Bailey,Cleveland Guardians,San Francisco Giants@Cleveland Guardians,Carson Whisenhunt,Progressive Field,0.0,0.0,-0.0095,0.744,-0.0285,0.7228,36,0.0,0.0,True
2026-08-18,665487,823586,Fernando Tatis Jr.,San Diego Padres,San Diego Padres@New York Mets,Zac Thornton,Citi Field,0.0,0.0,0.0258,0.652,0.0775,0.7025,37,1.0,2.0,True
2026-08-18,678882,824723,Ceddanne Rafaela,Boston Red Sox,Arizona Diamondbacks@Boston Red Sox,Merrill Kelly,Fenway Park,0.0,0.0,-0.0099,0.721,-0.0297,0.6996,38,0.0,0.0,True
2026-08-18,666176,824398,Jo Adell,Cleveland Guardians,San Francisco Giants@Cleveland Guardians,Carson Whisenhunt,Progressive Field,0.0,0.0,0.0341,0.624,0.1022,0.6878,39,1.0,1.0,True
2026-08-18,663757,824803,Trent Grisham,New York Yankees,New York Yankees@Baltimore Orioles,Shane Baz,Oriole Park at Camden Yards,0.0,0.0,-0.0072,0.699,-0.0216,0.6839,40,1.0,1.0,True
2026-08-18,663586,823667,Austin Riley,Atlanta Braves,Atlanta Braves@Minnesota Twins,Zebby Matthews,Target Field,0.0,0.0,0.0097,0.659,0.0291,0.6782,41,0.0,0.0,True
2026-08-18,547180,823423,Bryce Harper,Philadelphia Phillies,Miami Marlins@Philadelphia Phillies,Cade Gibson,Citizens Bank Park,0.0,0.0,0.0156,0.641,0.0468,0.671,42,0.0,0.0,True
2026-08-18,573262,823667,Mike Yastrzemski,Atlanta Braves,Atlanta Braves@Minnesota Twins,Zebby Matthews,Target Field,0.0,0.0,0.0055,0.659,0.0165,0.6699,43,0.0,0.0,True
2026-08-18,805367,824639,Chase Meidroth,Chicago White Sox,Chicago White Sox@Chicago Cubs,Kevin Gausman,Wrigley Field,0.0,0.0,0.0497,0.581,0.1491,0.6676,44,0.0,0.0,True
2026-08-18,622268,824075,Donovan Walton,Athletics,Athletics@Kansas City Royals,Daniel Lynch IV,Kauffman Stadium,0.0,0.0,-0.036,0.744,-0.1081,0.6636,45,0.0,0.0,True
2026-08-18,680574,824475,Matt McLain,Cincinnati Reds,St. Louis Cardinals@Cincinnati Reds,Kyle Leahy,Great American Ball Park,0.0,0.0,-0.021,0.699,-0.0629,0.655,46,0.0,0.0,True
2026-08-18,657041,823667,Lane Thomas,Atlanta Braves,Atlanta Braves@Minnesota Twins,Zebby Matthews,Target Field,0.0,0.0,0.0252,0.592,0.0757,0.6368,47,0.0,0.0,True
2026-08-18,691777,824075,Max Muncy,Athletics,Athletics@Kansas City Royals,Daniel Lynch IV,Kauffman Stadium,0.0,0.0,-0.0123,0.659,-0.0369,0.6347,48,0.0,0.0,True
2026-08-18,683146,823586,Brett Baty,New York Mets,San Diego Padres@New York Mets,Robbie Ray,Citi Field,0.0,0.0,0.0009,0.624,0.0027,0.6257,49,0.0,0.0,True
2026-08-18,677594,823749,Julio Rodríguez,Seattle Mariners,Seattle Mariners@Milwaukee Brewers,Kyle Harrison,American Family Field,0.0,0.0,0.0442,0.549,0.1326,0.6218,50,0.0,0.0,True
2026-08-18,650489,824319,Willi Castro,Colorado Rockies,Los Angeles Dodgers@Colorado Rockies,Eric Lauer,Coors Field,0.0,0.0,0.0288,0.563,0.0863,0.6116,51,1.0,1.0,True
2026-08-18,682928,822859,CJ Abrams,Washington Nationals,Washington Nationals@Texas Rangers,Cal Quantrill,Globe Life Field,0.0,0.0,-0.0035,0.615,-0.0106,0.6085,52,0.0,0.0,True
2026-08-18,694192,823749,Jackson Chourio,Milwaukee Brewers,Seattle Mariners@Milwaukee Brewers,Bryce Miller,American Family Field,0.0,0.0,0.0366,0.54,0.1098,0.5993,53,0.0,0.0,True
2026-08-18,663743,822938,Nick Fortes,Tampa Bay Rays,Toronto Blue Jays@Tampa Bay Rays,José Soriano,Tropicana Field,0.25,0.0,-0.0151,0.496,0.1933,0.5919,54,0.0,0.0,True
2026-08-18,681624,824319,Andy Pages,Los Angeles Dodgers,Los Angeles Dodgers@Colorado Rockies,Ryan Feltner,Coors Field,0.0,0.0,0.0546,0.504,0.1639,0.5866,55,0.0,0.0,True
2026-08-18,682987,824803,Spencer Jones,New York Yankees,New York Yankees@Baltimore Orioles,Shane Baz,Oriole Park at Camden Yards,0.0,0.0,0.0,0.577,0.0,0.577,56,0.0,0.0,True
2026-08-18,686527,823749,Dominic Canzone,Seattle Mariners,Seattle Mariners@Milwaukee Brewers,Kyle Harrison,American Family Field,0.0,0.0,0.0289,0.531,0.0866,0.577,57,0.0,0.0,True
2026-08-18,701358,824154,Cam Smith,Houston Astros,Los Angeles Angels@Houston Astros,George Klassen,Daikin Park,0.0,0.0,0.0078,0.563,0.0234,0.5762,58,1.0,1.0,True
2026-08-18,606192,824319,Teoscar Hernández,Los Angeles Dodgers,Los Angeles Dodgers@Colorado Rockies,Ryan Feltner,Coors Field,0.0,0.0,0.0454,0.502,0.1363,0.5704,59,0.0,0.0,True
2026-08-18,676356,822938,Jonny DeLuca,Tampa Bay Rays,Toronto Blue Jays@Tampa Bay Rays,José Soriano,Tropicana Field,0.25,0.0,-0.0039,0.452,0.2354,0.5584,60,0.0,0.0,True
2026-08-18,668723,822938,Ryan Vilade,Tampa Bay Rays,Toronto Blue Jays@Tampa Bay Rays,José Soriano,Tropicana Field,0.25,0.0,-0.0057,0.452,0.2285,0.5553,61,0.0,0.0,True
2026-08-18,665161,824154,Jeremy Peña,Houston Astros,Los Angeles Angels@Houston Astros,George Klassen,Daikin Park,0.0,0.0,-0.0165,0.581,-0.0496,0.5522,62,0.0,0.0,True
2026-08-18,695734,822859,Daylen Lile,Washington Nationals,Washington Nationals@Texas Rangers,Cal Quantrill,Globe Life Field,0.0,0.0,-0.0079,0.559,-0.0236,0.5458,63,0.0,0.0,True
2026-08-18,641343,823749,Jake Bauers,Milwaukee Brewers,Seattle Mariners@Milwaukee Brewers,Bryce Miller,American Family Field,0.0,0.0,0.0206,0.513,0.0618,0.5447,64,1.0,1.0,True
2026-08-18,701538,823586,Jackson Merrill,San Diego Padres,San Diego Padres@New York Mets,Zac Thornton,Citi Field,0.0,0.0,-0.0036,0.549,-0.0107,0.5431,65,0.0,0.0,True
2026-08-18,642201,824723,Eli White,Boston Red Sox,Arizona Diamondbacks@Boston Red Sox,Merrill Kelly,Fenway Park,0.0,0.0,0.0145,0.513,0.0435,0.5353,66,0.0,0.0,True
2026-08-18,666160,824319,Mickey Moniak,Colorado Rockies,Los Angeles Dodgers@Colorado Rockies,Eric Lauer,Coors Field,0.0,0.0,-0.0117,0.549,-0.0352,0.5297,67,0.0,0.0,True
2026-08-18,624641,823423,Edmundo Sosa,Philadelphia Phillies,Miami Marlins@Philadelphia Phillies,Cade Gibson,Citizens Bank Park,0.0,0.0,0.0194,0.496,0.0583,0.5249,68,0.0,0.0,True
2026-08-18,665750,824803,Leody Taveras,Baltimore Orioles,New York Yankees@Baltimore Orioles,Carlos Rodón,Oriole Park at Camden Yards,0.0,0.0,0.0,0.524,0.0,0.524,69,0.0,0.0,True
2026-08-18,678545,824398,Osleivis Basabe,San Francisco Giants,San Francisco Giants@Cleveland Guardians,Foster Griffin,Progressive Field,0.0,0.0,-0.01,0.537,-0.03,0.5209,70,0.0,0.0,True
2026-08-18,575929,824723,Willson Contreras,Boston Red Sox,Arizona Diamondbacks@Boston Red Sox,Merrill Kelly,Fenway Park,0.0,0.0,0.0151,0.496,0.0454,0.5185,71,0.0,0.0,True
2026-08-18,543760,823586,Marcus Semien,New York Mets,San Diego Padres@New York Mets,Robbie Ray,Citi Field,0.0,0.0,0.0056,0.502,0.0167,0.5104,72,0.0,0.0,True
2026-08-18,807712,823667,Luke Keaschall,Minnesota Twins,Atlanta Braves@Minnesota Twins,Tyler Mahle,Target Field,0.0,0.0,0.0163,0.481,0.0489,0.5045,73,0.0,0.0,True
2026-08-18,687401,823749,Joey Ortiz,Milwaukee Brewers,Seattle Mariners@Milwaukee Brewers,Bryce Miller,American Family Field,0.0,0.0,0.0056,0.496,0.0167,0.5043,74,0.0,0.0,True
2026-08-18,665019,823667,Kody Clemens,Minnesota Twins,Atlanta Braves@Minnesota Twins,Tyler Mahle,Target Field,0.0,0.0,0.0009,0.502,0.0028,0.5034,75,0.0,0.0,True
2026-08-18,686475,824075,Tyler Tolbert,Kansas City Royals,Athletics@Kansas City Royals,Brady Basso,Kauffman Stadium,0.0,0.0,0.0153,0.481,0.0459,0.5031,76,0.0,0.0,True
2026-08-18,701807,823586,Carson Benge,New York Mets,San Diego Padres@New York Mets,Robbie Ray,Citi Field,0.0,0.0,0.038,0.444,0.114,0.4946,77,0.0,0.0,True
2026-08-18,572233,824154,Christian Walker,Houston Astros,Los Angeles Angels@Houston Astros,George Klassen,Daikin Park,0.0,0.0,0.0092,0.481,0.0277,0.4943,78,0.0,0.0,True
2026-08-18,668709,824475,JJ Bleday,Cincinnati Reds,St. Louis Cardinals@Cincinnati Reds,Kyle Leahy,Great American Ball Park,0.0,0.0,-0.0149,0.513,-0.0446,0.4901,79,0.0,0.0,True
2026-08-18,663494,824475,Bryan Torres,St. Louis Cardinals,St. Louis Cardinals@Cincinnati Reds,Andrew Abbott,Great American Ball Park,0.0,0.0,0.005,0.481,0.015,0.4882,80,0.0,0.0,True
2026-08-18,666139,824154,Josh Lowe,Los Angeles Angels,Los Angeles Angels@Houston Astros,Cristian Javier,Daikin Park,0.0,0.0,-0.0078,0.496,-0.0234,0.4844,81,1.0,1.0,True
2026-08-18,681297,824803,Colton Cowser,Baltimore Orioles,New York Yankees@Baltimore Orioles,Carlos Rodón,Oriole Park at Camden Yards,0.0,0.0,0.0,0.481,0.0,0.481,82,0.0,0.0,True
2026-08-18,621439,823667,Byron Buxton,Minnesota Twins,Atlanta Braves@Minnesota Twins,Tyler Mahle,Target Field,0.0,0.0,0.0,0.481,0.0,0.481,83,0.0,0.0,True
2026-08-18,680700,822938,Richie Palacios,Tampa Bay Rays,Toronto Blue Jays@Tampa Bay Rays,José Soriano,Tropicana Field,0.0,0.0,-0.0029,0.481,-0.0087,0.4768,84,0.0,0.0,True
2026-08-18,677592,824475,Everson Pereira,St. Louis Cardinals,St. Louis Cardinals@Cincinnati Reds,Andrew Abbott,Great American Ball Park,0.0,0.0,0.0174,0.452,0.0522,0.4756,85,0.0,0.0,True
2026-08-18,673237,824154,Yainer Diaz,Houston Astros,Los Angeles Angels@Houston Astros,George Klassen,Daikin Park,0.0,0.0,0.0351,0.427,0.1054,0.472,86,0.0,0.0,True
2026-08-18,673548,824639,Seiya Suzuki,Chicago Cubs,Chicago White Sox@Chicago Cubs,Bryan Hudson,Wrigley Field,0.0,0.0,0.041,0.42,0.1231,0.4717,87,0.0,0.0,True
2026-08-18,691788,823423,Joe Mack,Miami Marlins,Miami Marlins@Philadelphia Phillies,Zack Wheeler,Citizens Bank Park,0.0,0.0,-0.0279,0.513,-0.0836,0.4701,88,0.0,0.0,True
2026-08-18,642708,824803,Amed Rosario,New York Yankees,New York Yankees@Baltimore Orioles,Shane Baz,Oriole Park at Camden Yards,0.0,0.0,-0.0289,0.513,-0.0867,0.4685,89,0.0,0.0,True
2026-08-18,687551,824398,Drew Gilbert,San Francisco Giants,San Francisco Giants@Cleveland Guardians,Foster Griffin,Progressive Field,0.0,0.0,0.0211,0.44,0.0634,0.4679,90,0.0,0.0,True
2026-08-18,669224,824803,Austin Wells,New York Yankees,New York Yankees@Baltimore Orioles,Shane Baz,Oriole Park at Camden Yards,0.0,0.0,-0.0097,0.481,-0.0291,0.467,91,0.0,0.0,True
2026-08-18,694374,824723,Tim Tawa,Arizona Diamondbacks,Arizona Diamondbacks@Boston Red Sox,Ranger Suarez,Fenway Park,0.0,0.0,-0.0036,0.471,-0.0108,0.4659,92,0.0,0.0,True
2026-08-18,668904,823667,Royce Lewis,Minnesota Twins,Atlanta Braves@Minnesota Twins,Tyler Mahle,Target Field,0.0,0.0,-0.0105,0.481,-0.0316,0.4658,93,0.0,0.0,True
2026-08-18,663728,823749,Cal Raleigh,Seattle Mariners,Seattle Mariners@Milwaukee Brewers,Kyle Harrison,American Family Field,0.0,0.0,0.0072,0.452,0.0217,0.4618,94,0.0,0.0,True
2026-08-18,805811,824398,Bryce Eldridge,San Francisco Giants,San Francisco Giants@Cleveland Guardians,Foster Griffin,Progressive Field,0.0,0.0,-0.0202,0.491,-0.0607,0.4612,95,1.0,1.0,True
2026-08-18,642350,824154,Jose Siri,Los Angeles Angels,Los Angeles Angels@Houston Astros,Cristian Javier,Daikin Park,0.0,0.0,0.0151,0.44,0.0452,0.4599,96,0.0,0.0,True
2026-08-18,686797,823667,Brooks Lee,Minnesota Twins,Atlanta Braves@Minnesota Twins,Tyler Mahle,Target Field,0.0,0.0,0.009,0.444,0.027,0.456,97,0.0,0.0,True
2026-08-18,677870,823423,Leo Jiménez,Miami Marlins,Miami Marlins@Philadelphia Phillies,Zack Wheeler,Citizens Bank Park,0.0,0.0,-0.0277,0.496,-0.0831,0.4548,98,0.0,0.0,True
2026-08-18,694673,822859,Abimelec Ortiz,Washington Nationals,Washington Nationals@Texas Rangers,Cal Quantrill,Globe Life Field,0.0,0.0,0.0142,0.423,0.0426,0.441,99,0.0,0.0,True
2026-08-18,686681,824075,Michael Massey,Kansas City Royals,Athletics@Kansas City Royals,Brady Basso,Kauffman Stadium,0.0,0.0,-0.0156,0.462,-0.0468,0.4404,100,0.0,0.0,True
2026-08-18,622761,822938,Jorge Mateo,Tampa Bay Rays,Toronto Blue Jays@Tampa Bay Rays,José Soriano,Tropicana Field,0.25,0.0,0.0,0.351,0.2501,0.4388,101,0.0,0.0,True
2026-08-18,703607,824075,Henry Bolte,Athletics,Athletics@Kansas City Royals,Daniel Lynch IV,Kauffman Stadium,0.0,0.0,-0.0242,0.471,-0.0726,0.4368,102,0.0,0.0,True
2026-08-18,673357,823586,Luis Robert Jr.,New York Mets,San Diego Padres@New York Mets,Robbie Ray,Citi Field,0.0,0.0,0.0146,0.416,0.0437,0.4342,103,1.0,1.0,True
2026-08-18,687952,824803,Christian Encarnacion-Strand,Baltimore Orioles,New York Yankees@Baltimore Orioles,Carlos Rodón,Oriole Park at Camden Yards,0.0,0.0,0.0,0.427,0.0,0.427,104,0.0,0.0,True
2026-08-18,691723,824803,Coby Mayo,Baltimore Orioles,New York Yankees@Baltimore Orioles,Carlos Rodón,Oriole Park at Camden Yards,0.0,0.0,0.0,0.427,0.0,0.427,105,1.0,1.0,True
2026-08-18,650490,822938,Yandy Díaz,Tampa Bay Rays,Toronto Blue Jays@Tampa Bay Rays,José Soriano,Tropicana Field,0.25,0.0,-0.0127,0.355,0.2023,0.4268,106,0.0,0.0,True
2026-08-18,672386,822938,Alejandro Kirk,Toronto Blue Jays,Toronto Blue Jays@Tampa Bay Rays,Nick Martinez,Tropicana Field,0.25,0.0,0.0285,0.314,0.357,0.4261,107,1.0,1.0,True
2026-08-18,663662,822938,Daz Cameron,Toronto Blue Jays,Toronto Blue Jays@Tampa Bay Rays,Nick Martinez,Tropicana Field,0.25,0.0,0.0,0.34,0.25,0.425,108,0.0,0.0,True
2026-08-18,608369,822859,Corey Seager,Texas Rangers,Washington Nationals@Texas Rangers,Jackson Kent,Globe Life Field,0.0,0.0,0.0069,0.416,0.0207,0.4246,109,0.0,0.0,True
2026-08-18,605137,823667,Josh Bell,Minnesota Twins,Atlanta Braves@Minnesota Twins,Tyler Mahle,Target Field,0.0,0.0,0.0031,0.42,0.0093,0.4239,110,1.0,1.0,True
2026-08-18,683734,823749,Andrew Vaughn,Milwaukee Brewers,Seattle Mariners@Milwaukee Brewers,Bryce Miller,American Family Field,0.0,0.0,0.0252,0.394,0.0756,0.4238,111,0.0,0.0,True
2026-08-18,643217,824639,Andrew Benintendi,Chicago White Sox,Chicago White Sox@Chicago Cubs,Kevin Gausman,Wrigley Field,0.0,0.0,-0.0161,0.44,-0.0484,0.4187,112,0.0,0.0,True
2026-08-18,545341,824639,Randal Grichuk,Chicago White Sox,Chicago White Sox@Chicago Cubs,Kevin Gausman,Wrigley Field,0.0,0.0,0.021,0.393,0.0631,0.4178,113,0.0,0.0,True
2026-08-18,695600,824075,Carter Jensen,Kansas City Royals,Athletics@Kansas City Royals,Brady Basso,Kauffman Stadium,0.0,0.0,0.0012,0.416,0.0036,0.4175,114,0.0,0.0,True
2026-08-18,607043,822859,Brandon Nimmo,Texas Rangers,Washington Nationals@Texas Rangers,Jackson Kent,Globe Life Field,0.0,0.0,0.0079,0.405,0.0237,0.4146,115,0.0,0.0,True
2026-08-18,691182,824319,Adael Amador,Colorado Rockies,Los Angeles Dodgers@Colorado Rockies,Eric Lauer,Coors Field,0.0,0.0,0.06,0.347,0.1801,0.4095,116,0.0,0.0,True
2026-08-18,665953,822859,Andrés Chaparro,Washington Nationals,Washington Nationals@Texas Rangers,Cal Quantrill,Globe Life Field,0.0,0.0,0.013,0.394,0.0391,0.4094,117,0.0,0.0,True
2026-08-18,677649,822859,Ezequiel Duran,Texas Rangers,Washington Nationals@Texas Rangers,Jackson Kent,Globe Life Field,0.0,0.0,-0.0023,0.412,-0.0068,0.4092,118,0.0,0.0,True
2026-08-18,695491,824475,Joshua Báez,St. Louis Cardinals,St. Louis Cardinals@Cincinnati Reds,Andrew Abbott,Great American Ball Park,0.0,0.0,0.0,0.406,0.0,0.406,119,0.0,0.0,True
2026-08-18,687462,823341,Spencer Horwitz,Pittsburgh Pirates,Detroit Tigers@Pittsburgh Pirates,Keider Montero,PNC Park,0.0,0.0,-0.0187,0.427,-0.0562,0.403,120,0.0,0.0,True
2026-08-18,680776,824723,Jarren Duran,Boston Red Sox,Arizona Diamondbacks@Boston Red Sox,Merrill Kelly,Fenway Park,0.0,0.0,-0.0025,0.405,-0.0074,0.402,121,0.0,0.0,True
2026-08-18,645277,823667,Ozzie Albies,Atlanta Braves,Atlanta Braves@Minnesota Twins,Zebby Matthews,Target Field,0.0,0.0,-0.0034,0.405,-0.0101,0.4009,122,0.0,0.0,True
2026-08-18,807727,822938,Charles McAdoo,Toronto Blue Jays,Toronto Blue Jays@Tampa Bay Rays,Nick Martinez,Tropicana Field,0.25,0.0,-0.0026,0.323,0.2402,0.4006,123,0.0,0.0,True
2026-08-18,650402,823341,Gleyber Torres,Detroit Tigers,Detroit Tigers@Pittsburgh Pirates,Braxton Ashcraft,PNC Park,-0.25,0.0,-0.0003,0.531,-0.2507,0.3979,124,0.0,0.0,True
2026-08-18,682998,824723,Corbin Carroll,Arizona Diamondbacks,Arizona Diamondbacks@Boston Red Sox,Ranger Suarez,Fenway Park,0.0,0.0,0.0112,0.385,0.0335,0.3979,125,0.0,0.0,True
2026-08-18,671277,824803,Luis García Jr.,New York Yankees,New York Yankees@Baltimore Orioles,Shane Baz,Oriole Park at Camden Yards,0.0,0.0,-0.0045,0.398,-0.0136,0.3926,126,0.0,0.0,True
2026-08-18,694378,823341,Jacob Gonzalez,Pittsburgh Pirates,Detroit Tigers@Pittsburgh Pirates,Keider Montero,PNC Park,0.0,0.0,-0.0151,0.405,-0.0452,0.3867,127,0.0,0.0,True
2026-08-18,676369,824154,Nelson Velázquez,Houston Astros,Los Angeles Angels@Houston Astros,George Klassen,Daikin Park,0.0,0.0,0.0,0.384,0.0,0.384,128,0.0,0.0,True
2026-08-18,691781,822859,Brady House,Washington Nationals,Washington Nationals@Texas Rangers,Cal Quantrill,Globe Life Field,0.0,0.0,-0.0041,0.385,-0.0122,0.3803,129,0.0,0.0,True
2026-08-18,805808,823341,Kevin McGonigle,Detroit Tigers,Detroit Tigers@Pittsburgh Pirates,Braxton Ashcraft,PNC Park,0.0,0.0,0.0066,0.372,0.0199,0.3794,130,0.0,0.0,True
2026-08-18,663616,823667,Trevor Larnach,Minnesota Twins,Atlanta Braves@Minnesota Twins,Tyler Mahle,Target Field,0.0,0.0,-0.0297,0.416,-0.0892,0.3789,131,0.0,0.0,True
2026-08-18,694197,824398,Angel Genao,Cleveland Guardians,San Francisco Giants@Cleveland Guardians,Carson Whisenhunt,Progressive Field,0.0,0.0,0.0503,0.329,0.1508,0.3786,132,0.0,0.0,True
2026-08-18,663330,824723,Jahmai Jones,Boston Red Sox,Arizona Diamondbacks@Boston Red Sox,Merrill Kelly,Fenway Park,0.0,0.0,0.0422,0.335,0.1266,0.3774,133,0.0,0.0,True
2026-08-18,545121,824723,Ildemaro Vargas,Arizona Diamondbacks,Arizona Diamondbacks@Boston Red Sox,Ranger Suarez,Fenway Park,0.0,0.0,-0.0068,0.385,-0.0205,0.3771,134,0.0,0.0,True
2026-08-18,607208,823423,Trea Turner,Philadelphia Phillies,Miami Marlins@Philadelphia Phillies,Cade Gibson,Citizens Bank Park,0.0,0.0,-0.0089,0.385,-0.0268,0.3747,135,0.0,0.0,True
2026-08-18,683748,822938,Victor Mesa Jr.,Tampa Bay Rays,Toronto Blue Jays@Tampa Bay Rays,José Soriano,Tropicana Field,0.0,0.0,-0.0017,0.375,-0.0051,0.3731,136,0.0,0.0,True
2026-08-18,669394,822859,Jake Burger,Texas Rangers,Washington Nationals@Texas Rangers,Jackson Kent,Globe Life Field,0.0,0.0,0.0114,0.358,0.0341,0.3702,137,0.0,0.0,True
2026-08-18,664983,824319,Jake McCarthy,Colorado Rockies,Los Angeles Dodgers@Colorado Rockies,Eric Lauer,Coors Field,0.0,0.0,0.0239,0.344,0.0718,0.3687,138,0.0,0.0,True
2026-08-18,808982,824398,Jung Hoo Lee,San Francisco Giants,San Francisco Giants@Cleveland Guardians,Foster Griffin,Progressive Field,0.0,0.0,-0.0048,0.372,-0.0145,0.3666,139,0.0,0.0,True
2026-08-18,670231,824075,John Rave,Kansas City Royals,Athletics@Kansas City Royals,Brady Basso,Kauffman Stadium,0.0,0.0,-0.0159,0.385,-0.0478,0.3666,140,0.0,0.0,True
2026-08-18,518595,824154,Travis d'Arnaud,Los Angeles Angels,Los Angeles Angels@Houston Astros,Cristian Javier,Daikin Park,0.0,0.0,-0.016,0.381,-0.048,0.3627,141,0.0,0.0,True
2026-08-18,691728,824319,Zac Veen,Colorado Rockies,Los Angeles Dodgers@Colorado Rockies,Eric Lauer,Coors Field,0.0,0.0,0.0,0.361,0.0,0.361,142,0.0,0.0,True
2026-08-18,801126,823749,Brock Rodden,Seattle Mariners,Seattle Mariners@Milwaukee Brewers,Kyle Harrison,American Family Field,0.0,0.0,0.0274,0.333,0.0823,0.3604,143,0.0,0.0,True
2026-08-18,663538,824639,Nico Hoerner,Chicago Cubs,Chicago White Sox@Chicago Cubs,Bryan Hudson,Wrigley Field,0.0,0.0,0.0037,0.355,0.011,0.3589,144,0.0,0.0,True
2026-08-18,663656,824319,Kyle Tucker,Los Angeles Dodgers,Los Angeles Dodgers@Colorado Rockies,Ryan Feltner,Coors Field,0.0,0.0,0.0383,0.321,0.115,0.3579,145,0.0,0.0,True
2026-08-18,682663,823423,Agustín Ramírez,Miami Marlins,Miami Marlins@Philadelphia Phillies,Zack Wheeler,Citizens Bank Park,0.0,0.0,-0.001,0.358,-0.0031,0.3569,146,0.0,0.0,True
2026-08-18,693307,823341,Dillon Dingler,Detroit Tigers,Detroit Tigers@Pittsburgh Pirates,Braxton Ashcraft,PNC Park,-0.25,0.0,-0.0193,0.504,-0.2935,0.3561,147,0.0,0.0,True
2026-08-18,656537,823423,Derek Hill,Philadelphia Phillies,Miami Marlins@Philadelphia Phillies,Cade Gibson,Citizens Bank Park,0.0,0.0,-0.0118,0.368,-0.0353,0.355,148,0.0,0.0,True
2026-08-18,676439,824319,Hunter Feduccia,Los Angeles Dodgers,Los Angeles Dodgers@Colorado Rockies,Ryan Feltner,Coors Field,0.0,0.0,0.0102,0.34,0.0306,0.3504,149,0.0,0.0,True
2026-08-18,687749,823586,Jase Bowen,San Diego Padres,San Diego Padres@New York Mets,Zac Thornton,Citi Field,0.0,0.0,-0.0015,0.35,-0.0046,0.3484,150,0.0,0.0,True
2026-08-18,664023,824639,Ian Happ,Chicago Cubs,Chicago White Sox@Chicago Cubs,Bryan Hudson,Wrigley Field,0.0,0.0,0.0055,0.342,0.0164,0.3476,151,0.0,0.0,True
2026-08-18,670764,822938,Taylor Walls,Tampa Bay Rays,Toronto Blue Jays@Tampa Bay Rays,José Soriano,Tropicana Field,0.0,0.0,-0.0164,0.358,-0.0492,0.3404,152,0.0,0.0,True
2026-08-18,699625,824475,Jimmy Crooks,St. Louis Cardinals,St. Louis Cardinals@Cincinnati Reds,Andrew Abbott,Great American Ball Park,0.0,0.0,-0.0,0.337,0.0,0.337,153,0.0,0.0,True
2026-08-18,695657,824639,Colson Montgomery,Chicago White Sox,Chicago White Sox@Chicago Cubs,Kevin Gausman,Wrigley Field,0.0,0.0,-0.0286,0.366,-0.0858,0.3346,154,0.0,0.0,True
2026-08-18,677588,822859,José Tena,Washington Nationals,Washington Nationals@Texas Rangers,Cal Quantrill,Globe Life Field,0.0,0.0,0.0115,0.323,0.0344,0.3341,155,0.0,0.0,True
2026-08-18,701678,823341,Hao-Yu Lee,Detroit Tigers,Detroit Tigers@Pittsburgh Pirates,Braxton Ashcraft,PNC Park,-0.25,0.0,0.0029,0.44,-0.2434,0.3329,156,0.0,0.0,True
2026-08-18,593428,823586,Xander Bogaerts,San Diego Padres,San Diego Padres@New York Mets,Zac Thornton,Citi Field,0.0,0.0,0.0121,0.321,0.0364,0.3327,157,0.0,0.0,True
2026-08-18,813841,824398,Jonah Cox,San Francisco Giants,San Francisco Giants@Cleveland Guardians,Foster Griffin,Progressive Field,0.0,0.0,0.0,0.33,0.0,0.33,158,0.0,0.0,True
2026-08-18,690984,824398,Petey Halpin,Cleveland Guardians,San Francisco Giants@Cleveland Guardians,Carson Whisenhunt,Progressive Field,0.0,0.0,0.0082,0.321,0.0246,0.3289,159,0.0,0.0,True
2026-08-18,668670,824639,Jake Rogers,Chicago White Sox,Chicago White Sox@Chicago Cubs,Kevin Gausman,Wrigley Field,0.0,0.0,0.0151,0.314,0.0452,0.3282,160,0.0,0.0,True
2026-08-18,805300,823423,Jakob Marsee,Miami Marlins,Miami Marlins@Philadelphia Phillies,Zack Wheeler,Citizens Bank Park,0.0,0.0,0.0074,0.321,0.0221,0.3281,161,0.0,0.0,True
2026-08-18,665923,823423,Esteury Ruiz,Miami Marlins,Miami Marlins@Philadelphia Phillies,Zack Wheeler,Citizens Bank Park,0.0,0.0,-0.0051,0.332,-0.0154,0.3269,162,0.0,0.0,True
2026-08-18,661531,824075,Brian Serven,Athletics,Athletics@Kansas City Royals,Daniel Lynch IV,Kauffman Stadium,0.0,0.0,-0.0205,0.347,-0.0614,0.3257,163,0.0,0.0,True
2026-08-18,647304,823749,Josh Naylor,Seattle Mariners,Seattle Mariners@Milwaukee Brewers,Kyle Harrison,American Family Field,0.0,0.0,0.0326,0.296,0.0976,0.3249,164,0.0,0.0,True
2026-08-18,663993,824398,Nathaniel Lowe,Cleveland Guardians,San Francisco Giants@Cleveland Guardians,Carson Whisenhunt,Progressive Field,0.0,0.0,0.018,0.308,0.0539,0.3246,165,0.0,0.0,True
2026-08-18,687605,822859,Andrew Pinckney,Washington Nationals,Washington Nationals@Texas Rangers,Cal Quantrill,Globe Life Field,0.0,0.0,0.0,0.324,0.0,0.324,166,0.0,0.0,True
2026-08-18,691594,823423,Javier Sanoja,Miami Marlins,Miami Marlins@Philadelphia Phillies,Zack Wheeler,Citizens Bank Park,0.0,0.0,0.003,0.321,0.009,0.3239,167,0.0,0.0,True
2026-08-18,670541,824154,Yordan Alvarez,Houston Astros,Los Angeles Angels@Houston Astros,George Klassen,Daikin Park,0.0,0.0,0.024,0.302,0.0719,0.3237,168,0.0,0.0,True
2026-08-18,806146,824803,George Lombard Jr.,New York Yankees,New York Yankees@Baltimore Orioles,Shane Baz,Oriole Park at Camden Yards,0.0,0.0,-0.0149,0.336,-0.0446,0.321,169,0.0,0.0,True
2026-08-18,543510,824723,James McCann,Arizona Diamondbacks,Arizona Diamondbacks@Boston Red Sox,Ranger Suarez,Fenway Park,0.0,0.0,0.0006,0.32,0.0019,0.3206,170,0.0,0.0,True
2026-08-18,701785,823667,Kaelen Culpepper,Minnesota Twins,Atlanta Braves@Minnesota Twins,Tyler Mahle,Target Field,0.0,0.0,0.0205,0.302,0.0616,0.3206,171,0.0,0.0,True
2026-08-18,690924,824319,Braxton Fulford,Colorado Rockies,Los Angeles Dodgers@Colorado Rockies,Eric Lauer,Coors Field,0.0,0.0,0.0,0.319,0.0,0.319,172,0.0,0.0,True
2026-08-18,571771,824319,Enrique Hernández,Los Angeles Dodgers,Los Angeles Dodgers@Colorado Rockies,Ryan Feltner,Coors Field,0.0,0.0,-0.0093,0.328,-0.028,0.3188,173,0.0,0.0,True
2026-08-18,694671,822859,Wyatt Langford,Texas Rangers,Washington Nationals@Texas Rangers,Jackson Kent,Globe Life Field,0.0,0.0,0.004,0.314,0.0121,0.3178,174,0.0,0.0,True
2026-08-18,804668,823341,Rafael Flores Jr.,Pittsburgh Pirates,Detroit Tigers@Pittsburgh Pirates,Keider Montero,PNC Park,-0.25,0.0,0.0194,0.399,-0.2063,0.3167,175,0.0,0.0,True
2026-08-18,681047,824803,Christian Franklin,Baltimore Orioles,New York Yankees@Baltimore Orioles,Carlos Rodón,Oriole Park at Camden Yards,0.0,0.0,0.0,0.315,0.0,0.315,176,0.0,0.0,True
2026-08-18,665804,824639,Miguel Amaya,Chicago Cubs,Chicago White Sox@Chicago Cubs,Bryan Hudson,Wrigley Field,0.0,0.0,0.0157,0.3,0.047,0.3141,177,0.0,0.0,True
2026-08-18,683002,824803,Gunnar Henderson,Baltimore Orioles,New York Yankees@Baltimore Orioles,Carlos Rodón,Oriole Park at Camden Yards,0.0,0.0,0.0,0.314,0.0,0.314,178,0.0,0.0,True
2026-08-18,700250,824803,Ben Rice,New York Yankees,New York Yankees@Baltimore Orioles,Shane Baz,Oriole Park at Camden Yards,0.0,0.0,-0.0274,0.342,-0.0822,0.3139,179,0.0,0.0,True
2026-08-18,682634,824639,Kevin Alcántara,Chicago Cubs,Chicago White Sox@Chicago Cubs,Bryan Hudson,Wrigley Field,0.0,0.0,0.0,0.312,0.0,0.312,180,0.0,0.0,True
2026-08-18,669242,824319,Tommy Edman,Los Angeles Dodgers,Los Angeles Dodgers@Colorado Rockies,Ryan Feltner,Coors Field,0.0,0.0,-0.0108,0.321,-0.0324,0.3106,181,0.0,0.0,True
2026-08-18,571912,824075,Luke Maile,Kansas City Royals,Athletics@Kansas City Royals,Brady Basso,Kauffman Stadium,0.0,0.0,0.0,0.31,0.0,0.31,182,0.0,0.0,True
2026-08-18,814430,823341,Brett Callahan,Detroit Tigers,Detroit Tigers@Pittsburgh Pirates,Braxton Ashcraft,PNC Park,0.0,0.0,0.0,0.307,0.0,0.307,183,1.0,1.0,True
2026-08-18,689414,822938,Liam Hicks,Tampa Bay Rays,Toronto Blue Jays@Tampa Bay Rays,José Soriano,Tropicana Field,0.0,0.0,0.0105,0.296,0.0314,0.3053,184,0.0,0.0,True
2026-08-18,665506,823586,Cristian Pache,New York Mets,San Diego Padres@New York Mets,Robbie Ray,Citi Field,0.0,0.0,0.0,0.304,0.0,0.304,185,0.0,0.0,True
2026-08-18,640459,823423,Brian Navarreto,Miami Marlins,Miami Marlins@Philadelphia Phillies,Zack Wheeler,Citizens Bank Park,0.0,0.0,0.001,0.302,0.003,0.3029,186,0.0,0.0,True
2026-08-18,650559,823423,Bryan De La Cruz,Philadelphia Phillies,Miami Marlins@Philadelphia Phillies,Cade Gibson,Citizens Bank Park,0.0,0.0,-0.0126,0.314,-0.0379,0.3021,187,0.0,0.0,True
2026-08-18,695670,822859,Harry Ford,Washington Nationals,Washington Nationals@Texas Rangers,Cal Quantrill,Globe Life Field,0.0,0.0,-0.0219,0.323,-0.0656,0.3018,188,0.0,0.0,True
2026-08-18,668800,824398,Andrew Knizner,San Francisco Giants,San Francisco Giants@Cleveland Guardians,Foster Griffin,Progressive Field,0.0,0.0,0.0,0.301,0.0,0.301,189,0.0,0.0,True
2026-08-18,686611,822859,Dylan Crews,Washington Nationals,Washington Nationals@Texas Rangers,Cal Quantrill,Globe Life Field,0.0,0.0,-0.0017,0.302,-0.005,0.3005,190,0.0,0.0,True
2026-08-18,677943,824475,Will Banfield,Cincinnati Reds,St. Louis Cardinals@Cincinnati Reds,Kyle Leahy,Great American Ball Park,0.0,0.0,0.0,0.3,0.0,0.3,191,0.0,0.0,True
2026-08-18,680911,824639,Owen Miller,Chicago Cubs,Chicago White Sox@Chicago Cubs,Bryan Hudson,Wrigley Field,0.0,0.0,0.0,0.3,0.0,0.3,192,0.0,0.0,True
2026-08-18,646240,824398,Rafael Devers,San Francisco Giants,San Francisco Giants@Cleveland Guardians,Foster Griffin,Progressive Field,0.0,0.0,0.0031,0.296,0.0095,0.2988,193,0.0,0.0,True
2026-08-18,668930,823749,Brice Turang,Milwaukee Brewers,Seattle Mariners@Milwaukee Brewers,Bryce Miller,American Family Field,0.0,0.0,0.01,0.29,0.03,0.2987,194,0.0,0.0,True
2026-08-18,545361,824154,Mike Trout,Los Angeles Angels,Los Angeles Angels@Houston Astros,Cristian Javier,Daikin Park,0.0,0.0,-0.017,0.314,-0.051,0.298,195,0.0,0.0,True
2026-08-18,641680,824075,Jonah Heim,Athletics,Athletics@Kansas City Royals,Daniel Lynch IV,Kauffman Stadium,0.0,0.0,0.0001,0.296,0.0003,0.2961,196,0.0,0.0,True
2026-08-18,691011,824639,Drew Romo,Chicago White Sox,Chicago White Sox@Chicago Cubs,Kevin Gausman,Wrigley Field,0.0,0.0,0.0021,0.294,0.0065,0.2959,197,0.0,0.0,True
2026-08-18,702176,823667,Alan Roden,Minnesota Twins,Atlanta Braves@Minnesota Twins,Tyler Mahle,Target Field,0.0,0.0,0.0048,0.291,0.0144,0.2952,198,0.0,0.0,True
2026-08-18,806367,824398,Turner Hill,San Francisco Giants,San Francisco Giants@Cleveland Guardians,Foster Griffin,Progressive Field,0.0,0.0,0.0,0.295,0.0,0.295,199,0.0,0.0,True
2026-08-18,642215,823749,Weston Wilson,Seattle Mariners,Seattle Mariners@Milwaukee Brewers,Kyle Harrison,American Family Field,0.0,0.0,0.015,0.282,0.045,0.2947,200,0.0,0.0,True
2026-08-18,671083,824398,Buddy Kennedy,San Francisco Giants,San Francisco Giants@Cleveland Guardians,Foster Griffin,Progressive Field,0.0,0.0,-0.0009,0.292,-0.0027,0.2912,201,0.0,0.0,True
2026-08-18,666163,824319,Ben Rortvedt,Los Angeles Dodgers,Los Angeles Dodgers@Colorado Rockies,Ryan Feltner,Coors Field,0.0,0.0,0.0,0.29,0.0,0.29,202,0.0,0.0,True
2026-08-18,682829,824475,Elly De La Cruz,Cincinnati Reds,St. Louis Cardinals@Cincinnati Reds,Kyle Leahy,Great American Ball Park,0.0,0.0,-0.0164,0.302,-0.0493,0.2871,203,0.0,0.0,True
2026-08-18,650859,823586,Luis Rengifo,San Diego Padres,San Diego Padres@New York Mets,Zac Thornton,Citi Field,0.0,0.0,-0.012,0.296,-0.0361,0.2853,204,0.0,0.0,True
2026-08-18,663968,823341,Jake Mangum,Pittsburgh Pirates,Detroit Tigers@Pittsburgh Pirates,Keider Montero,PNC Park,0.0,0.0,0.0253,0.265,0.0758,0.2851,205,0.0,0.0,True
2026-08-18,620443,823586,Luis Torrens,New York Mets,San Diego Padres@New York Mets,Robbie Ray,Citi Field,0.0,0.0,0.037,0.256,0.1109,0.2844,206,1.0,1.0,True
2026-08-18,691023,824475,Jordan Walker,St. Louis Cardinals,St. Louis Cardinals@Cincinnati Reds,Andrew Abbott,Great American Ball Park,0.0,0.0,-0.0136,0.296,-0.0409,0.2839,207,0.0,0.0,True
2026-08-18,669720,823586,Austin Hays,San Diego Padres,San Diego Padres@New York Mets,Zac Thornton,Citi Field,0.0,0.0,0.0,0.28,0.0,0.28,208,0.0,0.0,True
2026-08-18,687597,824319,Jordan Beck,Colorado Rockies,Los Angeles Dodgers@Colorado Rockies,Eric Lauer,Coors Field,0.0,0.0,0.0122,0.27,0.0367,0.2799,209,0.0,0.0,True
2026-08-18,605141,824319,Mookie Betts,Los Angeles Dodgers,Los Angeles Dodgers@Colorado Rockies,Ryan Feltner,Coors Field,0.0,0.0,0.0311,0.256,0.0934,0.2799,210,0.0,0.0,True
2026-08-18,643376,822859,Danny Jansen,Texas Rangers,Washington Nationals@Texas Rangers,Jackson Kent,Globe Life Field,0.0,0.0,0.0,0.278,0.0,0.278,211,0.0,0.0,True
2026-08-18,680716,823749,Jonathan Ornelas,Milwaukee Brewers,Seattle Mariners@Milwaukee Brewers,Bryce Miller,American Family Field,0.0,0.0,-0.0084,0.284,-0.0254,0.2768,212,0.0,0.0,True
2026-08-18,669911,824475,Michael Toglia,Cincinnati Reds,St. Louis Cardinals@Cincinnati Reds,Kyle Leahy,Great American Ball Park,0.0,0.0,-0.016,0.29,-0.0479,0.2761,213,0.0,0.0,True
2026-08-18,800050,824398,Chase DeLauter,Cleveland Guardians,San Francisco Giants@Cleveland Guardians,Carson Whisenhunt,Progressive Field,0.0,0.0,0.0135,0.265,0.0404,0.2757,214,0.0,0.0,True
2026-08-18,691783,824723,Jordan Lawlar,Arizona Diamondbacks,Arizona Diamondbacks@Boston Red Sox,Ranger Suarez,Fenway Park,0.0,0.0,0.0,0.274,0.0,0.274,215,0.0,0.0,True
2026-08-18,661388,823749,William Contreras,Milwaukee Brewers,Seattle Mariners@Milwaukee Brewers,Bryce Miller,American Family Field,0.0,0.0,-0.0015,0.275,-0.0044,0.2738,216,0.0,0.0,True
2026-08-18,672515,824723,Gabriel Moreno,Arizona Diamondbacks,Arizona Diamondbacks@Boston Red Sox,Ranger Suarez,Fenway Park,0.0,0.0,0.0095,0.265,0.0287,0.2726,217,1.0,1.0,True
2026-08-18,657136,824723,Connor Wong,Boston Red Sox,Arizona Diamondbacks@Boston Red Sox,Merrill Kelly,Fenway Park,0.0,0.0,0.0112,0.262,0.0336,0.2708,218,0.0,0.0,True
2026-08-18,656555,824398,Rhys Hoskins,Cleveland Guardians,San Francisco Giants@Cleveland Guardians,Carson Whisenhunt,Progressive Field,0.0,0.0,0.0265,0.248,0.0794,0.2677,219,0.0,0.0,True
2026-08-18,683227,822859,Cody Freeman,Texas Rangers,Washington Nationals@Texas Rangers,Jackson Kent,Globe Life Field,0.0,0.0,0.0,0.265,0.0,0.265,220,0.0,0.0,True
2026-08-18,664954,824319,Brett Sullivan,Colorado Rockies,Los Angeles Dodgers@Colorado Rockies,Eric Lauer,Coors Field,0.0,0.0,0.0386,0.236,0.1157,0.2633,221,0.0,0.0,True
2026-08-18,686780,824475,Pedro Pagés,St. Louis Cardinals,St. Louis Cardinals@Cincinnati Reds,Andrew Abbott,Great American Ball Park,0.0,0.0,0.0058,0.256,0.0176,0.2605,222,0.0,0.0,True
2026-08-18,669221,823667,Sean Murphy,Atlanta Braves,Atlanta Braves@Minnesota Twins,Zebby Matthews,Target Field,0.0,0.0,-0.0041,0.263,-0.0122,0.2598,223,0.0,0.0,True
2026-08-18,699393,824639,Pedro Ramírez,Chicago Cubs,Chicago White Sox@Chicago Cubs,Bryan Hudson,Wrigley Field,0.0,0.0,0.0255,0.24,0.0767,0.2584,224,0.0,0.0,True
2026-08-18,679822,822859,Justin Foscue,Texas Rangers,Washington Nationals@Texas Rangers,Jackson Kent,Globe Life Field,0.0,0.0,0.0025,0.256,0.0074,0.2579,225,1.0,1.0,True
2026-08-18,702332,824723,Caleb Durbin,Boston Red Sox,Arizona Diamondbacks@Boston Red Sox,Merrill Kelly,Fenway Park,0.0,0.0,0.0243,0.24,0.0729,0.2575,226,0.0,0.0,True
2026-08-18,553869,822859,Elias Díaz,Texas Rangers,Washington Nationals@Texas Rangers,Jackson Kent,Globe Life Field,0.0,0.0,0.0012,0.256,0.0035,0.2569,227,0.0,0.0,True
2026-08-18,673490,823667,Ha-Seong Kim,Atlanta Braves,Atlanta Braves@Minnesota Twins,Zebby Matthews,Target Field,0.0,0.0,0.0,0.255,0.0,0.255,228,0.0,0.0,True
2026-08-18,678489,824723,Jorge Barrosa,Arizona Diamondbacks,Arizona Diamondbacks@Boston Red Sox,Ranger Suarez,Fenway Park,0.0,0.0,-0.0018,0.256,-0.0055,0.2546,229,0.0,0.0,True
2026-08-18,666182,823586,Bo Bichette,New York Mets,San Diego Padres@New York Mets,Robbie Ray,Citi Field,0.0,0.0,0.011,0.244,0.0332,0.2521,230,0.0,0.0,True
2026-08-18,699302,824475,Héctor Rodríguez,Cincinnati Reds,St. Louis Cardinals@Cincinnati Reds,Kyle Leahy,Great American Ball Park,0.0,0.0,-0.0185,0.265,-0.0555,0.2503,231,0.0,0.0,True
2026-08-18,666624,823586,Christopher Morel,New York Mets,San Diego Padres@New York Mets,Robbie Ray,Citi Field,0.0,0.0,0.0,0.25,0.0,0.25,232,0.0,0.0,True
2026-08-18,686668,824639,Brenton Doyle,Chicago White Sox,Chicago White Sox@Chicago Cubs,Kevin Gausman,Wrigley Field,0.0,0.0,-0.0106,0.258,-0.0318,0.2498,233,0.0,0.0,True
2026-08-18,500743,824319,Miguel Rojas,Los Angeles Dodgers,Los Angeles Dodgers@Colorado Rockies,Ryan Feltner,Coors Field,0.0,0.0,-0.0135,0.26,-0.0404,0.2495,234,0.0,0.0,True
2026-08-18,665966,824803,Carlos Narváez,Baltimore Orioles,New York Yankees@Baltimore Orioles,Carlos Rodón,Oriole Park at Camden Yards,0.0,0.0,0.0,0.248,0.0,0.248,235,0.0,0.0,True
2026-08-18,687637,824803,Dylan Beavers,Baltimore Orioles,New York Yankees@Baltimore Orioles,Carlos Rodón,Oriole Park at Camden Yards,0.0,0.0,0.0,0.248,0.0,0.248,236,0.0,0.0,True
2026-08-18,672284,822859,Jarred Kelenic,Texas Rangers,Washington Nationals@Texas Rangers,Jackson Kent,Globe Life Field,0.0,0.0,0.0,0.248,0.0,0.248,237,0.0,0.0,True
2026-08-18,701852,824398,Drew Cavanaugh,San Francisco Giants,San Francisco Giants@Cleveland Guardians,Foster Griffin,Progressive Field,0.0,0.0,0.0028,0.245,0.0086,0.2471,238,0.0,0.0,True
2026-08-18,650968,824803,Yohel Pozo,Baltimore Orioles,New York Yankees@Baltimore Orioles,Carlos Rodón,Oriole Park at Camden Yards,0.0,0.0,0.0,0.247,0.0,0.247,239,0.0,0.0,True
2026-08-18,593871,823586,Jorge Polanco,New York Mets,San Diego Padres@New York Mets,Robbie Ray,Citi Field,0.0,0.0,-0.0132,0.256,-0.0395,0.2459,240,0.0,0.0,True
2026-08-18,656577,823667,Alex Jackson,Minnesota Twins,Atlanta Braves@Minnesota Twins,Tyler Mahle,Target Field,0.0,0.0,0.0,0.244,0.0,0.244,241,0.0,0.0,True
2026-08-18,676609,824803,José Caballero,New York Yankees,New York Yankees@Baltimore Orioles,Shane Baz,Oriole Park at Camden Yards,0.0,0.0,0.0148,0.233,0.0442,0.2433,242,0.0,0.0,True
2026-08-18,657757,823586,Gavin Sheets,San Diego Padres,San Diego Padres@New York Mets,Zac Thornton,Citi Field,0.0,0.0,-0.022,0.256,-0.066,0.2391,243,0.0,0.0,True
2026-08-18,678662,824319,Ezequiel Tovar,Colorado Rockies,Los Angeles Dodgers@Colorado Rockies,Eric Lauer,Coors Field,0.0,0.0,0.0193,0.226,0.058,0.2391,244,0.0,0.0,True
2026-08-18,645305,824803,Ali Sánchez,New York Yankees,New York Yankees@Baltimore Orioles,Shane Baz,Oriole Park at Camden Yards,0.0,0.0,-0.0047,0.241,-0.0141,0.2376,245,0.0,0.0,True
2026-08-18,823550,823586,Sung-Mun Song,San Diego Padres,San Diego Padres@New York Mets,Zac Thornton,Citi Field,0.0,0.0,-0.0035,0.24,-0.0104,0.2375,246,0.0,0.0,True
2026-08-18,702284,823749,Cole Young,Seattle Mariners,Seattle Mariners@Milwaukee Brewers,Kyle Harrison,American Family Field,0.0,0.0,0.01,0.23,0.03,0.2369,247,0.0,0.0,True
2026-08-18,596117,823423,Garrett Stubbs,Philadelphia Phillies,Miami Marlins@Philadelphia Phillies,Cade Gibson,Citizens Bank Park,0.0,0.0,0.0,0.235,0.0,0.235,248,0.0,0.0,True
2026-08-18,621438,824639,Tyrone Taylor,Chicago Cubs,Chicago White Sox@Chicago Cubs,Bryan Hudson,Wrigley Field,0.0,0.0,-0.0178,0.248,-0.0532,0.2348,249,0.0,0.0,True
2026-08-18,660821,822938,Jesús Sánchez,Toronto Blue Jays,Toronto Blue Jays@Tampa Bay Rays,Nick Martinez,Tropicana Field,0.0,0.0,-0.0206,0.248,-0.0617,0.2327,250,0.0,0.0,True
2026-08-18,595978,824398,Austin Hedges,Cleveland Guardians,San Francisco Giants@Cleveland Guardians,Carson Whisenhunt,Progressive Field,0.0,0.0,0.0034,0.23,0.01,0.2323,251,0.0,0.0,True
2026-08-18,688363,823423,Graham Pauley,Miami Marlins,Miami Marlins@Philadelphia Phillies,Zack Wheeler,Citizens Bank Park,0.0,0.0,0.0055,0.226,0.0164,0.2297,252,0.0,0.0,True
2026-08-18,701162,823341,Ben Malgeri,Detroit Tigers,Detroit Tigers@Pittsburgh Pirates,Braxton Ashcraft,PNC Park,-0.25,0.0,0.0045,0.301,-0.2399,0.2288,253,0.0,0.0,True
2026-08-18,670623,824154,Isaac Paredes,Houston Astros,Los Angeles Angels@Houston Astros,George Klassen,Daikin Park,0.0,0.0,-0.0155,0.24,-0.0467,0.2288,254,0.0,0.0,True
2026-08-18,667452,823341,Corey Julks,Detroit Tigers,Detroit Tigers@Pittsburgh Pirates,Braxton Ashcraft,PNC Park,-0.25,0.0,0.0,0.301,-0.2498,0.2258,255,0.0,0.0,True
2026-08-18,670770,824475,TJ Friedl,Cincinnati Reds,St. Louis Cardinals@Cincinnati Reds,Kyle Leahy,Great American Ball Park,0.0,0.0,-0.02,0.24,-0.06,0.2256,256,0.0,0.0,True
2026-08-18,703520,822938,Brett Bateman,Toronto Blue Jays,Toronto Blue Jays@Tampa Bay Rays,Nick Martinez,Tropicana Field,0.0,0.0,-0.0172,0.237,-0.0515,0.2248,257,0.0,0.0,True
2026-08-18,669134,823586,Luis Campusano,San Diego Padres,San Diego Padres@New York Mets,Zac Thornton,Citi Field,0.0,0.0,-0.0017,0.226,-0.0053,0.2248,258,0.0,0.0,True
2026-08-18,665862,824803,Jazz Chisholm Jr.,New York Yankees,New York Yankees@Baltimore Orioles,Shane Baz,Oriole Park at Camden Yards,0.0,0.0,-0.022,0.24,-0.0658,0.2242,259,0.0,0.0,True
2026-08-18,690993,823341,Colt Keith,Detroit Tigers,Detroit Tigers@Pittsburgh Pirates,Braxton Ashcraft,PNC Park,0.0,0.0,0.0251,0.208,0.0755,0.2237,260,0.0,0.0,True
2026-08-18,682657,824398,Angel Martínez,Cleveland Guardians,San Francisco Giants@Cleveland Guardians,Carson Whisenhunt,Progressive Field,0.0,0.0,0.0116,0.214,0.0346,0.2214,261,0.0,0.0,True
2026-08-18,671976,824639,Tristan Peters,Chicago White Sox,Chicago White Sox@Chicago Cubs,Kevin Gausman,Wrigley Field,0.0,0.0,0.0013,0.22,0.0041,0.2209,262,0.0,0.0,True
2026-08-18,640902,823749,Jhonny Pereda,Seattle Mariners,Seattle Mariners@Milwaukee Brewers,Kyle Harrison,American Family Field,0.0,0.0,0.0,0.22,0.0,0.22,263,0.0,0.0,True
2026-08-18,624431,824475,Jose Trevino,Cincinnati Reds,St. Louis Cardinals@Cincinnati Reds,Kyle Leahy,Great American Ball Park,0.0,0.0,-0.0033,0.22,-0.01,0.2178,264,0.0,0.0,True
2026-08-18,641857,824803,Ryan McMahon,New York Yankees,New York Yankees@Baltimore Orioles,Shane Baz,Oriole Park at Camden Yards,0.0,0.0,-0.0128,0.226,-0.0385,0.2173,265,0.0,0.0,True
2026-08-18,608348,824639,Carson Kelly,Chicago Cubs,Chicago White Sox@Chicago Cubs,Bryan Hudson,Wrigley Field,0.0,0.0,0.01,0.208,0.0298,0.2142,266,0.0,0.0,True
2026-08-18,691458,824475,Blaze Jordan,St. Louis Cardinals,St. Louis Cardinals@Cincinnati Reds,Andrew Abbott,Great American Ball Park,0.0,0.0,0.0086,0.202,0.0257,0.2072,267,0.0,0.0,True
2026-08-18,677951,824075,Bobby Witt Jr.,Kansas City Royals,Athletics@Kansas City Royals,Brady Basso,Kauffman Stadium,0.0,0.0,-0.0111,0.214,-0.0332,0.2069,268,0.0,0.0,True
2026-08-18,694203,824154,Denzer Guzman,Los Angeles Angels,Los Angeles Angels@Houston Astros,Cristian Javier,Daikin Park,0.0,0.0,-0.0116,0.214,-0.0346,0.2066,269,0.0,0.0,True
2026-08-18,669397,824154,Nick Allen,Houston Astros,Los Angeles Angels@Houston Astros,George Klassen,Daikin Park,0.0,0.0,0.0,0.203,0.0,0.203,270,0.0,0.0,True
2026-08-18,656775,822938,Cedric Mullins,Tampa Bay Rays,Toronto Blue Jays@Tampa Bay Rays,José Soriano,Tropicana Field,0.0,0.0,-0.002,0.202,-0.0059,0.2008,271,0.0,0.0,True
2026-08-18,624428,824154,Adam Frazier,Los Angeles Angels,Los Angeles Angels@Houston Astros,Cristian Javier,Daikin Park,0.0,0.0,-0.0153,0.206,-0.0461,0.1965,272,0.0,0.0,True
2026-08-18,663647,824475,Ke'Bryan Hayes,Cincinnati Reds,St. Louis Cardinals@Cincinnati Reds,Kyle Leahy,Great American Ball Park,0.0,0.0,-0.0282,0.214,-0.0846,0.1959,273,0.0,0.0,True
2026-08-18,681393,824319,Connor Norby,Colorado Rockies,Los Angeles Dodgers@Colorado Rockies,Eric Lauer,Coors Field,0.0,0.0,0.0038,0.192,0.0115,0.1942,274,0.0,0.0,True
2026-08-18,672960,822938,Kazuma Okamoto,Toronto Blue Jays,Toronto Blue Jays@Tampa Bay Rays,Nick Martinez,Tropicana Field,0.25,0.0,-0.0111,0.16,0.2081,0.1933,275,1.0,1.0,True
2026-08-18,669707,823341,Jared Triolo,Pittsburgh Pirates,Detroit Tigers@Pittsburgh Pirates,Keider Montero,PNC Park,-0.25,0.0,0.0126,0.248,-0.2218,0.193,276,0.0,0.0,True
2026-08-18,703601,823341,Max Clark,Detroit Tigers,Detroit Tigers@Pittsburgh Pirates,Braxton Ashcraft,PNC Park,0.0,0.0,0.0251,0.179,0.0754,0.1925,277,0.0,0.0,True
2026-08-18,695731,824639,Braden Montgomery,Chicago White Sox,Chicago White Sox@Chicago Cubs,Kevin Gausman,Wrigley Field,0.0,0.0,0.0091,0.183,0.0273,0.188,278,0.0,0.0,True
2026-08-18,543807,822938,George Springer,Toronto Blue Jays,Toronto Blue Jays@Tampa Bay Rays,Nick Martinez,Tropicana Field,0.25,0.0,-0.0183,0.157,0.1815,0.1855,279,0.0,0.0,True
2026-08-18,696285,822859,Jacob Young,Washington Nationals,Washington Nationals@Texas Rangers,Cal Quantrill,Globe Life Field,0.0,0.0,0.0188,0.175,0.0566,0.1849,280,0.0,0.0,True
2026-08-18,814439,824723,Ryan Waldschmidt,Arizona Diamondbacks,Arizona Diamondbacks@Boston Red Sox,Ranger Suarez,Fenway Park,0.0,0.0,-0.0006,0.183,-0.0016,0.1827,281,0.0,0.0,True
2026-08-18,502671,824803,Paul Goldschmidt,New York Yankees,New York Yankees@Baltimore Orioles,Shane Baz,Oriole Park at Camden Yards,0.0,0.0,-0.0254,0.197,-0.0761,0.182,282,0.0,0.0,True
2026-08-18,592663,823423,J.T. Realmuto,Philadelphia Phillies,Miami Marlins@Philadelphia Phillies,Cade Gibson,Citizens Bank Park,0.0,0.0,-0.0038,0.183,-0.0115,0.1809,283,0.0,0.0,True
2026-08-18,695257,823341,Billy Cook,Pittsburgh Pirates,Detroit Tigers@Pittsburgh Pirates,Keider Montero,PNC Park,-0.25,0.0,0.0,0.24,-0.25,0.18,284,0.0,0.0,True
2026-08-18,592885,823749,Christian Yelich,Milwaukee Brewers,Seattle Mariners@Milwaukee Brewers,Bryce Miller,American Family Field,0.0,0.0,-0.0026,0.179,-0.0078,0.1776,285,1.0,1.0,True
2026-08-18,685133,824154,Wade Meckler,Los Angeles Angels,Los Angeles Angels@Houston Astros,Cristian Javier,Daikin Park,0.0,0.0,-0.0117,0.183,-0.035,0.1766,286,0.0,0.0,True
2026-08-18,665877,824475,José Fermín,St. Louis Cardinals,St. Louis Cardinals@Cincinnati Reds,Andrew Abbott,Great American Ball Park,0.0,0.0,-0.0059,0.175,-0.0177,0.1719,287,0.0,0.0,True
2026-08-18,680777,823667,Ryan Jeffers,Minnesota Twins,Atlanta Braves@Minnesota Twins,Tyler Mahle,Target Field,0.0,0.0,-0.0194,0.179,-0.0581,0.1686,288,0.0,0.0,True
2026-08-18,666126,824075,Carlos Cortes,Athletics,Athletics@Kansas City Royals,Daniel Lynch IV,Kauffman Stadium,0.0,0.0,-0.041,0.192,-0.1229,0.1684,289,0.0,0.0,True
2026-08-18,694377,823341,Nick Yorke,Pittsburgh Pirates,Detroit Tigers@Pittsburgh Pirates,Keider Montero,PNC Park,-0.25,0.0,0.0,0.22,-0.25,0.165,290,0.0,0.0,True
2026-08-18,642715,824398,Willy Adames,San Francisco Giants,San Francisco Giants@Cleveland Guardians,Foster Griffin,Progressive Field,0.0,0.0,0.0082,0.157,0.0248,0.1609,291,0.0,0.0,True
2026-08-18,623168,824154,Tyler Heineman,Los Angeles Angels,Los Angeles Angels@Houston Astros,Cristian Javier,Daikin Park,0.0,0.0,-0.0113,0.163,-0.0337,0.1575,292,0.0,0.0,True
2026-08-18,702616,824803,Jackson Holliday,Baltimore Orioles,New York Yankees@Baltimore Orioles,Carlos Rodón,Oriole Park at Camden Yards,0.0,0.0,0.0,0.157,0.0,0.157,293,0.0,0.0,True
2026-08-18,701675,824475,Nathan Church,St. Louis Cardinals,St. Louis Cardinals@Cincinnati Reds,Andrew Abbott,Great American Ball Park,0.0,0.0,0.0112,0.151,0.0338,0.1561,294,0.0,0.0,True
2026-08-18,676724,823586,Jared Young,New York Mets,San Diego Padres@New York Mets,Robbie Ray,Citi Field,0.0,0.0,0.0041,0.154,0.0123,0.1559,295,0.0,0.0,True
2026-08-18,687093,824154,Vaughn Grissom,Los Angeles Angels,Los Angeles Angels@Houston Astros,Cristian Javier,Daikin Park,0.0,0.0,-0.0171,0.164,-0.0512,0.1556,296,0.0,0.0,True
2026-08-18,802139,824475,JJ Wetherholt,St. Louis Cardinals,St. Louis Cardinals@Cincinnati Reds,Andrew Abbott,Great American Ball Park,0.0,0.0,0.0309,0.14,0.0929,0.153,297,0.0,0.0,True
2026-08-18,687263,824154,Zach Neto,Los Angeles Angels,Los Angeles Angels@Houston Astros,Cristian Javier,Daikin Park,0.0,0.0,-0.0287,0.167,-0.0862,0.1526,298,0.0,0.0,True
2026-08-18,643446,824075,Jeff McNeil,Athletics,Athletics@Kansas City Royals,Daniel Lynch IV,Kauffman Stadium,0.0,0.0,-0.052,0.179,-0.1559,0.1511,299,0.0,0.0,True
2026-08-18,665926,822938,Andrés Giménez,Toronto Blue Jays,Toronto Blue Jays@Tampa Bay Rays,Nick Martinez,Tropicana Field,0.0,0.0,-0.0055,0.151,-0.0166,0.1485,300,0.0,0.0,True
2026-08-18,803011,824639,Sam Antonacci,Chicago White Sox,Chicago White Sox@Chicago Cubs,Kevin Gausman,Wrigley Field,0.0,0.0,-0.0086,0.151,-0.0258,0.1471,301,0.0,0.0,True
2026-08-18,671739,823667,Michael Harris II,Atlanta Braves,Atlanta Braves@Minnesota Twins,Zebby Matthews,Target Field,0.0,0.0,0.003,0.145,0.009,0.1463,302,0.0,0.0,True
2026-08-18,664034,823586,Ty France,San Diego Padres,San Diego Padres@New York Mets,Zac Thornton,Citi Field,0.0,0.0,0.009,0.14,0.0271,0.1438,303,0.0,0.0,True
2026-08-18,662139,824154,Daulton Varsho,Houston Astros,Los Angeles Angels@Houston Astros,George Klassen,Daikin Park,0.0,0.0,-0.0298,0.157,-0.0892,0.143,304,0.0,0.0,True
2026-08-18,521692,824075,Salvador Perez,Kansas City Royals,Athletics@Kansas City Royals,Brady Basso,Kauffman Stadium,0.0,0.0,-0.0207,0.151,-0.0623,0.1416,305,0.0,0.0,True
2026-08-18,694384,824154,Nolan Schanuel,Los Angeles Angels,Los Angeles Angels@Houston Astros,Cristian Javier,Daikin Park,0.0,0.0,0.0386,0.126,0.1159,0.1406,306,0.0,0.0,True
2026-08-18,677587,824398,Brayan Rocchio,Cleveland Guardians,San Francisco Giants@Cleveland Guardians,Carson Whisenhunt,Progressive Field,0.0,0.0,-0.0159,0.145,-0.0476,0.1381,307,0.0,0.0,True
2026-08-18,676391,822938,Ernie Clement,Toronto Blue Jays,Toronto Blue Jays@Tampa Bay Rays,Nick Martinez,Tropicana Field,0.25,0.0,-0.0189,0.117,0.1795,0.138,308,0.0,0.0,True
2026-08-18,655316,824723,Andruw Monasterio,Boston Red Sox,Arizona Diamondbacks@Boston Red Sox,Merrill Kelly,Fenway Park,0.0,0.0,0.0108,0.133,0.0323,0.1373,309,0.0,0.0,True
2026-08-18,514888,824154,Jose Altuve,Houston Astros,Los Angeles Angels@Houston Astros,George Klassen,Daikin Park,0.0,0.0,-0.0032,0.137,-0.0095,0.1357,310,0.0,0.0,True
2026-08-18,680757,824398,Steven Kwan,Cleveland Guardians,San Francisco Giants@Cleveland Guardians,Carson Whisenhunt,Progressive Field,0.0,0.0,0.0176,0.128,0.0531,0.1348,311,0.0,0.0,True
2026-08-18,668804,823341,Bryan Reynolds,Pittsburgh Pirates,Detroit Tigers@Pittsburgh Pirates,Keider Montero,PNC Park,0.0,0.0,-0.0179,0.142,-0.0535,0.1344,312,0.0,0.0,True
2026-08-18,669016,823423,Brandon Marsh,Philadelphia Phillies,Miami Marlins@Philadelphia Phillies,Cade Gibson,Citizens Bank Park,0.0,0.0,-0.0245,0.145,-0.0738,0.1343,313,0.0,0.0,True
2026-08-18,681082,823423,Bryson Stott,Philadelphia Phillies,Miami Marlins@Philadelphia Phillies,Cade Gibson,Citizens Bank Park,0.0,0.0,-0.0095,0.137,-0.0285,0.1331,314,0.0,0.0,True
2026-08-18,630105,823586,Jake Cronenworth,San Diego Padres,San Diego Padres@New York Mets,Zac Thornton,Citi Field,0.0,0.0,-0.0115,0.133,-0.0346,0.1284,315,0.0,0.0,True
2026-08-18,666018,822938,Jonathan Aranda,Tampa Bay Rays,Toronto Blue Jays@Tampa Bay Rays,José Soriano,Tropicana Field,0.0,0.0,-0.0168,0.135,-0.0504,0.1282,316,0.0,0.0,True
2026-08-18,671056,824475,Iván Herrera,St. Louis Cardinals,St. Louis Cardinals@Cincinnati Reds,Andrew Abbott,Great American Ball Park,0.0,0.0,0.0024,0.122,0.0074,0.1229,317,0.0,0.0,True
2026-08-18,664761,823423,Alec Bohm,Philadelphia Phillies,Miami Marlins@Philadelphia Phillies,Cade Gibson,Citizens Bank Park,0.0,0.0,-0.0055,0.124,-0.0161,0.122,318,0.0,0.0,True
2026-08-18,686469,824075,Vinnie Pasquantino,Kansas City Royals,Athletics@Kansas City Royals,Brady Basso,Kauffman Stadium,0.0,0.0,0.0,0.12,0.0,0.12,319,0.0,0.0,True
2026-08-18,695720,824075,Tommy White,Athletics,Athletics@Kansas City Royals,Daniel Lynch IV,Kauffman Stadium,0.0,0.0,-0.0577,0.145,-0.1731,0.1199,320,0.0,0.0,True
2026-08-18,672695,824723,Geraldo Perdomo,Arizona Diamondbacks,Arizona Diamondbacks@Boston Red Sox,Ranger Suarez,Fenway Park,0.0,0.0,-0.0052,0.118,-0.0153,0.1162,321,0.0,0.0,True
2026-08-18,683737,824639,Michael Busch,Chicago Cubs,Chicago White Sox@Chicago Cubs,Bryan Hudson,Wrigley Field,0.0,0.0,-0.0176,0.117,-0.053,0.1108,322,1.0,1.0,True
2026-08-18,679529,823341,Spencer Torkelson,Detroit Tigers,Detroit Tigers@Pittsburgh Pirates,Braxton Ashcraft,PNC Park,-0.25,0.0,0.0226,0.137,-0.1993,0.1097,323,0.0,0.0,True
2026-08-18,664770,822938,Nathan Lukes,Toronto Blue Jays,Toronto Blue Jays@Tampa Bay Rays,Nick Martinez,Tropicana Field,0.0,0.0,-0.0515,0.128,-0.1547,0.1082,324,0.0,0.0,True
2026-08-18,650333,823423,Luis Arraez,Philadelphia Phillies,Miami Marlins@Philadelphia Phillies,Cade Gibson,Citizens Bank Park,0.0,0.0,0.0013,0.103,0.0039,0.1034,325,0.0,0.0,True
2026-08-18,669236,824803,Jeremiah Jackson,Baltimore Orioles,New York Yankees@Baltimore Orioles,Carlos Rodón,Oriole Park at Camden Yards,0.0,0.0,0.0,0.0,0.0,0.0,326,0.0,0.0,True
2026-08-18,671218,824803,Heliot Ramos,New York Yankees,New York Yankees@Baltimore Orioles,Shane Baz,Oriole Park at Camden Yards,0.0,0.0,-0.0196,0.0,0.0,0.0,327,0.0,0.0,True
2026-08-18,699013,823341,Esmerlyn Valdez,Pittsburgh Pirates,Detroit Tigers@Pittsburgh Pirates,Keider Montero,PNC Park,-0.25,0.0,-0.0096,0.0,0.0,0.0,328,0.0,0.0,True
2026-08-18,680779,823341,Henry Davis,Pittsburgh Pirates,Detroit Tigers@Pittsburgh Pirates,Keider Montero,PNC Park,-0.25,0.0,-0.0199,0.0,0.0,0.0,329,0.0,0.0,True
2026-08-18,693304,823341,Nick Gonzales,Pittsburgh Pirates,Detroit Tigers@Pittsburgh Pirates,Keider Montero,PNC Park,-0.25,0.0,0.0005,0.0,0.0,0.0,330,0.0,0.0,True
2026-08-18,595879,823341,Javier Báez,Detroit Tigers,Detroit Tigers@Pittsburgh Pirates,Braxton Ashcraft,PNC Park,-0.25,0.0,0.0088,0.0,0.0,0.0,331,0.0,0.0,True
2026-08-18,656716,823341,Zach McKinstry,Detroit Tigers,Detroit Tigers@Pittsburgh Pirates,Braxton Ashcraft,PNC Park,0.0,0.0,0.0313,0.0,0.0,0.0,332,0.0,0.0,True
2026-08-18,608070,824398,José Ramírez,Cleveland Guardians,San Francisco Giants@Cleveland Guardians,Carson Whisenhunt,Progressive Field,0.0,0.0,0.003,0.0,0.0,0.0,333,0.0,0.0,True
2026-08-18,683953,824398,Travis Bazzana,Cleveland Guardians,San Francisco Giants@Cleveland Guardians,Carson Whisenhunt,Progressive Field,0.0,0.0,-0.0058,0.0,0.0,0.0,334,0.0,0.0,True
2026-08-18,683766,824398,Christian Koss,San Francisco Giants,San Francisco Giants@Cleveland Guardians,Foster Griffin,Progressive Field,0.0,0.0,-0.0118,0.0,0.0,0.0,335,0.0,0.0,True
2026-08-18,667472,824475,Dane Myers,Cincinnati Reds,St. Louis Cardinals@Cincinnati Reds,Kyle Leahy,Great American Ball Park,0.0,0.0,-0.0023,0.0,0.0,0.0,336,0.0,0.0,True
2026-08-18,691026,824475,Masyn Winn,St. Louis Cardinals,St. Louis Cardinals@Cincinnati Reds,Andrew Abbott,Great American Ball Park,0.0,0.0,-0.0022,0.0,0.0,0.0,337,1.0,1.0,True
2026-08-18,802415,822938,Chandler Simpson,Tampa Bay Rays,Toronto Blue Jays@Tampa Bay Rays,José Soriano,Tropicana Field,0.0,0.0,-0.0065,0.0,0.0,0.0,338,0.0,0.0,True
2026-08-18,669701,822938,Josh Smith,Toronto Blue Jays,Toronto Blue Jays@Tampa Bay Rays,Nick Martinez,Tropicana Field,0.0,0.0,-0.0224,0.0,0.0,0.0,339,1.0,1.0,True
2026-08-18,664702,822938,Myles Straw,Toronto Blue Jays,Toronto Blue Jays@Tampa Bay Rays,Nick Martinez,Tropicana Field,0.25,0.0,-0.0049,0.0,0.0,0.0,340,0.0,0.0,True
2026-08-18,702222,823423,Justin Crawford,Philadelphia Phillies,Miami Marlins@Philadelphia Phillies,Cade Gibson,Citizens Bank Park,0.0,0.0,0.0095,0.0,0.0,0.0,341,0.0,0.0,True
2026-08-18,672640,823423,Otto Lopez,Miami Marlins,Miami Marlins@Philadelphia Phillies,Zack Wheeler,Citizens Bank Park,0.0,0.0,-0.0196,0.0,0.0,0.0,342,0.0,0.0,True
2026-08-18,669364,823423,Xavier Edwards,Miami Marlins,Miami Marlins@Philadelphia Phillies,Zack Wheeler,Citizens Bank Park,0.0,0.0,-0.0112,0.0,0.0,0.0,343,0.0,0.0,True
2026-08-18,668939,824723,Adley Rutschman,Boston Red Sox,Arizona Diamondbacks@Boston Red Sox,Merrill Kelly,Fenway Park,0.0,0.0,-0.0004,0.0,0.0,0.0,344,1.0,1.0,True
2026-08-18,678011,824723,Anthony Seigler,Boston Red Sox,Arizona Diamondbacks@Boston Red Sox,Merrill Kelly,Fenway Park,0.0,0.0,0.0054,0.0,0.0,0.0,345,0.0,0.0,True
2026-08-18,681508,824723,Mickey Gasper,Boston Red Sox,Arizona Diamondbacks@Boston Red Sox,Merrill Kelly,Fenway Park,0.0,0.0,0.0,0.0,0.0,0.0,346,1.0,1.0,True
2026-08-18,686765,824723,Nick Sogard,Boston Red Sox,Arizona Diamondbacks@Boston Red Sox,Merrill Kelly,Fenway Park,0.0,0.0,0.0179,0.0,0.0,0.0,347,0.0,0.0,True
2026-08-18,699912,824723,Jose Fernandez,Arizona Diamondbacks,Arizona Diamondbacks@Boston Red Sox,Ranger Suarez,Fenway Park,0.0,0.0,0.0,0.0,0.0,0.0,348,0.0,0.0,True
2026-08-18,663457,824723,Lars Nootbaar,Arizona Diamondbacks,Arizona Diamondbacks@Boston Red Sox,Ranger Suarez,Fenway Park,0.0,0.0,-0.0181,0.0,0.0,0.0,349,0.0,0.0,True
2026-08-18,596146,824723,Max Kepler,Arizona Diamondbacks,Arizona Diamondbacks@Boston Red Sox,Ranger Suarez,Fenway Park,0.0,0.0,-0.0198,0.0,0.0,0.0,350,0.0,0.0,True
2026-08-18,805999,823586,A.J. Ewing,New York Mets,San Diego Padres@New York Mets,Robbie Ray,Citi Field,0.0,0.0,-0.0105,0.0,0.0,0.0,351,0.0,0.0,True
2026-08-18,666023,823586,Freddy Fermin,San Diego Padres,San Diego Padres@New York Mets,Zac Thornton,Citi Field,0.0,0.0,-0.0018,0.0,0.0,0.0,352,0.0,0.0,True
2026-08-18,592518,823586,Manny Machado,San Diego Padres,San Diego Padres@New York Mets,Zac Thornton,Citi Field,0.0,0.0,-0.0302,0.0,0.0,0.0,353,1.0,1.0,True
2026-08-18,686555,824075,Isaac Collins,Kansas City Royals,Athletics@Kansas City Royals,Brady Basso,Kauffman Stadium,0.0,0.0,-0.0216,0.0,0.0,0.0,354,0.0,0.0,True
2026-08-18,664728,824075,Kyle Isbel,Kansas City Royals,Athletics@Kansas City Royals,Brady Basso,Kauffman Stadium,0.0,0.0,-0.0225,0.0,0.0,0.0,355,0.0,0.0,True
2026-08-18,672580,824075,Maikel Garcia,Kansas City Royals,Athletics@Kansas City Royals,Brady Basso,Kauffman Stadium,0.0,0.0,0.0,0.0,0.0,0.0,356,0.0,0.0,True
2026-08-18,679845,824075,Nick Loftin,Kansas City Royals,Athletics@Kansas City Royals,Brady Basso,Kauffman Stadium,0.0,0.0,-0.0259,0.0,0.0,0.0,357,0.0,0.0,True
2026-08-18,675961,824075,Alika Williams,Athletics,Athletics@Kansas City Royals,Daniel Lynch IV,Kauffman Stadium,0.0,0.0,-0.0531,0.0,0.0,0.0,358,0.0,0.0,True
2026-08-18,687231,824075,Darell Hernaiz,Athletics,Athletics@Kansas City Royals,Daniel Lynch IV,Kauffman Stadium,0.0,0.0,0.0,0.0,0.0,0.0,359,0.0,0.0,True
2026-08-18,805779,824075,Jacob Wilson,Athletics,Athletics@Kansas City Royals,Daniel Lynch IV,Kauffman Stadium,0.0,0.0,-0.03,0.0,0.0,0.0,360,0.0,0.0,True
2026-08-18,668952,823667,Ryan Kreidler,Minnesota Twins,Atlanta Braves@Minnesota Twins,Tyler Mahle,Target Field,0.0,0.0,-0.0044,0.0,0.0,0.0,361,0.0,0.0,True
2026-08-18,605170,823667,Victor Caratini,Minnesota Twins,Atlanta Braves@Minnesota Twins,Tyler Mahle,Target Field,0.0,0.0,-0.0214,0.0,0.0,0.0,362,0.0,0.0,True
2026-08-18,642086,823667,Dominic Smith,Atlanta Braves,Atlanta Braves@Minnesota Twins,Zebby Matthews,Target Field,0.0,0.0,0.0116,0.0,0.0,0.0,363,0.0,0.0,True
2026-08-18,686948,823667,Drake Baldwin,Atlanta Braves,Atlanta Braves@Minnesota Twins,Zebby Matthews,Target Field,0.0,0.0,0.0154,0.0,0.0,0.0,364,1.0,1.0,True
2026-08-18,805347,823667,Jim Jarvis,Atlanta Braves,Atlanta Braves@Minnesota Twins,Zebby Matthews,Target Field,0.0,0.0,-0.0151,0.0,0.0,0.0,365,0.0,0.0,True
2026-08-18,643289,823667,Mauricio Dubón,Atlanta Braves,Atlanta Braves@Minnesota Twins,Zebby Matthews,Target Field,0.0,0.0,0.0064,0.0,0.0,0.0,366,0.0,0.0,True
2026-08-18,663604,823749,Brandon Lockridge,Milwaukee Brewers,Seattle Mariners@Milwaukee Brewers,Bryce Miller,American Family Field,0.0,0.0,0.0,0.0,0.0,0.0,367,0.0,0.0,True
2026-08-18,666152,823749,David Hamilton,Milwaukee Brewers,Seattle Mariners@Milwaukee Brewers,Bryce Miller,American Family Field,0.0,0.0,0.0041,0.0,0.0,0.0,368,1.0,1.0,True
2026-08-18,669003,823749,Garrett Mitchell,Milwaukee Brewers,Seattle Mariners@Milwaukee Brewers,Bryce Miller,American Family Field,0.0,0.0,-0.0033,0.0,0.0,0.0,369,0.0,0.0,True
2026-08-18,596142,823749,Gary Sánchez,Milwaukee Brewers,Seattle Mariners@Milwaukee Brewers,Bryce Miller,American Family Field,0.0,0.0,0.0495,0.0,0.0,0.0,370,0.0,0.0,True
2026-08-18,800325,823749,Luis Lara,Milwaukee Brewers,Seattle Mariners@Milwaukee Brewers,Bryce Miller,American Family Field,0.0,0.0,-0.001,0.0,0.0,0.0,371,1.0,1.0,True
2026-08-18,680977,823749,Brendan Donovan,Seattle Mariners,Seattle Mariners@Milwaukee Brewers,Kyle Harrison,American Family Field,0.0,0.0,0.0177,0.0,0.0,0.0,372,0.0,0.0,True
2026-08-18,660844,823749,Leo Rivas,Seattle Mariners,Seattle Mariners@Milwaukee Brewers,Kyle Harrison,American Family Field,0.0,0.0,0.0,0.0,0.0,0.0,373,0.0,0.0,True
2026-08-18,621493,823749,Taylor Ward,Seattle Mariners,Seattle Mariners@Milwaukee Brewers,Kyle Harrison,American Family Field,0.0,0.0,-0.0133,0.0,0.0,0.0,374,0.0,0.0,True
2026-08-18,645302,823749,Victor Robles,Seattle Mariners,Seattle Mariners@Milwaukee Brewers,Kyle Harrison,American Family Field,0.0,0.0,0.0038,0.0,0.0,0.0,375,0.0,0.0,True
2026-08-18,694497,822859,Evan Carter,Texas Rangers,Washington Nationals@Texas Rangers,Jackson Kent,Globe Life Field,0.0,0.0,-0.0033,0.0,0.0,0.0,376,0.0,0.0,True
2026-08-18,670032,822859,Nicky Lopez,Texas Rangers,Washington Nationals@Texas Rangers,Jackson Kent,Globe Life Field,0.0,0.0,-0.0272,0.0,0.0,0.0,377,0.0,0.0,True
2026-08-18,678391,822859,Jorbit Vivas,Washington Nationals,Washington Nationals@Texas Rangers,Cal Quantrill,Globe Life Field,0.0,0.0,0.0062,0.0,0.0,0.0,378,0.0,0.0,True
2026-08-18,660688,822859,Keibert Ruiz,Washington Nationals,Washington Nationals@Texas Rangers,Cal Quantrill,Globe Life Field,0.0,0.0,0.0017,0.0,0.0,0.0,379,0.0,0.0,True
2026-08-18,683083,822859,Nasim Nuñez,Washington Nationals,Washington Nationals@Texas Rangers,Cal Quantrill,Globe Life Field,0.0,0.0,-0.0218,0.0,0.0,0.0,380,0.0,0.0,True
2026-08-18,682668,824639,Luisangel Acuña,Chicago White Sox,Chicago White Sox@Chicago Cubs,Kevin Gausman,Wrigley Field,0.0,0.0,-0.0097,0.0,0.0,0.0,381,0.0,0.0,True
2026-08-18,543877,824154,Christian Vázquez,Houston Astros,Los Angeles Angels@Houston Astros,George Klassen,Daikin Park,0.0,0.0,0.035,0.0,0.0,0.0,382,0.0,0.0,True
2026-08-18,664774,824154,LaMonte Wade Jr.,Houston Astros,Los Angeles Angels@Houston Astros,George Klassen,Daikin Park,0.0,0.0,0.0053,0.0,0.0,0.0,383,0.0,0.0,True
2026-08-18,694208,824154,Moisés Ballesteros,Los Angeles Angels,Los Angeles Angels@Houston Astros,Cristian Javier,Daikin Park,0.0,0.0,-0.0335,0.0,0.0,0.0,384,0.0,0.0,True
2026-08-18,672724,824154,Oswald Peraza,Los Angeles Angels,Los Angeles Angels@Houston Astros,Cristian Javier,Daikin Park,0.0,0.0,-0.0293,0.0,0.0,0.0,385,0.0,0.0,True
2026-08-18,694249,824319,Cole Carrigg,Colorado Rockies,Los Angeles Dodgers@Colorado Rockies,Eric Lauer,Coors Field,0.0,0.0,-0.0034,0.0,0.0,0.0,386,0.0,0.0,True
2026-08-18,681198,824319,TJ Rumfield,Colorado Rockies,Los Angeles Dodgers@Colorado Rockies,Eric Lauer,Coors Field,0.0,0.0,-0.0103,0.0,0.0,0.0,387,0.0,0.0,True
2026-08-18,687859,824319,Troy Johnston,Colorado Rockies,Los Angeles Dodgers@Colorado Rockies,Eric Lauer,Coors Field,0.0,0.0,0.0195,0.0,0.0,0.0,388,0.0,0.0,True
2026-08-18,669743,824319,Alex Call,Los Angeles Dodgers,Los Angeles Dodgers@Colorado Rockies,Ryan Feltner,Coors Field,0.0,0.0,0.0402,0.0,0.0,0.0,389,0.0,0.0,True
2026-08-18,518692,824319,Freddie Freeman,Los Angeles Dodgers,Los Angeles Dodgers@Colorado Rockies,Ryan Feltner,Coors Field,0.0,0.0,0.0257,0.0,0.0,0.0,390,0.0,0.0,True
2026-08-19,624413,824801,Pete Alonso,Baltimore Orioles,New York Yankees@Baltimore Orioles,Will Warren,Oriole Park at Camden Yards,0.0,0.0,0.0526,0.923,0.1577,1.0686,1,1.0,1.0,True
2026-08-19,691718,824640,Pete Crow-Armstrong,Chicago Cubs,Chicago White Sox@Chicago Cubs,Sean Newcomb,Wrigley Field,0.0,0.0,0.0366,0.962,0.1098,1.0676,2,0.0,0.0,True
2026-08-19,665052,823424,Griffin Conine,Miami Marlins,Miami Marlins@Philadelphia Phillies,Aaron Nola,Citizens Bank Park,0.0,0.0,0.0204,1.0,0.0612,1.0612,3,0.0,0.0,True
2026-08-19,660271,824318,Shohei Ohtani,Los Angeles Dodgers,Los Angeles Dodgers@Colorado Rockies,Kyle Freeland,Coors Field,0.0,0.0,0.0342,0.962,0.1026,1.0607,4,0.0,0.0,True
2026-08-19,621566,823664,Matt Olson,Atlanta Braves,Atlanta Braves@Minnesota Twins,Taj Bradley,Target Field,0.0,0.0,0.0103,1.0,0.0309,1.0309,5,0.0,0.0,True
2026-08-19,624424,824640,Michael Conforto,Chicago Cubs,Chicago White Sox@Chicago Cubs,Sean Newcomb,Wrigley Field,0.0,0.0,0.0068,1.0,0.0204,1.0204,6,0.0,0.0,True
2026-08-19,571970,824318,Max Muncy,Los Angeles Dodgers,Los Angeles Dodgers@Colorado Rockies,Kyle Freeland,Coors Field,0.0,0.0,0.0039,1.0,0.0117,1.0117,7,0.0,0.0,True
2026-08-19,592626,822860,Joc Pederson,Texas Rangers,Washington Nationals@Texas Rangers,Cade Cavalli,Globe Life Field,0.0,0.0,0.0037,1.0,0.0111,1.0111,8,0.0,0.0,True
2026-08-19,691406,822937,Junior Caminero,Tampa Bay Rays,Toronto Blue Jays@Tampa Bay Rays,Max Scherzer,Tropicana Field,0.25,0.0,-0.0184,0.855,0.1811,1.0098,9,0.0,0.0,True
2026-08-19,683357,823424,Owen Caissie,Miami Marlins,Miami Marlins@Philadelphia Phillies,Aaron Nola,Citizens Bank Park,0.0,0.0,0.0053,0.993,0.0159,1.0088,10,0.0,0.0,True
2026-08-19,808959,824640,Munetaka Murakami,Chicago White Sox,Chicago White Sox@Chicago Cubs,Clay Holmes,Wrigley Field,0.0,0.0,-0.0022,1.0,-0.0066,0.9934,11,0.0,0.0,True
2026-08-19,678246,824640,Miguel Vargas,Chicago White Sox,Chicago White Sox@Chicago Cubs,Clay Holmes,Wrigley Field,0.0,0.0,0.0256,0.871,0.0768,0.9379,12,0.0,0.0,True
2026-08-19,694212,824801,Samuel Basallo,Baltimore Orioles,New York Yankees@Baltimore Orioles,Will Warren,Oriole Park at Camden Yards,0.0,0.0,0.0,0.932,0.0,0.932,13,0.0,0.0,True
2026-08-19,571448,824722,Nolan Arenado,Arizona Diamondbacks,Arizona Diamondbacks@Boston Red Sox,Payton Tolle,Fenway Park,0.0,0.0,0.0214,0.871,0.0642,0.9269,14,0.0,0.0,True
2026-08-19,671732,824076,Lawrence Butler,Athletics,Athletics@Kansas City Royals,Seth Lugo,Kauffman Stadium,0.0,0.0,0.0301,0.839,0.0903,0.9148,15,0.0,0.0,True
2026-08-19,677800,824722,Wilyer Abreu,Boston Red Sox,Arizona Diamondbacks@Boston Red Sox,Brandon Pfaadt,Fenway Park,0.0,0.0,-0.0008,0.913,-0.0024,0.9108,16,0.0,0.0,True
2026-08-19,695506,824076,Jac Caglianone,Kansas City Royals,Athletics@Kansas City Royals,Jeffrey Springs,Kauffman Stadium,0.0,0.0,0.1019,0.721,0.2499,0.9012,17,0.0,0.0,True
2026-08-19,663886,824476,Tyler Stephenson,Cincinnati Reds,St. Louis Cardinals@Cincinnati Reds,Matthew Liberatore,Great American Ball Park,0.0,0.0,-0.0021,0.905,-0.0063,0.8993,18,0.0,0.0,True
2026-08-19,664040,823342,Brandon Lowe,Pittsburgh Pirates,Detroit Tigers@Pittsburgh Pirates,Jackson Jobe,PNC Park,0.0,0.0,0.0233,0.818,0.0699,0.8752,19,1.0,1.0,True
2026-08-19,676475,824476,Alec Burleson,St. Louis Cardinals,St. Louis Cardinals@Cincinnati Reds,Chase Burns,Great American Ball Park,0.0,0.0,-0.0053,0.855,-0.0159,0.8414,20,0.0,0.0,True
2026-08-19,660670,823664,Ronald Acuña Jr.,Atlanta Braves,Atlanta Braves@Minnesota Twins,Taj Bradley,Target Field,0.0,0.0,-0.0141,0.855,-0.0423,0.8188,21,0.0,0.0,True
2026-08-19,641933,824801,Tyler O'Neill,Baltimore Orioles,New York Yankees@Baltimore Orioles,Will Warren,Oriole Park at Camden Yards,0.0,0.0,0.0291,0.744,0.0874,0.809,22,0.0,0.0,True
2026-08-19,665833,823342,Oneil Cruz,Pittsburgh Pirates,Detroit Tigers@Pittsburgh Pirates,Jackson Jobe,PNC Park,0.0,0.0,0.0,0.789,0.0,0.789,23,0.0,0.0,True
2026-08-19,680869,824076,Zack Gelof,Athletics,Athletics@Kansas City Royals,Seth Lugo,Kauffman Stadium,0.0,0.0,0.0133,0.754,0.0399,0.7841,24,0.0,0.0,True
2026-08-19,553993,824476,Eugenio Suárez,Cincinnati Reds,St. Louis Cardinals@Cincinnati Reds,Matthew Liberatore,Great American Ball Park,0.0,0.0,0.0056,0.769,0.0168,0.7819,25,0.0,0.0,True
2026-08-19,656941,823424,Kyle Schwarber,Philadelphia Phillies,Miami Marlins@Philadelphia Phillies,Sandy Alcantara,Citizens Bank Park,0.0,0.0,-0.0224,0.832,-0.0672,0.7761,26,0.0,0.0,True
2026-08-19,680664,823342,Eduardo Valencia,Detroit Tigers,Detroit Tigers@Pittsburgh Pirates,Paul Skenes,PNC Park,-0.25,0.0,0.0082,0.993,-0.2315,0.7631,27,0.0,0.0,True
2026-08-19,672275,824394,Patrick Bailey,Cleveland Guardians,San Francisco Giants@Cleveland Guardians,Matt Wilkinson,Progressive Field,0.0,0.0,0.0,0.744,0.0,0.744,28,0.0,0.0,True
2026-08-19,682674,824394,Victor Bericoto,San Francisco Giants,San Francisco Giants@Cleveland Guardians,Parker Messick,Progressive Field,0.0,0.0,0.0,0.744,0.0,0.744,29,0.0,0.0,True
2026-08-19,663757,824801,Trent Grisham,New York Yankees,New York Yankees@Baltimore Orioles,Chris Bassitt,Oriole Park at Camden Yards,0.0,0.0,0.0015,0.74,0.0045,0.7433,30,0.0,0.0,True
2026-08-19,666211,824155,Taylor Trammell,Houston Astros,Los Angeles Angels@Houston Astros,Walbert Ureña,Daikin Park,0.0,0.0,-0.0517,0.879,-0.1551,0.7427,31,0.0,0.0,True
2026-08-19,622268,824076,Donovan Walton,Athletics,Athletics@Kansas City Royals,Seth Lugo,Kauffman Stadium,0.0,0.0,-0.0069,0.744,-0.0207,0.7286,32,0.0,0.0,True
2026-08-19,682626,823587,Francisco Alvarez,New York Mets,San Diego Padres@New York Mets,Michael King,Citi Field,0.0,0.0,-0.0224,0.769,-0.0672,0.7173,33,0.0,0.0,True
2026-08-19,678218,822937,Brandon Valenzuela,Toronto Blue Jays,Toronto Blue Jays@Tampa Bay Rays,Drew Rasmussen,Tropicana Field,0.0,0.0,-0.0406,0.769,-0.1218,0.6753,34,0.0,0.0,True
2026-08-19,701398,824476,Sal Stewart,Cincinnati Reds,St. Louis Cardinals@Cincinnati Reds,Matthew Liberatore,Great American Ball Park,0.0,0.0,-0.0024,0.675,-0.0073,0.6701,35,1.0,1.0,True
2026-08-19,665487,823587,Fernando Tatis Jr.,San Diego Padres,San Diego Padres@New York Mets,Robert Stock,Citi Field,0.0,0.0,0.0248,0.62,0.0744,0.6661,36,0.0,0.0,True
2026-08-19,575929,824722,Willson Contreras,Boston Red Sox,Arizona Diamondbacks@Boston Red Sox,Brandon Pfaadt,Fenway Park,0.0,0.0,-0.0108,0.679,-0.0324,0.657,37,0.0,0.0,True
2026-08-19,805367,824640,Chase Meidroth,Chicago White Sox,Chicago White Sox@Chicago Cubs,Clay Holmes,Wrigley Field,0.0,0.0,0.0202,0.615,0.0607,0.6523,38,0.0,0.0,True
2026-08-19,681715,823424,Heriberto Hernández,Miami Marlins,Miami Marlins@Philadelphia Phillies,Aaron Nola,Citizens Bank Park,0.0,0.0,0.0043,0.641,0.0129,0.6493,39,0.0,0.0,True
2026-08-19,643217,824640,Andrew Benintendi,Chicago White Sox,Chicago White Sox@Chicago Cubs,Clay Holmes,Wrigley Field,0.0,0.0,0.0029,0.641,0.0087,0.6466,40,0.0,0.0,True
2026-08-19,691777,824076,Max Muncy,Athletics,Athletics@Kansas City Royals,Seth Lugo,Kauffman Stadium,0.0,0.0,-0.007,0.659,-0.0209,0.6452,41,1.0,1.0,True
2026-08-19,573262,823664,Mike Yastrzemski,Atlanta Braves,Atlanta Braves@Minnesota Twins,Taj Bradley,Target Field,0.0,0.0,-0.0076,0.659,-0.0228,0.644,42,0.0,0.0,True
2026-08-19,673548,824640,Seiya Suzuki,Chicago Cubs,Chicago White Sox@Chicago Cubs,Sean Newcomb,Wrigley Field,0.0,0.0,0.0341,0.581,0.1022,0.6404,43,0.0,0.0,True
2026-08-19,682987,824801,Spencer Jones,New York Yankees,New York Yankees@Baltimore Orioles,Chris Bassitt,Oriole Park at Camden Yards,0.0,0.0,0.0217,0.592,0.065,0.6305,44,0.0,0.0,True
2026-08-19,650490,822937,Yandy Díaz,Tampa Bay Rays,Toronto Blue Jays@Tampa Bay Rays,Max Scherzer,Tropicana Field,0.25,0.0,0.031,0.459,0.3662,0.6271,45,1.0,1.0,True
2026-08-19,608324,824640,Alex Bregman,Chicago Cubs,Chicago White Sox@Chicago Cubs,Sean Newcomb,Wrigley Field,0.0,0.0,0.0301,0.574,0.0902,0.6258,46,0.0,0.0,True
2026-08-19,680574,824476,Matt McLain,Cincinnati Reds,St. Louis Cardinals@Cincinnati Reds,Matthew Liberatore,Great American Ball Park,0.0,0.0,0.0009,0.624,0.0027,0.6257,47,0.0,0.0,True
2026-08-19,694192,823748,Jackson Chourio,Milwaukee Brewers,Seattle Mariners@Milwaukee Brewers,Logan Gilbert,American Family Field,0.0,0.0,0.025,0.581,0.075,0.6246,48,0.0,0.0,True
2026-08-19,657041,823664,Lane Thomas,Atlanta Braves,Atlanta Braves@Minnesota Twins,Taj Bradley,Target Field,0.0,0.0,0.014,0.592,0.0421,0.6169,49,0.0,0.0,True
2026-08-19,695734,822860,Daylen Lile,Washington Nationals,Washington Nationals@Texas Rangers,Kumar Rocker,Globe Life Field,0.0,0.0,0.0198,0.581,0.0594,0.6155,50,0.0,0.0,True
2026-08-19,683146,823587,Brett Baty,New York Mets,San Diego Padres@New York Mets,Michael King,Citi Field,0.0,0.0,-0.005,0.624,-0.0151,0.6146,51,0.0,0.0,True
2026-08-19,596019,823587,Francisco Lindor,New York Mets,San Diego Padres@New York Mets,Michael King,Citi Field,0.0,0.0,0.0042,0.603,0.0126,0.6106,52,0.0,0.0,True
2026-08-19,677594,823748,Julio Rodríguez,Seattle Mariners,Seattle Mariners@Milwaukee Brewers,Dustin May,American Family Field,0.0,0.0,0.0034,0.603,0.0103,0.6092,53,0.0,0.0,True
2026-08-19,663586,823664,Austin Riley,Atlanta Braves,Atlanta Braves@Minnesota Twins,Taj Bradley,Target Field,0.0,0.0,-0.0192,0.641,-0.0576,0.6041,54,0.0,0.0,True
2026-08-19,641343,823748,Jake Bauers,Milwaukee Brewers,Seattle Mariners@Milwaukee Brewers,Logan Gilbert,American Family Field,0.0,0.0,0.0501,0.524,0.1504,0.6028,55,0.0,0.0,True
2026-08-19,701358,824155,Cam Smith,Houston Astros,Los Angeles Angels@Houston Astros,Walbert Ureña,Daikin Park,0.0,0.0,0.0004,0.592,0.0012,0.5927,56,0.0,0.0,True
2026-08-19,701538,823587,Jackson Merrill,San Diego Padres,San Diego Padres@New York Mets,Robert Stock,Citi Field,0.0,0.0,0.0231,0.549,0.0692,0.587,57,0.0,0.0,True
2026-08-19,676356,822937,Jonny DeLuca,Tampa Bay Rays,Toronto Blue Jays@Tampa Bay Rays,Max Scherzer,Tropicana Field,0.25,0.0,0.0112,0.452,0.292,0.584,58,0.0,0.0,True
2026-08-19,687952,824801,Christian Encarnacion-Strand,Baltimore Orioles,New York Yankees@Baltimore Orioles,Will Warren,Oriole Park at Camden Yards,0.0,0.0,0.0027,0.577,0.0081,0.5817,59,0.0,0.0,True
2026-08-19,668227,823748,Randy Arozarena,Seattle Mariners,Seattle Mariners@Milwaukee Brewers,Dustin May,American Family Field,0.0,0.0,0.0115,0.559,0.0345,0.5783,60,0.0,0.0,True
2026-08-19,663743,822937,Nick Fortes,Tampa Bay Rays,Toronto Blue Jays@Tampa Bay Rays,Max Scherzer,Tropicana Field,0.25,0.0,-0.0279,0.496,0.1454,0.5681,61,0.0,0.0,True
2026-08-19,668723,822937,Ryan Vilade,Tampa Bay Rays,Toronto Blue Jays@Tampa Bay Rays,Max Scherzer,Tropicana Field,0.25,0.0,-0.0013,0.452,0.2451,0.5628,62,0.0,0.0,True
2026-08-19,686475,824076,Tyler Tolbert,Kansas City Royals,Athletics@Kansas City Royals,Jeffrey Springs,Kauffman Stadium,0.0,0.0,0.0516,0.481,0.1549,0.5555,63,0.0,0.0,True
2026-08-19,678882,824722,Ceddanne Rafaela,Boston Red Sox,Arizona Diamondbacks@Boston Red Sox,Brandon Pfaadt,Fenway Park,0.0,0.0,-0.0286,0.592,-0.0858,0.5412,64,0.0,0.0,True
2026-08-19,650489,824318,Willi Castro,Colorado Rockies,Los Angeles Dodgers@Colorado Rockies,Roki Sasaki,Coors Field,0.0,0.0,0.0097,0.524,0.029,0.5392,65,0.0,0.0,True
2026-08-19,666160,824318,Mickey Moniak,Colorado Rockies,Los Angeles Dodgers@Colorado Rockies,Roki Sasaki,Coors Field,0.0,0.0,0.0016,0.524,0.0048,0.5265,66,1.0,1.0,True
2026-08-19,687401,823748,Joey Ortiz,Milwaukee Brewers,Seattle Mariners@Milwaukee Brewers,Logan Gilbert,American Family Field,0.0,0.0,0.0176,0.496,0.0528,0.5222,67,1.0,1.0,True
2026-08-19,805808,823342,Kevin McGonigle,Detroit Tigers,Detroit Tigers@Pittsburgh Pirates,Paul Skenes,PNC Park,0.0,0.0,0.0242,0.481,0.0726,0.5159,68,0.0,0.0,True
2026-08-19,703607,824076,Henry Bolte,Athletics,Athletics@Kansas City Royals,Seth Lugo,Kauffman Stadium,0.0,0.0,0.0263,0.471,0.079,0.5082,69,0.0,0.0,True
2026-08-19,624641,823424,Edmundo Sosa,Philadelphia Phillies,Miami Marlins@Philadelphia Phillies,Sandy Alcantara,Citizens Bank Park,0.0,0.0,0.0041,0.496,0.0123,0.5021,70,0.0,0.0,True
2026-08-19,642201,824722,Eli White,Boston Red Sox,Arizona Diamondbacks@Boston Red Sox,Brandon Pfaadt,Fenway Park,0.0,0.0,-0.0088,0.513,-0.0263,0.4995,71,0.0,0.0,True
2026-08-19,666139,824155,Josh Lowe,Los Angeles Angels,Los Angeles Angels@Houston Astros,Ethan Pecko,Daikin Park,0.0,0.0,0.0,0.496,0.0,0.496,72,0.0,0.0,True
2026-08-19,681624,824318,Andy Pages,Los Angeles Dodgers,Los Angeles Dodgers@Colorado Rockies,Kyle Freeland,Coors Field,0.0,0.0,0.0159,0.473,0.0478,0.4956,73,0.0,0.0,True
2026-08-19,663494,824476,Bryan Torres,St. Louis Cardinals,St. Louis Cardinals@Cincinnati Reds,Chase Burns,Great American Ball Park,0.0,0.0,0.0049,0.481,0.0148,0.4881,74,0.0,0.0,True
2026-08-19,680700,822937,Richie Palacios,Tampa Bay Rays,Toronto Blue Jays@Tampa Bay Rays,Max Scherzer,Tropicana Field,0.0,0.0,0.0044,0.481,0.0131,0.4873,75,0.0,0.0,True
2026-08-19,681297,824801,Colton Cowser,Baltimore Orioles,New York Yankees@Baltimore Orioles,Will Warren,Oriole Park at Camden Yards,0.0,0.0,0.0031,0.481,0.0094,0.4855,76,0.0,0.0,True
2026-08-19,621439,823664,Byron Buxton,Minnesota Twins,Atlanta Braves@Minnesota Twins,AJ Smith-Shawver,Target Field,0.0,0.0,0.0,0.481,0.0,0.481,77,0.0,0.0,True
2026-08-19,677592,824476,Everson Pereira,St. Louis Cardinals,St. Louis Cardinals@Cincinnati Reds,Chase Burns,Great American Ball Park,0.0,0.0,0.0214,0.452,0.0642,0.481,78,0.0,0.0,True
2026-08-19,547180,823424,Bryce Harper,Philadelphia Phillies,Miami Marlins@Philadelphia Phillies,Sandy Alcantara,Citizens Bank Park,0.0,0.0,0.0042,0.471,0.0125,0.4769,79,0.0,0.0,True
2026-08-19,606192,824318,Teoscar Hernández,Los Angeles Dodgers,Los Angeles Dodgers@Colorado Rockies,Kyle Freeland,Coors Field,0.0,0.0,-0.0031,0.481,-0.0094,0.4765,80,0.0,0.0,True
2026-08-19,805811,824394,Bryce Eldridge,San Francisco Giants,San Francisco Giants@Cleveland Guardians,Parker Messick,Progressive Field,0.0,0.0,-0.0178,0.502,-0.0534,0.4752,81,0.0,0.0,True
2026-08-19,677870,823424,Leo Jiménez,Miami Marlins,Miami Marlins@Philadelphia Phillies,Aaron Nola,Citizens Bank Park,0.0,0.0,-0.0148,0.496,-0.0444,0.474,82,0.0,0.0,True
2026-08-19,691788,823424,Joe Mack,Miami Marlins,Miami Marlins@Philadelphia Phillies,Aaron Nola,Citizens Bank Park,0.0,0.0,-0.0258,0.513,-0.0774,0.4733,83,0.0,0.0,True
2026-08-19,678545,824394,Osleivis Basabe,San Francisco Giants,San Francisco Giants@Cleveland Guardians,Parker Messick,Progressive Field,0.0,0.0,-0.0276,0.513,-0.0828,0.4705,84,0.0,0.0,True
2026-08-19,691723,824801,Coby Mayo,Baltimore Orioles,New York Yankees@Baltimore Orioles,Will Warren,Oriole Park at Camden Yards,0.0,0.0,0.025,0.427,0.0749,0.459,85,0.0,0.0,True
2026-08-19,701807,823587,Carson Benge,New York Mets,San Diego Padres@New York Mets,Michael King,Citi Field,0.0,0.0,0.0288,0.42,0.0864,0.4563,86,1.0,1.0,True
2026-08-19,572233,824155,Christian Walker,Houston Astros,Los Angeles Angels@Houston Astros,Walbert Ureña,Daikin Park,0.0,0.0,-0.0255,0.491,-0.0766,0.4534,87,0.0,0.0,True
2026-08-19,677951,824076,Bobby Witt Jr.,Kansas City Royals,Athletics@Kansas City Royals,Jeffrey Springs,Kauffman Stadium,0.0,0.0,0.0563,0.385,0.1688,0.45,88,0.0,0.0,True
2026-08-19,668709,824476,JJ Bleday,Cincinnati Reds,St. Louis Cardinals@Cincinnati Reds,Matthew Liberatore,Great American Ball Park,0.0,0.0,-0.0181,0.471,-0.0544,0.4454,89,0.0,0.0,True
2026-08-19,642350,824155,Jose Siri,Los Angeles Angels,Los Angeles Angels@Houston Astros,Ethan Pecko,Daikin Park,0.0,0.0,0.0,0.44,0.0,0.44,90,0.0,0.0,True
2026-08-19,665019,823664,Kody Clemens,Minnesota Twins,Atlanta Braves@Minnesota Twins,AJ Smith-Shawver,Target Field,0.0,0.0,-0.0165,0.462,-0.0496,0.4391,91,0.0,0.0,True
2026-08-19,642708,824801,Amed Rosario,New York Yankees,New York Yankees@Baltimore Orioles,Chris Bassitt,Oriole Park at Camden Yards,0.0,0.0,-0.0481,0.513,-0.1442,0.439,92,0.0,0.0,True
2026-08-19,807712,823664,Luke Keaschall,Minnesota Twins,Atlanta Braves@Minnesota Twins,AJ Smith-Shawver,Target Field,0.0,0.0,-0.0039,0.444,-0.0117,0.4388,93,0.0,0.0,True
2026-08-19,622761,822937,Jorge Mateo,Tampa Bay Rays,Toronto Blue Jays@Tampa Bay Rays,Max Scherzer,Tropicana Field,0.25,0.0,0.0,0.351,0.2501,0.4388,94,0.0,0.0,True
2026-08-19,695491,824476,Joshua Báez,St. Louis Cardinals,St. Louis Cardinals@Cincinnati Reds,Chase Burns,Great American Ball Park,0.0,0.0,0.0241,0.406,0.0724,0.4354,95,0.0,0.0,True
2026-08-19,686681,824076,Michael Massey,Kansas City Royals,Athletics@Kansas City Royals,Jeffrey Springs,Kauffman Stadium,0.0,0.0,-0.0065,0.444,-0.0196,0.4353,96,0.0,0.0,True
2026-08-19,686797,823664,Brooks Lee,Minnesota Twins,Atlanta Braves@Minnesota Twins,AJ Smith-Shawver,Target Field,0.0,0.0,0.0047,0.427,0.0141,0.433,97,0.0,0.0,True
2026-08-19,694673,822860,Abimelec Ortiz,Washington Nationals,Washington Nationals@Texas Rangers,Kumar Rocker,Globe Life Field,0.0,0.0,0.0068,0.423,0.0203,0.4316,98,0.0,0.0,True
2026-08-19,672386,822937,Alejandro Kirk,Toronto Blue Jays,Toronto Blue Jays@Tampa Bay Rays,Drew Rasmussen,Tropicana Field,0.25,0.0,0.0093,0.334,0.2847,0.4291,99,1.0,1.0,True
2026-08-19,668904,823664,Royce Lewis,Minnesota Twins,Atlanta Braves@Minnesota Twins,AJ Smith-Shawver,Target Field,0.0,0.0,-0.0174,0.452,-0.0522,0.4284,100,0.0,0.0,True
2026-08-19,666176,824394,Jo Adell,Cleveland Guardians,San Francisco Giants@Cleveland Guardians,Matt Wilkinson,Progressive Field,0.0,0.0,0.0,0.427,0.0,0.427,101,0.0,0.0,True
2026-08-19,663662,822937,Daz Cameron,Toronto Blue Jays,Toronto Blue Jays@Tampa Bay Rays,Drew Rasmussen,Tropicana Field,0.25,0.0,0.0,0.34,0.25,0.425,102,0.0,0.0,True
2026-08-19,646240,824394,Rafael Devers,San Francisco Giants,San Francisco Giants@Cleveland Guardians,Parker Messick,Progressive Field,0.0,0.0,-0.0148,0.444,-0.0444,0.4243,103,0.0,0.0,True
2026-08-19,687551,824394,Drew Gilbert,San Francisco Giants,San Francisco Giants@Cleveland Guardians,Parker Messick,Progressive Field,0.0,0.0,-0.0041,0.427,-0.0124,0.4217,104,0.0,0.0,True
2026-08-19,673237,824155,Yainer Diaz,Houston Astros,Los Angeles Angels@Houston Astros,Walbert Ureña,Daikin Park,0.0,0.0,-0.0049,0.427,-0.0148,0.4207,105,0.0,0.0,True
2026-08-19,605137,823664,Josh Bell,Minnesota Twins,Atlanta Braves@Minnesota Twins,AJ Smith-Shawver,Target Field,0.0,0.0,0.0153,0.398,0.046,0.4163,106,0.0,0.0,True
2026-08-19,694378,823342,Jacob Gonzalez,Pittsburgh Pirates,Detroit Tigers@Pittsburgh Pirates,Jackson Jobe,PNC Park,0.0,0.0,0.0091,0.405,0.0274,0.4161,107,0.0,0.0,True
2026-08-19,694374,824722,Tim Tawa,Arizona Diamondbacks,Arizona Diamondbacks@Boston Red Sox,Payton Tolle,Fenway Park,0.0,0.0,-0.0149,0.435,-0.0446,0.4156,108,0.0,0.0,True
2026-08-19,673357,823587,Luis Robert Jr.,New York Mets,San Diego Padres@New York Mets,Michael King,Citi Field,0.0,0.0,-0.0014,0.416,-0.0041,0.4143,109,0.0,0.0,True
2026-08-19,665953,822860,Andrés Chaparro,Washington Nationals,Washington Nationals@Texas Rangers,Kumar Rocker,Globe Life Field,0.0,0.0,0.0155,0.394,0.0464,0.4123,110,1.0,1.0,True
2026-08-19,686527,823748,Dominic Canzone,Seattle Mariners,Seattle Mariners@Milwaukee Brewers,Dustin May,American Family Field,0.0,0.0,-0.0242,0.444,-0.0725,0.4118,111,0.0,0.0,True
2026-08-19,665161,824155,Jeremy Peña,Houston Astros,Los Angeles Angels@Houston Astros,Walbert Ureña,Daikin Park,0.0,0.0,-0.0368,0.462,-0.1104,0.411,112,0.0,0.0,True
2026-08-19,607043,822860,Brandon Nimmo,Texas Rangers,Washington Nationals@Texas Rangers,Cade Cavalli,Globe Life Field,0.0,0.0,-0.0127,0.427,-0.0382,0.4107,113,0.0,0.0,True
2026-08-19,663728,823748,Cal Raleigh,Seattle Mariners,Seattle Mariners@Milwaukee Brewers,Dustin May,American Family Field,0.0,0.0,-0.0312,0.452,-0.0936,0.4097,114,0.0,0.0,True
2026-08-19,545341,824640,Randal Grichuk,Chicago White Sox,Chicago White Sox@Chicago Cubs,Clay Holmes,Wrigley Field,0.0,0.0,0.0127,0.393,0.0382,0.408,115,0.0,0.0,True
2026-08-19,695600,824076,Carter Jensen,Kansas City Royals,Athletics@Kansas City Royals,Jeffrey Springs,Kauffman Stadium,0.0,0.0,0.0293,0.375,0.088,0.408,116,0.0,0.0,True
2026-08-19,665750,824801,Leody Taveras,Baltimore Orioles,New York Yankees@Baltimore Orioles,Will Warren,Oriole Park at Camden Yards,0.0,0.0,0.0094,0.394,0.0282,0.4051,117,0.0,0.0,True
2026-08-19,650402,823342,Gleyber Torres,Detroit Tigers,Detroit Tigers@Pittsburgh Pirates,Paul Skenes,PNC Park,-0.25,0.0,0.0219,0.504,-0.2008,0.4028,118,0.0,0.0,True
2026-08-19,695657,824640,Colson Montgomery,Chicago White Sox,Chicago White Sox@Chicago Cubs,Clay Holmes,Wrigley Field,0.0,0.0,0.0148,0.385,0.0444,0.4021,119,0.0,0.0,True
2026-08-19,691781,822860,Brady House,Washington Nationals,Washington Nationals@Texas Rangers,Kumar Rocker,Globe Life Field,0.0,0.0,-0.0033,0.405,-0.0099,0.401,120,0.0,0.0,True
2026-08-19,680776,824722,Jarren Duran,Boston Red Sox,Arizona Diamondbacks@Boston Red Sox,Brandon Pfaadt,Fenway Park,0.0,0.0,-0.0383,0.452,-0.1148,0.4001,121,1.0,1.0,True
2026-08-19,670231,824076,John Rave,Kansas City Royals,Athletics@Kansas City Royals,Jeffrey Springs,Kauffman Stadium,0.0,0.0,0.0117,0.385,0.0351,0.3985,122,0.0,0.0,True
2026-08-19,691182,824318,Adael Amador,Colorado Rockies,Los Angeles Dodgers@Colorado Rockies,Roki Sasaki,Coors Field,0.0,0.0,0.0494,0.347,0.1481,0.3984,123,0.0,0.0,True
2026-08-19,608369,822860,Corey Seager,Texas Rangers,Washington Nationals@Texas Rangers,Cade Cavalli,Globe Life Field,0.0,0.0,0.0024,0.394,0.0071,0.3968,124,0.0,0.0,True
2026-08-19,682998,824722,Corbin Carroll,Arizona Diamondbacks,Arizona Diamondbacks@Boston Red Sox,Payton Tolle,Fenway Park,0.0,0.0,0.0042,0.391,0.0125,0.3959,125,0.0,0.0,True
2026-08-19,671277,824801,Luis García Jr.,New York Yankees,New York Yankees@Baltimore Orioles,Chris Bassitt,Oriole Park at Camden Yards,0.0,0.0,-0.0323,0.435,-0.097,0.3928,126,0.0,0.0,True
2026-08-19,807727,822937,Charles McAdoo,Toronto Blue Jays,Toronto Blue Jays@Tampa Bay Rays,Drew Rasmussen,Tropicana Field,0.25,0.0,-0.0104,0.323,0.2111,0.3912,127,0.0,0.0,True
2026-08-19,693307,823342,Dillon Dingler,Detroit Tigers,Detroit Tigers@Pittsburgh Pirates,Paul Skenes,PNC Park,-0.25,0.0,0.0103,0.504,-0.2268,0.3897,128,0.0,0.0,True
2026-08-19,676369,824155,Nelson Velázquez,Houston Astros,Los Angeles Angels@Houston Astros,Walbert Ureña,Daikin Park,0.0,0.0,0.0,0.384,0.0,0.384,129,0.0,0.0,True
2026-08-19,518595,824155,Travis d'Arnaud,Los Angeles Angels,Los Angeles Angels@Houston Astros,Ethan Pecko,Daikin Park,0.0,0.0,0.0,0.381,0.0,0.381,130,0.0,0.0,True
2026-08-19,700652,822937,Kenny Piper,Tampa Bay Rays,Toronto Blue Jays@Tampa Bay Rays,Max Scherzer,Tropicana Field,0.25,0.0,0.0,0.298,0.25,0.3725,131,0.0,0.0,True
2026-08-19,545121,824722,Ildemaro Vargas,Arizona Diamondbacks,Arizona Diamondbacks@Boston Red Sox,Payton Tolle,Fenway Park,0.0,0.0,-0.011,0.385,-0.033,0.3723,132,0.0,0.0,True
2026-08-19,667472,824476,Dane Myers,Cincinnati Reds,St. Louis Cardinals@Cincinnati Reds,Matthew Liberatore,Great American Ball Park,0.0,0.0,-0.0016,0.366,-0.0049,0.3642,133,0.0,0.0,True
2026-08-19,691728,824318,Zac Veen,Colorado Rockies,Los Angeles Dodgers@Colorado Rockies,Roki Sasaki,Coors Field,0.0,0.0,0.0,0.361,0.0,0.361,134,0.0,0.0,True
2026-08-19,808982,824394,Jung Hoo Lee,San Francisco Giants,San Francisco Giants@Cleveland Guardians,Parker Messick,Progressive Field,0.0,0.0,-0.0117,0.372,-0.0352,0.3589,135,0.0,0.0,True
2026-08-19,663330,824722,Jahmai Jones,Boston Red Sox,Arizona Diamondbacks@Boston Red Sox,Brandon Pfaadt,Fenway Park,0.0,0.0,0.0214,0.335,0.0642,0.3565,136,0.0,0.0,True
2026-08-19,543760,823587,Marcus Semien,New York Mets,San Diego Padres@New York Mets,Michael King,Citi Field,0.0,0.0,-0.0016,0.358,-0.0047,0.3563,137,0.0,0.0,True
2026-08-19,664983,824318,Jake McCarthy,Colorado Rockies,Los Angeles Dodgers@Colorado Rockies,Roki Sasaki,Coors Field,0.0,0.0,0.02,0.334,0.0599,0.354,138,0.0,0.0,True
2026-08-19,687749,823587,Jase Bowen,San Diego Padres,San Diego Padres@New York Mets,Robert Stock,Citi Field,0.0,0.0,0.0032,0.35,0.0097,0.3534,139,0.0,0.0,True
2026-08-19,682663,823424,Agustín Ramírez,Miami Marlins,Miami Marlins@Philadelphia Phillies,Aaron Nola,Citizens Bank Park,0.0,0.0,-0.0063,0.358,-0.019,0.3512,140,0.0,0.0,True
2026-08-19,805300,823424,Jakob Marsee,Miami Marlins,Miami Marlins@Philadelphia Phillies,Aaron Nola,Citizens Bank Park,0.0,0.0,0.0164,0.334,0.0491,0.3504,141,0.0,0.0,True
2026-08-19,545361,824155,Mike Trout,Los Angeles Angels,Los Angeles Angels@Houston Astros,Ethan Pecko,Daikin Park,0.0,0.0,0.0,0.35,0.0,0.35,142,0.0,0.0,True
2026-08-19,669394,822860,Jake Burger,Texas Rangers,Washington Nationals@Texas Rangers,Cade Cavalli,Globe Life Field,0.0,0.0,0.0077,0.342,0.0231,0.3499,143,0.0,0.0,True
2026-08-19,643446,824076,Jeff McNeil,Athletics,Athletics@Kansas City Royals,Seth Lugo,Kauffman Stadium,0.0,0.0,-0.0003,0.35,-0.0009,0.3497,144,0.0,0.0,True
2026-08-19,607208,823424,Trea Turner,Philadelphia Phillies,Miami Marlins@Philadelphia Phillies,Sandy Alcantara,Citizens Bank Park,0.0,0.0,-0.0272,0.378,-0.0815,0.3472,145,0.0,0.0,True
2026-08-19,677588,822860,José Tena,Washington Nationals,Washington Nationals@Texas Rangers,Kumar Rocker,Globe Life Field,0.0,0.0,0.025,0.323,0.0749,0.3472,146,1.0,1.0,True
2026-08-19,699625,824476,Jimmy Crooks,St. Louis Cardinals,St. Louis Cardinals@Cincinnati Reds,Chase Burns,Great American Ball Park,0.0,0.0,0.0092,0.337,0.0276,0.3463,147,0.0,0.0,True
2026-08-19,663616,823664,Trevor Larnach,Minnesota Twins,Atlanta Braves@Minnesota Twins,AJ Smith-Shawver,Target Field,0.0,0.0,-0.0349,0.385,-0.1047,0.3447,148,0.0,0.0,True
2026-08-19,806198,823748,Cooper Pratt,Milwaukee Brewers,Seattle Mariners@Milwaukee Brewers,Logan Gilbert,American Family Field,0.0,0.0,-0.0132,0.358,-0.0397,0.3438,149,0.0,0.0,True
2026-08-19,664023,824640,Ian Happ,Chicago Cubs,Chicago White Sox@Chicago Cubs,Sean Newcomb,Wrigley Field,0.0,0.0,0.0166,0.327,0.0498,0.3433,150,0.0,0.0,True
2026-08-19,656537,823424,Derek Hill,Philadelphia Phillies,Miami Marlins@Philadelphia Phillies,Sandy Alcantara,Citizens Bank Park,0.0,0.0,-0.0234,0.368,-0.0701,0.3422,151,0.0,0.0,True
2026-08-19,670764,822937,Taylor Walls,Tampa Bay Rays,Toronto Blue Jays@Tampa Bay Rays,Max Scherzer,Tropicana Field,0.0,0.0,0.0001,0.342,0.0003,0.3421,152,0.0,0.0,True
2026-08-19,676439,824318,Hunter Feduccia,Los Angeles Dodgers,Los Angeles Dodgers@Colorado Rockies,Kyle Freeland,Coors Field,0.0,0.0,0.0017,0.34,0.005,0.3417,153,0.0,0.0,True
2026-08-19,665923,823424,Esteury Ruiz,Miami Marlins,Miami Marlins@Philadelphia Phillies,Aaron Nola,Citizens Bank Park,0.0,0.0,0.0087,0.332,0.0262,0.3407,154,0.0,0.0,True
2026-08-19,801126,823748,Brock Rodden,Seattle Mariners,Seattle Mariners@Milwaukee Brewers,Dustin May,American Family Field,0.0,0.0,0.0051,0.333,0.0153,0.3381,155,0.0,0.0,True
2026-08-19,700250,824801,Ben Rice,New York Yankees,New York Yankees@Baltimore Orioles,Chris Bassitt,Oriole Park at Camden Yards,0.0,0.0,-0.0255,0.366,-0.0765,0.338,156,1.0,1.0,True
2026-08-19,661531,824076,Brian Serven,Athletics,Athletics@Kansas City Royals,Seth Lugo,Kauffman Stadium,0.0,0.0,-0.0101,0.347,-0.0303,0.3365,157,0.0,0.0,True
2026-08-19,804668,823342,Rafael Flores Jr.,Pittsburgh Pirates,Detroit Tigers@Pittsburgh Pirates,Jackson Jobe,PNC Park,-0.25,0.0,0.0388,0.399,-0.1627,0.3341,158,1.0,2.0,True
2026-08-19,694671,822860,Wyatt Langford,Texas Rangers,Washington Nationals@Texas Rangers,Cade Cavalli,Globe Life Field,0.0,0.0,-0.0114,0.342,-0.0342,0.3303,159,0.0,0.0,True
2026-08-19,813841,824394,Jonah Cox,San Francisco Giants,San Francisco Giants@Cleveland Guardians,Parker Messick,Progressive Field,0.0,0.0,0.0,0.33,0.0,0.33,160,0.0,0.0,True
2026-08-19,701678,823342,Hao-Yu Lee,Detroit Tigers,Detroit Tigers@Pittsburgh Pirates,Paul Skenes,PNC Park,-0.25,0.0,-0.0004,0.44,-0.2509,0.3296,161,0.0,0.0,True
2026-08-19,593428,823587,Xander Bogaerts,San Diego Padres,San Diego Padres@New York Mets,Robert Stock,Citi Field,0.0,0.0,0.022,0.308,0.0659,0.3283,162,0.0,0.0,True
2026-08-19,681047,824801,Christian Franklin,Baltimore Orioles,New York Yankees@Baltimore Orioles,Will Warren,Oriole Park at Camden Yards,0.0,0.0,0.0129,0.315,0.0387,0.3272,163,0.0,0.0,True
2026-08-19,543510,824722,James McCann,Arizona Diamondbacks,Arizona Diamondbacks@Boston Red Sox,Payton Tolle,Fenway Park,0.0,0.0,0.007,0.32,0.0209,0.3267,164,0.0,0.0,True
2026-08-19,647304,823748,Josh Naylor,Seattle Mariners,Seattle Mariners@Milwaukee Brewers,Dustin May,American Family Field,0.0,0.0,0.0175,0.308,0.0526,0.3242,165,0.0,0.0,True
2026-08-19,687605,822860,Andrew Pinckney,Washington Nationals,Washington Nationals@Texas Rangers,Kumar Rocker,Globe Life Field,0.0,0.0,0.0,0.324,0.0,0.324,166,0.0,0.0,True
2026-08-19,665804,824640,Miguel Amaya,Chicago Cubs,Chicago White Sox@Chicago Cubs,Sean Newcomb,Wrigley Field,0.0,0.0,0.0261,0.3,0.0783,0.3235,167,0.0,0.0,True
2026-08-19,690984,824394,Petey Halpin,Cleveland Guardians,San Francisco Giants@Cleveland Guardians,Matt Wilkinson,Progressive Field,0.0,0.0,0.0,0.321,0.0,0.321,168,0.0,0.0,True
2026-08-19,571771,824318,Enrique Hernández,Los Angeles Dodgers,Los Angeles Dodgers@Colorado Rockies,Kyle Freeland,Coors Field,0.0,0.0,-0.0083,0.328,-0.025,0.3198,169,1.0,1.0,True
2026-08-19,690924,824318,Braxton Fulford,Colorado Rockies,Los Angeles Dodgers@Colorado Rockies,Roki Sasaki,Coors Field,0.0,0.0,0.0,0.319,0.0,0.319,170,0.0,0.0,True
2026-08-19,650559,823424,Bryan De La Cruz,Philadelphia Phillies,Miami Marlins@Philadelphia Phillies,Sandy Alcantara,Citizens Bank Park,0.0,0.0,0.0045,0.314,0.0134,0.3182,171,0.0,0.0,True
2026-08-19,682928,822860,CJ Abrams,Washington Nationals,Washington Nationals@Texas Rangers,Kumar Rocker,Globe Life Field,0.0,0.0,0.0017,0.314,0.0051,0.3156,172,0.0,0.0,True
2026-08-19,682634,824640,Kevin Alcántara,Chicago Cubs,Chicago White Sox@Chicago Cubs,Sean Newcomb,Wrigley Field,0.0,0.0,0.0,0.312,0.0,0.312,173,0.0,0.0,True
2026-08-19,668670,824640,Jake Rogers,Chicago White Sox,Chicago White Sox@Chicago Cubs,Clay Holmes,Wrigley Field,0.0,0.0,-0.003,0.314,-0.0089,0.3112,174,0.0,0.0,True
2026-08-19,650859,823587,Luis Rengifo,San Diego Padres,San Diego Padres@New York Mets,Robert Stock,Citi Field,0.0,0.0,0.0363,0.28,0.1089,0.3105,175,0.0,0.0,True
2026-08-19,806146,824801,George Lombard Jr.,New York Yankees,New York Yankees@Baltimore Orioles,Chris Bassitt,Oriole Park at Camden Yards,0.0,0.0,-0.0254,0.336,-0.0762,0.3104,176,0.0,0.0,True
2026-08-19,701785,823664,Kaelen Culpepper,Minnesota Twins,Atlanta Braves@Minnesota Twins,AJ Smith-Shawver,Target Field,0.0,0.0,0.0088,0.302,0.0265,0.31,177,0.0,0.0,True
2026-08-19,571912,824076,Luke Maile,Kansas City Royals,Athletics@Kansas City Royals,Jeffrey Springs,Kauffman Stadium,0.0,0.0,0.0,0.31,0.0,0.31,178,0.0,0.0,True
2026-08-19,663968,823342,Jake Mangum,Pittsburgh Pirates,Detroit Tigers@Pittsburgh Pirates,Jackson Jobe,PNC Park,0.0,0.0,0.0401,0.275,0.1204,0.3081,179,0.0,0.0,True
2026-08-19,663993,824394,Nathaniel Lowe,Cleveland Guardians,San Francisco Giants@Cleveland Guardians,Matt Wilkinson,Progressive Field,0.0,0.0,0.0,0.308,0.0,0.308,180,0.0,0.0,True
2026-08-19,814430,823342,Brett Callahan,Detroit Tigers,Detroit Tigers@Pittsburgh Pirates,Paul Skenes,PNC Park,0.0,0.0,0.0,0.307,0.0,0.307,181,0.0,0.0,True
2026-08-19,686611,822860,Dylan Crews,Washington Nationals,Washington Nationals@Texas Rangers,Kumar Rocker,Globe Life Field,0.0,0.0,-0.0209,0.327,-0.0627,0.3065,182,0.0,0.0,True
2026-08-19,695670,822860,Harry Ford,Washington Nationals,Washington Nationals@Texas Rangers,Kumar Rocker,Globe Life Field,0.0,0.0,-0.0174,0.323,-0.0523,0.3061,183,0.0,0.0,True
2026-08-19,665506,823587,Cristian Pache,New York Mets,San Diego Padres@New York Mets,Michael King,Citi Field,0.0,0.0,0.0,0.304,0.0,0.304,184,0.0,0.0,True
2026-08-19,683002,824801,Gunnar Henderson,Baltimore Orioles,New York Yankees@Baltimore Orioles,Will Warren,Oriole Park at Camden Yards,0.0,0.0,-0.0002,0.302,-0.0007,0.3018,185,0.0,0.0,True
2026-08-19,668800,824394,Andrew Knizner,San Francisco Giants,San Francisco Giants@Cleveland Guardians,Parker Messick,Progressive Field,0.0,0.0,0.0,0.301,0.0,0.301,186,0.0,0.0,True
2026-08-19,680911,824640,Owen Miller,Chicago Cubs,Chicago White Sox@Chicago Cubs,Sean Newcomb,Wrigley Field,0.0,0.0,0.0,0.3,0.0,0.3,187,0.0,0.0,True
2026-08-19,677943,824476,Will Banfield,Cincinnati Reds,St. Louis Cardinals@Cincinnati Reds,Matthew Liberatore,Great American Ball Park,0.0,0.0,0.0,0.3,0.0,0.3,188,0.0,0.0,True
2026-08-19,691594,823424,Javier Sanoja,Miami Marlins,Miami Marlins@Philadelphia Phillies,Aaron Nola,Citizens Bank Park,0.0,0.0,-0.0092,0.308,-0.0276,0.2995,189,1.0,1.0,True
2026-08-19,676572,823587,Eric Wagaman,New York Mets,San Diego Padres@New York Mets,Michael King,Citi Field,0.0,0.0,0.0,0.298,0.0,0.298,190,0.0,0.0,True
2026-08-19,670541,824155,Yordan Alvarez,Houston Astros,Los Angeles Angels@Houston Astros,Walbert Ureña,Daikin Park,0.0,0.0,-0.0049,0.302,-0.0146,0.2976,191,0.0,0.0,True
2026-08-19,806367,824394,Turner Hill,San Francisco Giants,San Francisco Giants@Cleveland Guardians,Parker Messick,Progressive Field,0.0,0.0,0.0,0.295,0.0,0.295,192,0.0,0.0,True
2026-08-19,669242,824318,Tommy Edman,Los Angeles Dodgers,Los Angeles Dodgers@Colorado Rockies,Kyle Freeland,Coors Field,0.0,0.0,-0.011,0.302,-0.0331,0.292,193,0.0,0.0,True
2026-08-19,689414,822937,Liam Hicks,Tampa Bay Rays,Toronto Blue Jays@Tampa Bay Rays,Max Scherzer,Tropicana Field,0.0,0.0,-0.0235,0.314,-0.0704,0.2919,194,0.0,0.0,True
2026-08-19,702176,823664,Alan Roden,Minnesota Twins,Atlanta Braves@Minnesota Twins,AJ Smith-Shawver,Target Field,0.0,0.0,-0.0009,0.291,-0.0027,0.2902,195,0.0,0.0,True
2026-08-19,666163,824318,Ben Rortvedt,Los Angeles Dodgers,Los Angeles Dodgers@Colorado Rockies,Kyle Freeland,Coors Field,0.0,0.0,0.0,0.29,0.0,0.29,196,0.0,0.0,True
2026-08-19,640459,823424,Brian Navarreto,Miami Marlins,Miami Marlins@Philadelphia Phillies,Aaron Nola,Citizens Bank Park,0.0,0.0,-0.014,0.302,-0.0421,0.2893,197,0.0,0.0,True
2026-08-19,691011,824640,Drew Romo,Chicago White Sox,Chicago White Sox@Chicago Cubs,Clay Holmes,Wrigley Field,0.0,0.0,-0.0077,0.294,-0.0231,0.2872,198,0.0,0.0,True
2026-08-19,681807,824394,David Fry,Cleveland Guardians,San Francisco Giants@Cleveland Guardians,Matt Wilkinson,Progressive Field,0.0,0.0,0.0,0.286,0.0,0.286,199,0.0,0.0,True
2026-08-19,695720,824076,Tommy White,Athletics,Athletics@Kansas City Royals,Seth Lugo,Kauffman Stadium,0.0,0.0,-0.0156,0.296,-0.047,0.2821,200,0.0,0.0,True
2026-08-19,620443,823587,Luis Torrens,New York Mets,San Diego Padres@New York Mets,Michael King,Citi Field,0.0,0.0,0.0335,0.256,0.1004,0.2817,201,0.0,0.0,True
2026-08-19,682829,824476,Elly De La Cruz,Cincinnati Reds,St. Louis Cardinals@Cincinnati Reds,Matthew Liberatore,Great American Ball Park,0.0,0.0,-0.0045,0.285,-0.0133,0.2812,202,0.0,0.0,True
2026-08-19,687597,824318,Jordan Beck,Colorado Rockies,Los Angeles Dodgers@Colorado Rockies,Roki Sasaki,Coors Field,0.0,0.0,0.0125,0.27,0.0374,0.2801,203,0.0,0.0,True
2026-08-19,669720,823587,Austin Hays,San Diego Padres,San Diego Padres@New York Mets,Robert Stock,Citi Field,0.0,0.0,0.0,0.28,0.0,0.28,204,0.0,0.0,True
2026-08-19,642215,823748,Weston Wilson,Seattle Mariners,Seattle Mariners@Milwaukee Brewers,Dustin May,American Family Field,0.0,0.0,-0.0036,0.282,-0.0106,0.279,205,0.0,0.0,True
2026-08-19,686668,824640,Brenton Doyle,Chicago White Sox,Chicago White Sox@Chicago Cubs,Clay Holmes,Wrigley Field,0.0,0.0,0.0261,0.258,0.0783,0.2782,206,0.0,0.0,True
2026-08-19,669911,824476,Michael Toglia,Cincinnati Reds,St. Louis Cardinals@Cincinnati Reds,Matthew Liberatore,Great American Ball Park,0.0,0.0,-0.0138,0.29,-0.0414,0.278,207,0.0,0.0,True
2026-08-19,643376,822860,Danny Jansen,Texas Rangers,Washington Nationals@Texas Rangers,Cade Cavalli,Globe Life Field,0.0,0.0,0.0,0.278,0.0,0.278,208,0.0,0.0,True
2026-08-19,663656,824318,Kyle Tucker,Los Angeles Dodgers,Los Angeles Dodgers@Colorado Rockies,Kyle Freeland,Coors Field,0.0,0.0,-0.0145,0.29,-0.0434,0.2774,209,0.0,0.0,True
2026-08-19,671083,824394,Buddy Kennedy,San Francisco Giants,San Francisco Giants@Cleveland Guardians,Parker Messick,Progressive Field,0.0,0.0,-0.02,0.292,-0.0599,0.2745,210,0.0,0.0,True
2026-08-19,661388,823748,William Contreras,Milwaukee Brewers,Seattle Mariners@Milwaukee Brewers,Logan Gilbert,American Family Field,0.0,0.0,-0.0123,0.285,-0.0368,0.2745,211,0.0,0.0,True
2026-08-19,680716,823748,Jonathan Ornelas,Milwaukee Brewers,Seattle Mariners@Milwaukee Brewers,Logan Gilbert,American Family Field,0.0,0.0,-0.0115,0.284,-0.0345,0.2742,212,0.0,0.0,True
2026-08-19,691783,824722,Jordan Lawlar,Arizona Diamondbacks,Arizona Diamondbacks@Boston Red Sox,Payton Tolle,Fenway Park,0.0,0.0,0.0,0.274,0.0,0.274,213,0.0,0.0,True
2026-08-19,672515,824722,Gabriel Moreno,Arizona Diamondbacks,Arizona Diamondbacks@Boston Red Sox,Payton Tolle,Fenway Park,0.0,0.0,0.0124,0.256,0.0371,0.2655,214,0.0,0.0,True
2026-08-19,800050,824394,Chase DeLauter,Cleveland Guardians,San Francisco Giants@Cleveland Guardians,Matt Wilkinson,Progressive Field,0.0,0.0,0.0,0.265,0.0,0.265,215,0.0,0.0,True
2026-08-19,702284,823748,Cole Young,Seattle Mariners,Seattle Mariners@Milwaukee Brewers,Dustin May,American Family Field,0.0,0.0,0.0172,0.252,0.0516,0.265,216,0.0,0.0,True
2026-08-19,645277,823664,Ozzie Albies,Atlanta Braves,Atlanta Braves@Minnesota Twins,Taj Bradley,Target Field,0.0,0.0,-0.0156,0.275,-0.0469,0.2621,217,0.0,0.0,True
2026-08-19,683227,822860,Cody Freeman,Texas Rangers,Washington Nationals@Texas Rangers,Cade Cavalli,Globe Life Field,0.0,0.0,-0.0054,0.265,-0.0162,0.2607,218,0.0,0.0,True
2026-08-19,665862,824801,Jazz Chisholm Jr.,New York Yankees,New York Yankees@Baltimore Orioles,Chris Bassitt,Oriole Park at Camden Yards,0.0,0.0,0.0157,0.248,0.0472,0.2597,219,0.0,0.0,True
2026-08-19,678489,824722,Jorge Barrosa,Arizona Diamondbacks,Arizona Diamondbacks@Boston Red Sox,Payton Tolle,Fenway Park,0.0,0.0,0.0041,0.256,0.0121,0.2591,220,0.0,0.0,True
2026-08-19,686780,824476,Pedro Pagés,St. Louis Cardinals,St. Louis Cardinals@Cincinnati Reds,Chase Burns,Great American Ball Park,0.0,0.0,0.0024,0.256,0.007,0.2578,221,0.0,0.0,True
2026-08-19,621438,824640,Tyrone Taylor,Chicago Cubs,Chicago White Sox@Chicago Cubs,Sean Newcomb,Wrigley Field,0.0,0.0,0.0131,0.248,0.0391,0.2577,222,0.0,0.0,True
2026-08-19,553869,822860,Elias Díaz,Texas Rangers,Washington Nationals@Texas Rangers,Cade Cavalli,Globe Life Field,0.0,0.0,0.0011,0.256,0.0031,0.2568,223,0.0,0.0,True
2026-08-19,673490,823664,Ha-Seong Kim,Atlanta Braves,Atlanta Braves@Minnesota Twins,Taj Bradley,Target Field,0.0,0.0,0.0,0.255,0.0,0.255,224,0.0,0.0,True
2026-08-19,664954,824318,Brett Sullivan,Colorado Rockies,Los Angeles Dodgers@Colorado Rockies,Roki Sasaki,Coors Field,0.0,0.0,0.0269,0.236,0.0805,0.255,225,0.0,0.0,True
2026-08-19,657757,823587,Gavin Sheets,San Diego Padres,San Diego Padres@New York Mets,Robert Stock,Citi Field,0.0,0.0,-0.0015,0.256,-0.0047,0.2548,226,0.0,0.0,True
2026-08-19,679822,822860,Justin Foscue,Texas Rangers,Washington Nationals@Texas Rangers,Cade Cavalli,Globe Life Field,0.0,0.0,-0.0026,0.256,-0.0078,0.254,227,0.0,0.0,True
2026-08-19,666182,823587,Bo Bichette,New York Mets,San Diego Padres@New York Mets,Michael King,Citi Field,0.0,0.0,-0.0069,0.256,-0.0207,0.2507,228,0.0,0.0,True
2026-08-19,666624,823587,Christopher Morel,New York Mets,San Diego Padres@New York Mets,Michael King,Citi Field,0.0,0.0,0.0,0.25,0.0,0.25,229,0.0,0.0,True
2026-08-19,669221,823664,Sean Murphy,Atlanta Braves,Atlanta Braves@Minnesota Twins,Taj Bradley,Target Field,0.0,0.0,-0.0175,0.263,-0.0525,0.2492,230,0.0,0.0,True
2026-08-19,694197,824394,Angel Genao,Cleveland Guardians,San Francisco Giants@Cleveland Guardians,Matt Wilkinson,Progressive Field,0.0,0.0,0.0,0.248,0.0,0.248,231,0.0,0.0,True
2026-08-19,672284,822860,Jarred Kelenic,Texas Rangers,Washington Nationals@Texas Rangers,Cade Cavalli,Globe Life Field,0.0,0.0,0.0,0.248,0.0,0.248,232,0.0,0.0,True
2026-08-19,663538,824640,Nico Hoerner,Chicago Cubs,Chicago White Sox@Chicago Cubs,Sean Newcomb,Wrigley Field,0.0,0.0,0.0131,0.237,0.0392,0.2463,233,0.0,0.0,True
2026-08-19,650968,824801,Yohel Pozo,Baltimore Orioles,New York Yankees@Baltimore Orioles,Will Warren,Oriole Park at Camden Yards,0.0,0.0,-0.0021,0.247,-0.0065,0.2454,234,0.0,0.0,True
2026-08-19,500743,824318,Miguel Rojas,Los Angeles Dodgers,Los Angeles Dodgers@Colorado Rockies,Kyle Freeland,Coors Field,0.0,0.0,-0.0188,0.26,-0.0565,0.2453,235,0.0,0.0,True
2026-08-19,687637,824801,Dylan Beavers,Baltimore Orioles,New York Yankees@Baltimore Orioles,Will Warren,Oriole Park at Camden Yards,0.0,0.0,-0.0044,0.248,-0.0133,0.2447,236,1.0,1.0,True
2026-08-19,656577,823664,Alex Jackson,Minnesota Twins,Atlanta Braves@Minnesota Twins,AJ Smith-Shawver,Target Field,0.0,0.0,0.0,0.244,0.0,0.244,237,0.0,0.0,True
2026-08-19,669134,823587,Luis Campusano,San Diego Padres,San Diego Padres@New York Mets,Robert Stock,Citi Field,0.0,0.0,0.0259,0.226,0.0779,0.2436,238,0.0,0.0,True
2026-08-19,699302,824476,Héctor Rodríguez,Cincinnati Reds,St. Louis Cardinals@Cincinnati Reds,Matthew Liberatore,Great American Ball Park,0.0,0.0,-0.0274,0.265,-0.0823,0.2432,239,0.0,0.0,True
2026-08-19,670623,824155,Isaac Paredes,Houston Astros,Los Angeles Angels@Houston Astros,Walbert Ureña,Daikin Park,0.0,0.0,-0.0171,0.256,-0.0512,0.2429,240,0.0,0.0,True
2026-08-19,823550,823587,Sung-Mun Song,San Diego Padres,San Diego Padres@New York Mets,Robert Stock,Citi Field,0.0,0.0,0.0035,0.24,0.0104,0.2425,241,0.0,0.0,True
2026-08-19,691023,824476,Jordan Walker,St. Louis Cardinals,St. Louis Cardinals@Cincinnati Reds,Chase Burns,Great American Ball Park,0.0,0.0,-0.0295,0.265,-0.0887,0.2415,242,1.0,1.0,True
2026-08-19,669224,824801,Austin Wells,New York Yankees,New York Yankees@Baltimore Orioles,Chris Bassitt,Oriole Park at Camden Yards,0.0,0.0,-0.0206,0.256,-0.0617,0.2402,243,0.0,0.0,True
2026-08-19,660821,822937,Jesús Sánchez,Toronto Blue Jays,Toronto Blue Jays@Tampa Bay Rays,Drew Rasmussen,Tropicana Field,0.0,0.0,-0.0117,0.248,-0.0351,0.2393,244,0.0,0.0,True
2026-08-19,701852,824394,Drew Cavanaugh,San Francisco Giants,San Francisco Giants@Cleveland Guardians,Parker Messick,Progressive Field,0.0,0.0,-0.0103,0.245,-0.031,0.2374,245,0.0,0.0,True
2026-08-19,699393,824640,Pedro Ramírez,Chicago Cubs,Chicago White Sox@Chicago Cubs,Sean Newcomb,Wrigley Field,0.0,0.0,0.0254,0.22,0.0764,0.2368,246,0.0,0.0,True
2026-08-19,665966,824801,Carlos Narváez,Baltimore Orioles,New York Yankees@Baltimore Orioles,Will Warren,Oriole Park at Camden Yards,0.0,0.0,-0.0173,0.248,-0.052,0.2351,247,0.0,0.0,True
2026-08-19,688363,823424,Graham Pauley,Miami Marlins,Miami Marlins@Philadelphia Phillies,Aaron Nola,Citizens Bank Park,0.0,0.0,0.013,0.226,0.0389,0.2348,248,0.0,0.0,True
2026-08-19,605141,824318,Mookie Betts,Los Angeles Dodgers,Los Angeles Dodgers@Colorado Rockies,Kyle Freeland,Coors Field,0.0,0.0,-0.0034,0.237,-0.0101,0.2346,249,1.0,1.0,True
2026-08-19,702332,824722,Caleb Durbin,Boston Red Sox,Arizona Diamondbacks@Boston Red Sox,Brandon Pfaadt,Fenway Park,0.0,0.0,-0.0041,0.237,-0.0122,0.2341,250,0.0,0.0,True
2026-08-19,694203,824155,Denzer Guzman,Los Angeles Angels,Los Angeles Angels@Houston Astros,Ethan Pecko,Daikin Park,0.0,0.0,0.0,0.233,0.0,0.233,251,0.0,0.0,True
2026-08-19,657136,824722,Connor Wong,Boston Red Sox,Arizona Diamondbacks@Boston Red Sox,Brandon Pfaadt,Fenway Park,0.0,0.0,-0.0375,0.262,-0.1126,0.2325,252,0.0,0.0,True
2026-08-19,671056,824476,Iván Herrera,St. Louis Cardinals,St. Louis Cardinals@Cincinnati Reds,Chase Burns,Great American Ball Park,0.0,0.0,-0.0105,0.24,-0.0317,0.2324,253,0.0,0.0,True
2026-08-19,596117,823424,Garrett Stubbs,Philadelphia Phillies,Miami Marlins@Philadelphia Phillies,Sandy Alcantara,Citizens Bank Park,0.0,0.0,-0.0051,0.235,-0.0153,0.2314,254,0.0,0.0,True
2026-08-19,595978,824394,Austin Hedges,Cleveland Guardians,San Francisco Giants@Cleveland Guardians,Matt Wilkinson,Progressive Field,0.0,0.0,0.0,0.23,0.0,0.23,255,0.0,0.0,True
2026-08-19,701162,823342,Ben Malgeri,Detroit Tigers,Detroit Tigers@Pittsburgh Pirates,Paul Skenes,PNC Park,-0.25,0.0,0.0058,0.301,-0.2369,0.2297,256,0.0,0.0,True
2026-08-19,667452,823342,Corey Julks,Detroit Tigers,Detroit Tigers@Pittsburgh Pirates,Paul Skenes,PNC Park,-0.25,0.0,0.0,0.301,-0.2498,0.2258,257,0.0,0.0,True
2026-08-19,671976,824640,Tristan Peters,Chicago White Sox,Chicago White Sox@Chicago Cubs,Clay Holmes,Wrigley Field,0.0,0.0,0.0038,0.22,0.0114,0.2225,258,0.0,0.0,True
2026-08-19,690993,823342,Colt Keith,Detroit Tigers,Detroit Tigers@Pittsburgh Pirates,Paul Skenes,PNC Park,0.0,0.0,0.023,0.208,0.0692,0.2224,259,0.0,0.0,True
2026-08-19,670770,824476,TJ Friedl,Cincinnati Reds,St. Louis Cardinals@Cincinnati Reds,Matthew Liberatore,Great American Ball Park,0.0,0.0,-0.0268,0.24,-0.0804,0.2207,260,0.0,0.0,True
2026-08-19,640902,823748,Jhonny Pereda,Seattle Mariners,Seattle Mariners@Milwaukee Brewers,Dustin May,American Family Field,0.0,0.0,0.0,0.22,0.0,0.22,261,0.0,0.0,True
2026-08-19,645305,824801,Ali Sánchez,New York Yankees,New York Yankees@Baltimore Orioles,Chris Bassitt,Oriole Park at Camden Yards,0.0,0.0,-0.0302,0.241,-0.0905,0.2192,262,0.0,0.0,True
2026-08-19,676609,824801,José Caballero,New York Yankees,New York Yankees@Baltimore Orioles,Chris Bassitt,Oriole Park at Camden Yards,0.0,0.0,-0.0217,0.233,-0.0652,0.2178,263,0.0,0.0,True
2026-08-19,608348,824640,Carson Kelly,Chicago Cubs,Chicago White Sox@Chicago Cubs,Sean Newcomb,Wrigley Field,0.0,0.0,0.0226,0.202,0.0678,0.2157,264,0.0,0.0,True
2026-08-19,624431,824476,Jose Trevino,Cincinnati Reds,St. Louis Cardinals@Cincinnati Reds,Matthew Liberatore,Great American Ball Park,0.0,0.0,-0.008,0.22,-0.0241,0.2147,265,0.0,0.0,True
2026-08-19,683734,823748,Andrew Vaughn,Milwaukee Brewers,Seattle Mariners@Milwaukee Brewers,Logan Gilbert,American Family Field,0.0,0.0,0.01,0.208,0.0298,0.2142,266,0.0,0.0,True
2026-08-19,682657,824394,Angel Martínez,Cleveland Guardians,San Francisco Giants@Cleveland Guardians,Matt Wilkinson,Progressive Field,0.0,0.0,0.0,0.214,0.0,0.214,267,0.0,0.0,True
2026-08-19,678662,824318,Ezequiel Tovar,Colorado Rockies,Los Angeles Dodgers@Colorado Rockies,Roki Sasaki,Coors Field,0.0,0.0,0.0029,0.208,0.0087,0.2098,268,0.0,0.0,True
2026-08-19,624428,824155,Adam Frazier,Los Angeles Angels,Los Angeles Angels@Houston Astros,Ethan Pecko,Daikin Park,0.0,0.0,0.0,0.206,0.0,0.206,269,0.0,0.0,True
2026-08-19,681393,824318,Connor Norby,Colorado Rockies,Los Angeles Dodgers@Colorado Rockies,Roki Sasaki,Coors Field,0.0,0.0,0.0221,0.192,0.0661,0.2047,270,0.0,0.0,True
2026-08-19,641857,824801,Ryan McMahon,New York Yankees,New York Yankees@Baltimore Orioles,Chris Bassitt,Oriole Park at Camden Yards,0.0,0.0,-0.0319,0.226,-0.0956,0.2044,271,0.0,0.0,True
2026-08-19,669397,824155,Nick Allen,Houston Astros,Los Angeles Angels@Houston Astros,Walbert Ureña,Daikin Park,0.0,0.0,-0.0106,0.203,-0.032,0.1965,272,0.0,0.0,True
2026-08-19,663647,824476,Ke'Bryan Hayes,Cincinnati Reds,St. Louis Cardinals@Cincinnati Reds,Matthew Liberatore,Great American Ball Park,0.0,0.0,-0.0281,0.214,-0.0841,0.196,273,0.0,0.0,True
2026-08-19,696285,822860,Jacob Young,Washington Nationals,Washington Nationals@Texas Rangers,Kumar Rocker,Globe Life Field,0.0,0.0,0.0232,0.183,0.0694,0.1957,274,0.0,0.0,True
2026-08-19,543807,822937,George Springer,Toronto Blue Jays,Toronto Blue Jays@Tampa Bay Rays,Drew Rasmussen,Tropicana Field,0.25,0.0,-0.0327,0.171,0.1275,0.1928,275,0.0,0.0,True
2026-08-19,672960,822937,Kazuma Okamoto,Toronto Blue Jays,Toronto Blue Jays@Tampa Bay Rays,Drew Rasmussen,Tropicana Field,0.25,0.0,-0.0313,0.167,0.1323,0.1891,276,0.0,0.0,True
2026-08-19,669707,823342,Jared Triolo,Pittsburgh Pirates,Detroit Tigers@Pittsburgh Pirates,Jackson Jobe,PNC Park,-0.25,0.0,0.0272,0.233,-0.1888,0.189,277,0.0,0.0,True
2026-08-19,592885,823748,Christian Yelich,Milwaukee Brewers,Seattle Mariners@Milwaukee Brewers,Logan Gilbert,American Family Field,0.0,0.0,-0.0141,0.197,-0.0421,0.1887,278,0.0,0.0,True
2026-08-19,666126,824076,Carlos Cortes,Athletics,Athletics@Kansas City Royals,Seth Lugo,Kauffman Stadium,0.0,0.0,-0.0074,0.192,-0.0224,0.1877,279,0.0,0.0,True
2026-08-19,656775,822937,Cedric Mullins,Tampa Bay Rays,Toronto Blue Jays@Tampa Bay Rays,Max Scherzer,Tropicana Field,0.0,0.0,-0.0082,0.192,-0.0245,0.1873,280,0.0,0.0,True
2026-08-19,691458,824476,Blaze Jordan,St. Louis Cardinals,St. Louis Cardinals@Cincinnati Reds,Chase Burns,Great American Ball Park,0.0,0.0,-0.0085,0.192,-0.0255,0.1871,281,0.0,0.0,True
2026-08-19,668930,823748,Brice Turang,Milwaukee Brewers,Seattle Mariners@Milwaukee Brewers,Logan Gilbert,American Family Field,0.0,0.0,-0.003,0.183,-0.0087,0.1814,282,0.0,0.0,True
2026-08-19,695257,823342,Billy Cook,Pittsburgh Pirates,Detroit Tigers@Pittsburgh Pirates,Jackson Jobe,PNC Park,-0.25,0.0,0.0,0.24,-0.25,0.18,283,0.0,0.0,True
2026-08-19,502671,824801,Paul Goldschmidt,New York Yankees,New York Yankees@Baltimore Orioles,Chris Bassitt,Oriole Park at Camden Yards,0.0,0.0,-0.0289,0.197,-0.0868,0.1799,284,0.0,0.0,True
2026-08-19,814439,824722,Ryan Waldschmidt,Arizona Diamondbacks,Arizona Diamondbacks@Boston Red Sox,Payton Tolle,Fenway Park,0.0,0.0,-0.0162,0.188,-0.0484,0.1789,285,0.0,0.0,True
2026-08-19,685133,824155,Wade Meckler,Los Angeles Angels,Los Angeles Angels@Houston Astros,Ethan Pecko,Daikin Park,0.0,0.0,0.0,0.171,0.0,0.171,286,0.0,0.0,True
2026-08-19,687263,824155,Zach Neto,Los Angeles Angels,Los Angeles Angels@Houston Astros,Ethan Pecko,Daikin Park,0.0,0.0,0.0,0.171,0.0,0.171,287,0.0,0.0,True
2026-08-19,695731,824640,Braden Montgomery,Chicago White Sox,Chicago White Sox@Chicago Cubs,Clay Holmes,Wrigley Field,0.0,0.0,-0.0153,0.179,-0.0458,0.1708,288,0.0,0.0,True
2026-08-19,703601,823342,Max Clark,Detroit Tigers,Detroit Tigers@Pittsburgh Pirates,Paul Skenes,PNC Park,0.0,0.0,0.0102,0.164,0.0305,0.169,289,0.0,0.0,True
2026-08-19,592663,823424,J.T. Realmuto,Philadelphia Phillies,Miami Marlins@Philadelphia Phillies,Sandy Alcantara,Citizens Bank Park,0.0,0.0,-0.0404,0.188,-0.1213,0.1652,290,0.0,0.0,True
2026-08-19,694377,823342,Nick Yorke,Pittsburgh Pirates,Detroit Tigers@Pittsburgh Pirates,Jackson Jobe,PNC Park,-0.25,0.0,0.0,0.22,-0.25,0.165,291,0.0,0.0,True
2026-08-19,623168,824155,Tyler Heineman,Los Angeles Angels,Los Angeles Angels@Houston Astros,Ethan Pecko,Daikin Park,0.0,0.0,0.0,0.163,0.0,0.163,292,0.0,0.0,True
2026-08-19,803011,824640,Sam Antonacci,Chicago White Sox,Chicago White Sox@Chicago Cubs,Clay Holmes,Wrigley Field,0.0,0.0,0.0252,0.151,0.0755,0.1624,293,0.0,0.0,True
2026-08-19,702616,824801,Jackson Holliday,Baltimore Orioles,New York Yankees@Baltimore Orioles,Will Warren,Oriole Park at Camden Yards,0.0,0.0,0.0092,0.157,0.0274,0.1613,294,0.0,0.0,True
2026-08-19,676724,823587,Jared Young,New York Mets,San Diego Padres@New York Mets,Michael King,Citi Field,0.0,0.0,-0.0061,0.16,-0.0181,0.1571,295,0.0,0.0,True
2026-08-19,642715,824394,Willy Adames,San Francisco Giants,San Francisco Giants@Cleveland Guardians,Parker Messick,Progressive Field,0.0,0.0,-0.0049,0.157,-0.0146,0.1547,296,0.0,0.0,True
2026-08-19,677649,822860,Ezequiel Duran,Texas Rangers,Washington Nationals@Texas Rangers,Cade Cavalli,Globe Life Field,0.0,0.0,-0.0039,0.154,-0.0117,0.1522,297,0.0,0.0,True
2026-08-19,701675,824476,Nathan Church,St. Louis Cardinals,St. Louis Cardinals@Cincinnati Reds,Chase Burns,Great American Ball Park,0.0,0.0,-0.0003,0.151,-0.0007,0.1509,298,0.0,0.0,True
2026-08-19,680777,823664,Ryan Jeffers,Minnesota Twins,Atlanta Braves@Minnesota Twins,AJ Smith-Shawver,Target Field,0.0,0.0,-0.0279,0.164,-0.0835,0.1503,299,0.0,0.0,True
2026-08-19,668804,823342,Bryan Reynolds,Pittsburgh Pirates,Detroit Tigers@Pittsburgh Pirates,Jackson Jobe,PNC Park,0.0,0.0,0.0119,0.145,0.0359,0.1502,300,0.0,0.0,True
2026-08-19,521692,824076,Salvador Perez,Kansas City Royals,Athletics@Kansas City Royals,Jeffrey Springs,Kauffman Stadium,0.0,0.0,0.0093,0.145,0.0276,0.149,301,0.0,0.0,True
2026-08-19,665926,822937,Andrés Giménez,Toronto Blue Jays,Toronto Blue Jays@Tampa Bay Rays,Drew Rasmussen,Tropicana Field,0.0,0.0,-0.0118,0.154,-0.0357,0.1485,302,0.0,0.0,True
2026-08-19,662139,824155,Daulton Varsho,Houston Astros,Los Angeles Angels@Houston Astros,Walbert Ureña,Daikin Park,0.0,0.0,-0.0386,0.167,-0.1156,0.1477,303,0.0,0.0,True
2026-08-19,664034,823587,Ty France,San Diego Padres,San Diego Padres@New York Mets,Robert Stock,Citi Field,0.0,0.0,0.0339,0.133,0.1015,0.1465,304,0.0,0.0,True
2026-08-19,677587,824394,Brayan Rocchio,Cleveland Guardians,San Francisco Giants@Cleveland Guardians,Matt Wilkinson,Progressive Field,0.0,0.0,0.0,0.145,0.0,0.145,305,0.0,0.0,True
2026-08-19,641680,824076,Jonah Heim,Athletics,Athletics@Kansas City Royals,Seth Lugo,Kauffman Stadium,0.0,0.0,-0.0159,0.148,-0.048,0.1409,306,0.0,0.0,True
2026-08-19,694384,824155,Nolan Schanuel,Los Angeles Angels,Los Angeles Angels@Houston Astros,Ethan Pecko,Daikin Park,0.0,0.0,0.0,0.14,0.0,0.14,307,0.0,0.0,True
2026-08-19,514888,824155,Jose Altuve,Houston Astros,Los Angeles Angels@Houston Astros,Walbert Ureña,Daikin Park,0.0,0.0,-0.0182,0.148,-0.0547,0.1399,308,0.0,0.0,True
2026-08-19,671739,823664,Michael Harris II,Atlanta Braves,Atlanta Braves@Minnesota Twins,Taj Bradley,Target Field,0.0,0.0,-0.0033,0.14,-0.01,0.1386,309,0.0,0.0,True
2026-08-19,681082,823424,Bryson Stott,Philadelphia Phillies,Miami Marlins@Philadelphia Phillies,Sandy Alcantara,Citizens Bank Park,0.0,0.0,0.0062,0.135,0.0185,0.1375,310,0.0,0.0,True
2026-08-19,676391,822937,Ernie Clement,Toronto Blue Jays,Toronto Blue Jays@Tampa Bay Rays,Drew Rasmussen,Tropicana Field,0.25,0.0,-0.0433,0.124,0.0879,0.1349,311,0.0,0.0,True
2026-08-19,630105,823587,Jake Cronenworth,San Diego Padres,San Diego Padres@New York Mets,Robert Stock,Citi Field,0.0,0.0,0.0099,0.128,0.0297,0.1318,312,0.0,0.0,True
2026-08-19,666018,822937,Jonathan Aranda,Tampa Bay Rays,Toronto Blue Jays@Tampa Bay Rays,Max Scherzer,Tropicana Field,0.0,0.0,0.015,0.126,0.0452,0.1317,313,0.0,0.0,True
2026-08-19,680757,824394,Steven Kwan,Cleveland Guardians,San Francisco Giants@Cleveland Guardians,Matt Wilkinson,Progressive Field,0.0,0.0,0.0,0.128,0.0,0.128,314,0.0,0.0,True
2026-08-19,669016,823424,Brandon Marsh,Philadelphia Phillies,Miami Marlins@Philadelphia Phillies,Sandy Alcantara,Citizens Bank Park,0.0,0.0,-0.0336,0.142,-0.1007,0.1277,315,0.0,0.0,True
2026-08-19,802139,824476,JJ Wetherholt,St. Louis Cardinals,St. Louis Cardinals@Cincinnati Reds,Chase Burns,Great American Ball Park,0.0,0.0,-0.0233,0.135,-0.0696,0.1256,316,0.0,0.0,True
2026-08-19,672695,824722,Geraldo Perdomo,Arizona Diamondbacks,Arizona Diamondbacks@Boston Red Sox,Payton Tolle,Fenway Park,0.0,0.0,0.0002,0.124,0.0008,0.1241,317,0.0,0.0,True
2026-08-19,683737,824640,Michael Busch,Chicago Cubs,Chicago White Sox@Chicago Cubs,Sean Newcomb,Wrigley Field,0.0,0.0,0.0225,0.115,0.0678,0.1228,318,0.0,0.0,True
2026-08-19,686469,824076,Vinnie Pasquantino,Kansas City Royals,Athletics@Kansas City Royals,Jeffrey Springs,Kauffman Stadium,0.0,0.0,0.0,0.12,0.0,0.12,319,1.0,1.0,True
2026-08-19,664761,823424,Alec Bohm,Philadelphia Phillies,Miami Marlins@Philadelphia Phillies,Sandy Alcantara,Citizens Bank Park,0.0,0.0,-0.0134,0.122,-0.0402,0.1171,320,0.0,0.0,True
2026-08-19,655316,824722,Andruw Monasterio,Boston Red Sox,Arizona Diamondbacks@Boston Red Sox,Brandon Pfaadt,Fenway Park,0.0,0.0,-0.0239,0.126,-0.0714,0.117,321,0.0,0.0,True
2026-08-19,679529,823342,Spencer Torkelson,Detroit Tigers,Detroit Tigers@Pittsburgh Pirates,Paul Skenes,PNC Park,-0.25,0.0,0.0193,0.145,-0.2069,0.115,322,0.0,0.0,True
2026-08-19,664770,822937,Nathan Lukes,Toronto Blue Jays,Toronto Blue Jays@Tampa Bay Rays,Drew Rasmussen,Tropicana Field,0.0,0.0,-0.0575,0.135,-0.1726,0.1117,323,0.0,0.0,True
2026-08-19,650333,823424,Luis Arraez,Philadelphia Phillies,Miami Marlins@Philadelphia Phillies,Sandy Alcantara,Citizens Bank Park,0.0,0.0,-0.0279,0.1,-0.084,0.0916,324,1.0,1.0,True
2026-08-19,699013,823342,Esmerlyn Valdez,Pittsburgh Pirates,Detroit Tigers@Pittsburgh Pirates,Jackson Jobe,PNC Park,-0.25,0.0,0.0133,0.0,0.0,0.0,325,0.0,0.0,True
2026-08-19,680779,823342,Henry Davis,Pittsburgh Pirates,Detroit Tigers@Pittsburgh Pirates,Jackson Jobe,PNC Park,-0.25,0.0,-0.0066,0.0,0.0,0.0,326,0.0,0.0,True
2026-08-19,693304,823342,Nick Gonzales,Pittsburgh Pirates,Detroit Tigers@Pittsburgh Pirates,Jackson Jobe,PNC Park,-0.25,0.0,0.0073,0.0,0.0,0.0,327,0.0,0.0,True
2026-08-19,687462,823342,Spencer Horwitz,Pittsburgh Pirates,Detroit Tigers@Pittsburgh Pirates,Jackson Jobe,PNC Park,0.0,0.0,-0.0222,0.0,0.0,0.0,328,0.0,0.0,True
2026-08-19,595879,823342,Javier Báez,Detroit Tigers,Detroit Tigers@Pittsburgh Pirates,Paul Skenes,PNC Park,-0.25,0.0,0.0056,0.0,0.0,0.0,329,0.0,0.0,True
2026-08-19,656716,823342,Zach McKinstry,Detroit Tigers,Detroit Tigers@Pittsburgh Pirates,Paul Skenes,PNC Park,0.0,0.0,0.0133,0.0,0.0,0.0,330,0.0,0.0,True
2026-08-19,805999,823587,A.J. Ewing,New York Mets,San Diego Padres@New York Mets,Michael King,Citi Field,0.0,0.0,-0.0161,0.0,0.0,0.0,331,0.0,0.0,True
2026-08-19,666023,823587,Freddy Fermin,San Diego Padres,San Diego Padres@New York Mets,Robert Stock,Citi Field,0.0,0.0,0.0058,0.0,0.0,0.0,332,0.0,0.0,True
2026-08-19,592518,823587,Manny Machado,San Diego Padres,San Diego Padres@New York Mets,Robert Stock,Citi Field,0.0,0.0,-0.0024,0.0,0.0,0.0,333,0.0,0.0,True
2026-08-19,668952,823664,Ryan Kreidler,Minnesota Twins,Atlanta Braves@Minnesota Twins,AJ Smith-Shawver,Target Field,0.0,0.0,-0.0102,0.0,0.0,0.0,334,0.0,0.0,True
2026-08-19,605170,823664,Victor Caratini,Minnesota Twins,Atlanta Braves@Minnesota Twins,AJ Smith-Shawver,Target Field,0.0,0.0,-0.0343,0.0,0.0,0.0,335,0.0,0.0,True
2026-08-19,642086,823664,Dominic Smith,Atlanta Braves,Atlanta Braves@Minnesota Twins,Taj Bradley,Target Field,0.0,0.0,0.0022,0.0,0.0,0.0,336,0.0,0.0,True
2026-08-19,686948,823664,Drake Baldwin,Atlanta Braves,Atlanta Braves@Minnesota Twins,Taj Bradley,Target Field,0.0,0.0,-0.0157,0.0,0.0,0.0,337,0.0,0.0,True
2026-08-19,805347,823664,Jim Jarvis,Atlanta Braves,Atlanta Braves@Minnesota Twins,Taj Bradley,Target Field,0.0,0.0,-0.0292,0.0,0.0,0.0,338,0.0,0.0,True
2026-08-19,643289,823664,Mauricio Dubón,Atlanta Braves,Atlanta Braves@Minnesota Twins,Taj Bradley,Target Field,0.0,0.0,-0.0247,0.0,0.0,0.0,339,0.0,0.0,True
2026-08-19,682668,824640,Luisangel Acuña,Chicago White Sox,Chicago White Sox@Chicago Cubs,Clay Holmes,Wrigley Field,0.0,0.0,-0.0353,0.0,0.0,0.0,340,0.0,0.0,True
2026-08-19,668939,824722,Adley Rutschman,Boston Red Sox,Arizona Diamondbacks@Boston Red Sox,Brandon Pfaadt,Fenway Park,0.0,0.0,-0.0202,0.0,0.0,0.0,341,0.0,0.0,True
2026-08-19,678011,824722,Anthony Seigler,Boston Red Sox,Arizona Diamondbacks@Boston Red Sox,Brandon Pfaadt,Fenway Park,0.0,0.0,-0.0274,0.0,0.0,0.0,342,0.0,0.0,True
2026-08-19,681508,824722,Mickey Gasper,Boston Red Sox,Arizona Diamondbacks@Boston Red Sox,Brandon Pfaadt,Fenway Park,0.0,0.0,0.0,0.0,0.0,0.0,343,1.0,1.0,True
2026-08-19,686765,824722,Nick Sogard,Boston Red Sox,Arizona Diamondbacks@Boston Red Sox,Brandon Pfaadt,Fenway Park,0.0,0.0,-0.0166,0.0,0.0,0.0,344,1.0,1.0,True
2026-08-19,699912,824722,Jose Fernandez,Arizona Diamondbacks,Arizona Diamondbacks@Boston Red Sox,Payton Tolle,Fenway Park,0.0,0.0,0.0,0.0,0.0,0.0,345,0.0,0.0,True
2026-08-19,663457,824722,Lars Nootbaar,Arizona Diamondbacks,Arizona Diamondbacks@Boston Red Sox,Payton Tolle,Fenway Park,0.0,0.0,-0.0271,0.0,0.0,0.0,346,1.0,1.0,True
2026-08-19,596146,824722,Max Kepler,Arizona Diamondbacks,Arizona Diamondbacks@Boston Red Sox,Payton Tolle,Fenway Park,0.0,0.0,-0.0288,0.0,0.0,0.0,347,0.0,0.0,True
2026-08-19,702222,823424,Justin Crawford,Philadelphia Phillies,Miami Marlins@Philadelphia Phillies,Sandy Alcantara,Citizens Bank Park,0.0,0.0,0.0293,0.0,0.0,0.0,348,0.0,0.0,True
2026-08-19,672640,823424,Otto Lopez,Miami Marlins,Miami Marlins@Philadelphia Phillies,Aaron Nola,Citizens Bank Park,0.0,0.0,-0.0041,0.0,0.0,0.0,349,0.0,0.0,True
2026-08-19,669364,823424,Xavier Edwards,Miami Marlins,Miami Marlins@Philadelphia Phillies,Aaron Nola,Citizens Bank Park,0.0,0.0,-0.0077,0.0,0.0,0.0,350,0.0,0.0,True
2026-08-19,671218,824801,Heliot Ramos,New York Yankees,New York Yankees@Baltimore Orioles,Chris Bassitt,Oriole Park at Camden Yards,0.0,0.0,-0.0308,0.0,0.0,0.0,351,0.0,0.0,True
2026-08-19,608070,824394,José Ramírez,Cleveland Guardians,San Francisco Giants@Cleveland Guardians,Matt Wilkinson,Progressive Field,0.0,0.0,0.0,0.0,0.0,0.0,352,0.0,0.0,True
2026-08-19,683953,824394,Travis Bazzana,Cleveland Guardians,San Francisco Giants@Cleveland Guardians,Matt Wilkinson,Progressive Field,0.0,0.0,0.0,0.0,0.0,0.0,353,0.0,0.0,True
2026-08-19,683766,824394,Christian Koss,San Francisco Giants,San Francisco Giants@Cleveland Guardians,Parker Messick,Progressive Field,0.0,0.0,-0.0483,0.0,0.0,0.0,354,0.0,0.0,True
2026-08-19,665877,824476,José Fermín,St. Louis Cardinals,St. Louis Cardinals@Cincinnati Reds,Chase Burns,Great American Ball Park,0.0,0.0,-0.0153,0.0,0.0,0.0,355,0.0,0.0,True
2026-08-19,691026,824476,Masyn Winn,St. Louis Cardinals,St. Louis Cardinals@Cincinnati Reds,Chase Burns,Great American Ball Park,0.0,0.0,-0.0335,0.0,0.0,0.0,356,0.0,0.0,True
2026-08-19,802415,822937,Chandler Simpson,Tampa Bay Rays,Toronto Blue Jays@Tampa Bay Rays,Max Scherzer,Tropicana Field,0.0,0.0,-0.0112,0.0,0.0,0.0,357,0.0,0.0,True
2026-08-19,703520,822937,Brett Bateman,Toronto Blue Jays,Toronto Blue Jays@Tampa Bay Rays,Drew Rasmussen,Tropicana Field,0.0,0.0,-0.0274,0.0,0.0,0.0,358,0.0,0.0,True
2026-08-19,669701,822937,Josh Smith,Toronto Blue Jays,Toronto Blue Jays@Tampa Bay Rays,Drew Rasmussen,Tropicana Field,0.0,0.0,-0.028,0.0,0.0,0.0,359,0.0,0.0,True
2026-08-19,664702,822937,Myles Straw,Toronto Blue Jays,Toronto Blue Jays@Tampa Bay Rays,Drew Rasmussen,Tropicana Field,0.25,0.0,-0.015,0.0,0.0,0.0,360,0.0,0.0,True
2026-08-19,686555,824076,Isaac Collins,Kansas City Royals,Athletics@Kansas City Royals,Jeffrey Springs,Kauffman Stadium,0.0,0.0,0.0068,0.0,0.0,0.0,361,0.0,0.0,True
2026-08-19,664728,824076,Kyle Isbel,Kansas City Royals,Athletics@Kansas City Royals,Jeffrey Springs,Kauffman Stadium,0.0,0.0,0.0029,0.0,0.0,0.0,362,0.0,0.0,True
2026-08-19,672580,824076,Maikel Garcia,Kansas City Royals,Athletics@Kansas City Royals,Jeffrey Springs,Kauffman Stadium,0.0,0.0,0.0,0.0,0.0,0.0,363,0.0,0.0,True
2026-08-19,679845,824076,Nick Loftin,Kansas City Royals,Athletics@Kansas City Royals,Jeffrey Springs,Kauffman Stadium,0.0,0.0,-0.0019,0.0,0.0,0.0,364,0.0,0.0,True
2026-08-19,675961,824076,Alika Williams,Athletics,Athletics@Kansas City Royals,Seth Lugo,Kauffman Stadium,0.0,0.0,-0.009,0.0,0.0,0.0,365,0.0,0.0,True
2026-08-19,687231,824076,Darell Hernaiz,Athletics,Athletics@Kansas City Royals,Seth Lugo,Kauffman Stadium,0.0,0.0,0.0,0.0,0.0,0.0,366,0.0,0.0,True
2026-08-19,805779,824076,Jacob Wilson,Athletics,Athletics@Kansas City Royals,Seth Lugo,Kauffman Stadium,0.0,0.0,-0.001,0.0,0.0,0.0,367,0.0,0.0,True
2026-08-19,666152,823748,David Hamilton,Milwaukee Brewers,Seattle Mariners@Milwaukee Brewers,Logan Gilbert,American Family Field,0.0,0.0,-0.0122,0.0,0.0,0.0,368,0.0,0.0,True
2026-08-19,669003,823748,Garrett Mitchell,Milwaukee Brewers,Seattle Mariners@Milwaukee Brewers,Logan Gilbert,American Family Field,0.0,0.0,-0.018,0.0,0.0,0.0,369,0.0,0.0,True
2026-08-19,596142,823748,Gary Sánchez,Milwaukee Brewers,Seattle Mariners@Milwaukee Brewers,Logan Gilbert,American Family Field,0.0,0.0,0.018,0.0,0.0,0.0,370,0.0,0.0,True
2026-08-19,800325,823748,Luis Lara,Milwaukee Brewers,Seattle Mariners@Milwaukee Brewers,Logan Gilbert,American Family Field,0.0,0.0,-0.008,0.0,0.0,0.0,371,0.0,0.0,True
2026-08-19,680977,823748,Brendan Donovan,Seattle Mariners,Seattle Mariners@Milwaukee Brewers,Dustin May,American Family Field,0.0,0.0,-0.0074,0.0,0.0,0.0,372,0.0,0.0,True
2026-08-19,660844,823748,Leo Rivas,Seattle Mariners,Seattle Mariners@Milwaukee Brewers,Dustin May,American Family Field,0.0,0.0,0.0,0.0,0.0,0.0,373,0.0,0.0,True
2026-08-19,621493,823748,Taylor Ward,Seattle Mariners,Seattle Mariners@Milwaukee Brewers,Dustin May,American Family Field,0.0,0.0,-0.0355,0.0,0.0,0.0,374,0.0,0.0,True
2026-08-19,645302,823748,Victor Robles,Seattle Mariners,Seattle Mariners@Milwaukee Brewers,Dustin May,American Family Field,0.0,0.0,0.0017,0.0,0.0,0.0,375,0.0,0.0,True
2026-08-19,694497,822860,Evan Carter,Texas Rangers,Washington Nationals@Texas Rangers,Cade Cavalli,Globe Life Field,0.0,0.0,-0.0315,0.0,0.0,0.0,376,0.0,0.0,True
2026-08-19,670032,822860,Nicky Lopez,Texas Rangers,Washington Nationals@Texas Rangers,Cade Cavalli,Globe Life Field,0.0,0.0,-0.0156,0.0,0.0,0.0,377,0.0,0.0,True
2026-08-19,678391,822860,Jorbit Vivas,Washington Nationals,Washington Nationals@Texas Rangers,Kumar Rocker,Globe Life Field,0.0,0.0,0.0043,0.0,0.0,0.0,378,0.0,0.0,True
2026-08-19,660688,822860,Keibert Ruiz,Washington Nationals,Washington Nationals@Texas Rangers,Kumar Rocker,Globe Life Field,0.0,0.0,0.0092,0.0,0.0,0.0,379,0.0,0.0,True
2026-08-19,683083,822860,Nasim Nuñez,Washington Nationals,Washington Nationals@Texas Rangers,Kumar Rocker,Globe Life Field,0.0,0.0,-0.0433,0.0,0.0,0.0,380,0.0,0.0,True
2026-08-19,543877,824155,Christian Vázquez,Houston Astros,Los Angeles Angels@Houston Astros,Walbert Ureña,Daikin Park,0.0,0.0,-0.0246,0.0,0.0,0.0,381,1.0,1.0,True
2026-08-19,664774,824155,LaMonte Wade Jr.,Houston Astros,Los Angeles Angels@Houston Astros,Walbert Ureña,Daikin Park,0.0,0.0,-0.0069,0.0,0.0,0.0,382,0.0,0.0,True
2026-08-19,694208,824155,Moisés Ballesteros,Los Angeles Angels,Los Angeles Angels@Houston Astros,Ethan Pecko,Daikin Park,0.0,0.0,0.0,0.0,0.0,0.0,383,0.0,0.0,True
2026-08-19,672724,824155,Oswald Peraza,Los Angeles Angels,Los Angeles Angels@Houston Astros,Ethan Pecko,Daikin Park,0.0,0.0,0.0,0.0,0.0,0.0,384,0.0,0.0,True
2026-08-19,687093,824155,Vaughn Grissom,Los Angeles Angels,Los Angeles Angels@Houston Astros,Ethan Pecko,Daikin Park,0.0,0.0,0.0,0.0,0.0,0.0,385,0.0,0.0,True
2026-08-19,694249,824318,Cole Carrigg,Colorado Rockies,Los Angeles Dodgers@Colorado Rockies,Roki Sasaki,Coors Field,0.0,0.0,0.0005,0.0,0.0,0.0,386,0.0,0.0,True
2026-08-19,681198,824318,TJ Rumfield,Colorado Rockies,Los Angeles Dodgers@Colorado Rockies,Roki Sasaki,Coors Field,0.0,0.0,0.0133,0.0,0.0,0.0,387,0.0,0.0,True
2026-08-19,687859,824318,Troy Johnston,Colorado Rockies,Los Angeles Dodgers@Colorado Rockies,Roki Sasaki,Coors Field,0.0,0.0,0.0011,0.0,0.0,0.0,388,0.0,0.0,True
2026-08-19,669743,824318,Alex Call,Los Angeles Dodgers,Los Angeles Dodgers@Colorado Rockies,Kyle Freeland,Coors Field,0.0,0.0,0.0203,0.0,0.0,0.0,389,0.0,0.0,True
2026-08-19,518692,824318,Freddie Freeman,Los Angeles Dodgers,Los Angeles Dodgers@Colorado Rockies,Kyle Freeland,Coors Field,0.0,0.0,0.0015,0.0,0.0,0.0,390,0.0,0.0,True
2026-08-20,694673,822861,Abimelec Ortiz,Washington Nationals,Washington Nationals@Texas Rangers,Jacob deGrom,Globe Life Field,0.0,0.0,0.0577,1.0,0.1731,1.1731,1,,,False
2026-08-20,621566,824589,Matt Olson,Atlanta Braves,Atlanta Braves@Chicago White Sox,Anthony Kay,Rate Field,0.0,0.0,0.0249,1.0,0.0747,1.0747,2,,,False
2026-08-20,808959,824589,Munetaka Murakami,Chicago White Sox,Atlanta Braves@Chicago White Sox,Grant Holmes,Rate Field,0.0,0.0,0.0189,1.0,0.0567,1.0567,3,,,False
2026-08-20,663757,824802,Trent Grisham,New York Yankees,New York Yankees@Baltimore Orioles,Kyle Bradish,Oriole Park at Camden Yards,0.0,0.0,0.0411,0.888,0.1233,0.9975,4,,,False
2026-08-20,676475,824474,Alec Burleson,St. Louis Cardinals,St. Louis Cardinals@Cincinnati Reds,Brady Singer,Great American Ball Park,0.0,0.0,0.05,0.855,0.1499,0.9832,5,,,False
2026-08-20,691406,822934,Junior Caminero,Tampa Bay Rays,Toronto Blue Jays@Tampa Bay Rays,Shane Bieber,Tropicana Field,0.25,0.0,-0.0231,0.839,0.1634,0.9761,6,,,False
2026-08-20,663886,824474,Tyler Stephenson,Cincinnati Reds,St. Louis Cardinals@Cincinnati Reds,Michael McGreevy,Great American Ball Park,0.0,0.0,0.0068,0.932,0.0204,0.951,7,,,False
2026-08-20,624413,824802,Pete Alonso,Baltimore Orioles,New York Yankees@Baltimore Orioles,Gerrit Cole,Oriole Park at Camden Yards,0.0,0.0,0.0153,0.905,0.0459,0.9465,8,,,False
2026-08-20,592626,822861,Joc Pederson,Texas Rangers,Washington Nationals@Texas Rangers,Andrew Alvarez,Globe Life Field,0.0,0.0,-0.0188,1.0,-0.0564,0.9436,9,,,False
2026-08-20,694212,824802,Samuel Basallo,Baltimore Orioles,New York Yankees@Baltimore Orioles,Gerrit Cole,Oriole Park at Camden Yards,0.0,0.0,0.0,0.932,0.0,0.932,10,,,False
2026-08-20,678218,822934,Brandon Valenzuela,Toronto Blue Jays,Toronto Blue Jays@Tampa Bay Rays,Ian Seymour,Tropicana Field,0.25,0.0,-0.0164,0.769,0.1886,0.914,11,,,False
2026-08-20,678246,824589,Miguel Vargas,Chicago White Sox,Atlanta Braves@Chicago White Sox,Grant Holmes,Rate Field,0.0,0.0,0.0206,0.855,0.0618,0.9078,12,,,False
2026-08-20,695506,824074,Jac Caglianone,Kansas City Royals,Athletics@Kansas City Royals,Gage Jump,Kauffman Stadium,0.0,0.0,0.1009,0.699,0.2499,0.8737,13,,,False
2026-08-20,701358,824153,Cam Smith,Houston Astros,Los Angeles Angels@Houston Astros,Grayson Rodriguez,Daikin Park,0.0,0.0,0.0352,0.769,0.1056,0.8502,14,,,False
2026-08-20,660670,824589,Ronald Acuña Jr.,Atlanta Braves,Atlanta Braves@Chicago White Sox,Anthony Kay,Rate Field,0.0,0.0,0.0193,0.796,0.0579,0.8421,15,,,False
2026-08-20,680869,824074,Zack Gelof,Athletics,Athletics@Kansas City Royals,Randy Dobnak,Kauffman Stadium,0.0,0.0,0.0375,0.754,0.1125,0.8388,16,,,False
2026-08-20,671732,824074,Lawrence Butler,Athletics,Athletics@Kansas City Royals,Randy Dobnak,Kauffman Stadium,0.0,0.0,-0.0182,0.824,-0.0546,0.779,17,,,False
2026-08-20,553993,824474,Eugenio Suárez,Cincinnati Reds,St. Louis Cardinals@Cincinnati Reds,Michael McGreevy,Great American Ball Park,0.0,0.0,-0.011,0.769,-0.033,0.7436,18,,,False
2026-08-20,641343,823747,Jake Bauers,Milwaukee Brewers,Seattle Mariners@Milwaukee Brewers,George Kirby,American Family Field,0.0,0.0,0.0357,0.669,0.107,0.7406,19,,,False
2026-08-20,641933,824802,Tyler O'Neill,Baltimore Orioles,New York Yankees@Baltimore Orioles,Gerrit Cole,Oriole Park at Camden Yards,0.0,0.0,0.0058,0.721,0.0173,0.7335,20,,,False
2026-08-20,622268,824074,Donovan Walton,Athletics,Athletics@Kansas City Royals,Randy Dobnak,Kauffman Stadium,0.0,0.0,-0.0086,0.744,-0.0258,0.7248,21,,,False
2026-08-20,672275,824395,Patrick Bailey,Cleveland Guardians,San Francisco Giants@Cleveland Guardians,Landen Roupp,Progressive Field,0.0,0.0,-0.0254,0.744,-0.0762,0.6873,22,,,False
2026-08-20,682674,824395,Victor Bericoto,San Francisco Giants,San Francisco Giants@Cleveland Guardians,Gavin Williams,Progressive Field,0.0,0.0,-0.0359,0.744,-0.1077,0.6639,23,,,False
2026-08-20,643217,824589,Andrew Benintendi,Chicago White Sox,Atlanta Braves@Chicago White Sox,Grant Holmes,Rate Field,0.0,0.0,-0.0044,0.659,-0.0132,0.6503,24,,,False
2026-08-20,691777,824074,Max Muncy,Athletics,Athletics@Kansas City Royals,Randy Dobnak,Kauffman Stadium,0.0,0.0,-0.007,0.659,-0.0209,0.6452,25,,,False
2026-08-20,573262,824589,Mike Yastrzemski,Atlanta Braves,Atlanta Braves@Chicago White Sox,Anthony Kay,Rate Field,0.0,0.0,-0.0097,0.659,-0.0291,0.6398,26,,,False
2026-08-20,694192,823747,Jackson Chourio,Milwaukee Brewers,Seattle Mariners@Milwaukee Brewers,George Kirby,American Family Field,0.0,0.0,0.0203,0.603,0.0609,0.6397,27,,,False
2026-08-20,672386,822934,Alejandro Kirk,Toronto Blue Jays,Toronto Blue Jays@Tampa Bay Rays,Ian Seymour,Tropicana Field,0.25,0.0,0.0478,0.444,0.4293,0.6346,28,,,False
2026-08-20,682987,824802,Spencer Jones,New York Yankees,New York Yankees@Baltimore Orioles,Kyle Bradish,Oriole Park at Camden Yards,0.0,0.0,0.0302,0.577,0.0906,0.6293,29,,,False
2026-08-20,680574,824474,Matt McLain,Cincinnati Reds,St. Louis Cardinals@Cincinnati Reds,Michael McGreevy,Great American Ball Park,0.0,0.0,0.0272,0.577,0.0816,0.6241,30,,,False
2026-08-20,657041,824589,Lane Thomas,Atlanta Braves,Atlanta Braves@Chicago White Sox,Anthony Kay,Rate Field,0.0,0.0,0.0149,0.592,0.0448,0.6185,31,,,False
2026-08-20,695734,822861,Daylen Lile,Washington Nationals,Washington Nationals@Texas Rangers,Jacob deGrom,Globe Life Field,0.0,0.0,0.0175,0.57,0.0525,0.5999,32,,,False
2026-08-20,668227,823747,Randy Arozarena,Seattle Mariners,Seattle Mariners@Milwaukee Brewers,Robert Gasser,American Family Field,0.0,0.0,0.0229,0.559,0.0687,0.5974,33,,,False
2026-08-20,663743,822934,Nick Fortes,Tampa Bay Rays,Toronto Blue Jays@Tampa Bay Rays,Shane Bieber,Tropicana Field,0.25,0.0,-0.0123,0.496,0.2038,0.5971,34,,,False
2026-08-20,663586,824589,Austin Riley,Atlanta Braves,Atlanta Braves@Chicago White Sox,Anthony Kay,Rate Field,0.0,0.0,-0.0067,0.607,-0.0201,0.5948,35,,,False
2026-08-20,650490,822934,Yandy Díaz,Tampa Bay Rays,Toronto Blue Jays@Tampa Bay Rays,Shane Bieber,Tropicana Field,0.25,0.0,0.0159,0.446,0.3096,0.5841,36,,,False
2026-08-20,691723,824802,Coby Mayo,Baltimore Orioles,New York Yankees@Baltimore Orioles,Gerrit Cole,Oriole Park at Camden Yards,0.0,0.0,-0.0173,0.607,-0.0519,0.5755,37,,,False
2026-08-20,687952,824802,Christian Encarnacion-Strand,Baltimore Orioles,New York Yankees@Baltimore Orioles,Gerrit Cole,Oriole Park at Camden Yards,0.0,0.0,-0.0047,0.577,-0.014,0.5689,38,,,False
2026-08-20,676356,822934,Jonny DeLuca,Tampa Bay Rays,Toronto Blue Jays@Tampa Bay Rays,Shane Bieber,Tropicana Field,0.25,0.0,0.0018,0.452,0.2569,0.5681,39,,,False
2026-08-20,668723,822934,Ryan Vilade,Tampa Bay Rays,Toronto Blue Jays@Tampa Bay Rays,Shane Bieber,Tropicana Field,0.25,0.0,-0.0038,0.452,0.2358,0.5586,40,,,False
2026-08-20,701398,824474,Sal Stewart,Cincinnati Reds,St. Louis Cardinals@Cincinnati Reds,Michael McGreevy,Great American Ball Park,0.0,0.0,-0.0041,0.531,-0.0122,0.5245,41,,,False
2026-08-20,686475,824074,Tyler Tolbert,Kansas City Royals,Athletics@Kansas City Royals,Gage Jump,Kauffman Stadium,0.0,0.0,0.0272,0.481,0.0815,0.5202,42,,,False
2026-08-20,678545,824395,Osleivis Basabe,San Francisco Giants,San Francisco Giants@Cleveland Guardians,Gavin Williams,Progressive Field,0.0,0.0,0.0205,0.481,0.0615,0.5106,43,,,False
2026-08-20,666211,824153,Taylor Trammell,Houston Astros,Los Angeles Angels@Houston Astros,Grayson Rodriguez,Daikin Park,0.0,0.0,-0.0073,0.513,-0.0218,0.5018,44,,,False
2026-08-20,805367,824589,Chase Meidroth,Chicago White Sox,Atlanta Braves@Chicago White Sox,Grant Holmes,Rate Field,0.0,0.0,0.0276,0.462,0.0829,0.5003,45,,,False
2026-08-20,666139,824153,Josh Lowe,Los Angeles Angels,Los Angeles Angels@Houston Astros,Peter Lambert,Daikin Park,0.0,0.0,0.0029,0.496,0.0087,0.5003,46,,,False
2026-08-20,806146,824802,George Lombard Jr.,New York Yankees,New York Yankees@Baltimore Orioles,Kyle Bradish,Oriole Park at Camden Yards,0.0,0.0,0.0028,0.496,0.0085,0.5002,47,,,False
2026-08-20,687401,823747,Joey Ortiz,Milwaukee Brewers,Seattle Mariners@Milwaukee Brewers,George Kirby,American Family Field,0.0,0.0,-0.0005,0.496,-0.0014,0.4953,48,,,False
2026-08-20,805811,824395,Bryce Eldridge,San Francisco Giants,San Francisco Giants@Cleveland Guardians,Gavin Williams,Progressive Field,0.0,0.0,-0.0051,0.502,-0.0153,0.4943,49,,,False
2026-08-20,677594,823747,Julio Rodríguez,Seattle Mariners,Seattle Mariners@Milwaukee Brewers,Robert Gasser,American Family Field,0.0,0.0,0.0118,0.471,0.0355,0.4877,50,,,False
2026-08-20,665953,822861,Andrés Chaparro,Washington Nationals,Washington Nationals@Texas Rangers,Jacob deGrom,Globe Life Field,0.0,0.0,0.0739,0.394,0.2216,0.4813,51,,,False
2026-08-20,703607,824074,Henry Bolte,Athletics,Athletics@Kansas City Royals,Randy Dobnak,Kauffman Stadium,0.0,0.0,0.0001,0.462,0.0002,0.4621,52,,,False
2026-08-20,666176,824395,Jo Adell,Cleveland Guardians,San Francisco Giants@Cleveland Guardians,Landen Roupp,Progressive Field,0.0,0.0,0.0241,0.427,0.0724,0.4579,53,,,False
2026-08-20,681297,824802,Colton Cowser,Baltimore Orioles,New York Yankees@Baltimore Orioles,Gerrit Cole,Oriole Park at Camden Yards,0.0,0.0,-0.0234,0.481,-0.0703,0.4472,54,,,False
2026-08-20,663494,824474,Bryan Torres,St. Louis Cardinals,St. Louis Cardinals@Cincinnati Reds,Brady Singer,Great American Ball Park,0.0,0.0,-0.0238,0.481,-0.0713,0.4467,55,,,False
2026-08-20,642708,824802,Amed Rosario,New York Yankees,New York Yankees@Baltimore Orioles,Kyle Bradish,Oriole Park at Camden Yards,0.0,0.0,-0.0457,0.513,-0.137,0.4427,56,,,False
2026-08-20,665161,824153,Jeremy Peña,Houston Astros,Los Angeles Angels@Houston Astros,Grayson Rodriguez,Daikin Park,0.0,0.0,-0.0139,0.462,-0.0418,0.4427,57,,,False
2026-08-20,686681,824074,Michael Massey,Kansas City Royals,Athletics@Kansas City Royals,Gage Jump,Kauffman Stadium,0.0,0.0,-0.0018,0.444,-0.0054,0.4416,58,,,False
2026-08-20,646240,824395,Rafael Devers,San Francisco Giants,San Francisco Giants@Cleveland Guardians,Gavin Williams,Progressive Field,0.0,0.0,-0.0157,0.462,-0.0472,0.4402,59,,,False
2026-08-20,622761,822934,Jorge Mateo,Tampa Bay Rays,Toronto Blue Jays@Tampa Bay Rays,Shane Bieber,Tropicana Field,0.25,0.0,0.0,0.351,0.2501,0.4388,60,,,False
2026-08-20,642350,824153,Jose Siri,Los Angeles Angels,Los Angeles Angels@Houston Astros,Peter Lambert,Daikin Park,0.0,0.0,-0.0074,0.44,-0.0223,0.4302,61,,,False
2026-08-20,807727,822934,Charles McAdoo,Toronto Blue Jays,Toronto Blue Jays@Tampa Bay Rays,Ian Seymour,Tropicana Field,0.25,0.0,0.0199,0.323,0.3248,0.4279,62,,,False
2026-08-20,663662,822934,Daz Cameron,Toronto Blue Jays,Toronto Blue Jays@Tampa Bay Rays,Ian Seymour,Tropicana Field,0.25,0.0,0.0,0.34,0.25,0.425,63,,,False
2026-08-20,673237,824153,Yainer Diaz,Houston Astros,Los Angeles Angels@Houston Astros,Grayson Rodriguez,Daikin Park,0.0,0.0,-0.0038,0.427,-0.0115,0.4221,64,,,False
2026-08-20,545341,824589,Randal Grichuk,Chicago White Sox,Atlanta Braves@Chicago White Sox,Grant Holmes,Rate Field,0.0,0.0,0.0214,0.393,0.0641,0.4182,65,,,False
2026-08-20,607043,822861,Brandon Nimmo,Texas Rangers,Washington Nationals@Texas Rangers,Andrew Alvarez,Globe Life Field,0.0,0.0,-0.0046,0.412,-0.0138,0.4063,66,,,False
2026-08-20,663728,823747,Cal Raleigh,Seattle Mariners,Seattle Mariners@Milwaukee Brewers,Robert Gasser,American Family Field,0.0,0.0,-0.0338,0.452,-0.1013,0.4062,67,,,False
2026-08-20,677951,824074,Bobby Witt Jr.,Kansas City Royals,Athletics@Kansas City Royals,Gage Jump,Kauffman Stadium,0.0,0.0,0.0362,0.366,0.1085,0.4057,68,,,False
2026-08-20,663993,824395,Nathaniel Lowe,Cleveland Guardians,San Francisco Giants@Cleveland Guardians,Landen Roupp,Progressive Field,0.0,0.0,0.0423,0.358,0.1268,0.4034,69,,,False
2026-08-20,691781,822861,Brady House,Washington Nationals,Washington Nationals@Texas Rangers,Jacob deGrom,Globe Life Field,0.0,0.0,-0.0129,0.416,-0.0387,0.3999,70,,,False
2026-08-20,677592,824474,Everson Pereira,St. Louis Cardinals,St. Louis Cardinals@Cincinnati Reds,Brady Singer,Great American Ball Park,0.0,0.0,-0.0395,0.452,-0.1186,0.3984,71,,,False
2026-08-20,687551,824395,Drew Gilbert,San Francisco Giants,San Francisco Giants@Cleveland Guardians,Gavin Williams,Progressive Field,0.0,0.0,-0.0252,0.427,-0.0756,0.3947,72,,,False
2026-08-20,695600,824074,Carter Jensen,Kansas City Royals,Athletics@Kansas City Royals,Gage Jump,Kauffman Stadium,0.0,0.0,0.0234,0.366,0.0702,0.3917,73,,,False
2026-08-20,695491,824474,Joshua Báez,St. Louis Cardinals,St. Louis Cardinals@Cincinnati Reds,Brady Singer,Great American Ball Park,0.0,0.0,-0.0134,0.406,-0.0401,0.3897,74,,,False
2026-08-20,676369,824153,Nelson Velázquez,Houston Astros,Los Angeles Angels@Houston Astros,Grayson Rodriguez,Daikin Park,0.0,0.0,0.0,0.384,0.0,0.384,75,,,False
2026-08-20,700652,822934,Kenny Piper,Tampa Bay Rays,Toronto Blue Jays@Tampa Bay Rays,Shane Bieber,Tropicana Field,0.25,0.0,0.0,0.298,0.25,0.3725,76,,,False
2026-08-20,667472,824474,Dane Myers,Cincinnati Reds,St. Louis Cardinals@Cincinnati Reds,Michael McGreevy,Great American Ball Park,0.0,0.0,-0.0033,0.375,-0.0099,0.3713,77,,,False
2026-08-20,665750,824802,Leody Taveras,Baltimore Orioles,New York Yankees@Baltimore Orioles,Gerrit Cole,Oriole Park at Camden Yards,0.0,0.0,-0.0132,0.385,-0.0395,0.3698,78,,,False
2026-08-20,608369,822861,Corey Seager,Texas Rangers,Washington Nationals@Texas Rangers,Andrew Alvarez,Globe Life Field,0.0,0.0,0.0072,0.358,0.0215,0.3657,79,,,False
2026-08-20,592885,823747,Christian Yelich,Milwaukee Brewers,Seattle Mariners@Milwaukee Brewers,George Kirby,American Family Field,0.0,0.0,-0.0101,0.375,-0.0304,0.3636,80,,,False
2026-08-20,518595,824153,Travis d'Arnaud,Los Angeles Angels,Los Angeles Angels@Houston Astros,Peter Lambert,Daikin Park,0.0,0.0,-0.0156,0.381,-0.0467,0.3632,81,,,False
2026-08-20,695657,824589,Colson Montgomery,Chicago White Sox,Atlanta Braves@Chicago White Sox,Grant Holmes,Rate Field,0.0,0.0,-0.0207,0.375,-0.0621,0.3517,82,,,False
2026-08-20,806198,823747,Cooper Pratt,Milwaukee Brewers,Seattle Mariners@Milwaukee Brewers,George Kirby,American Family Field,0.0,0.0,-0.0104,0.358,-0.0313,0.3468,83,,,False
2026-08-20,808982,824395,Jung Hoo Lee,San Francisco Giants,San Francisco Giants@Cleveland Guardians,Gavin Williams,Progressive Field,0.0,0.0,-0.0078,0.355,-0.0234,0.3467,84,,,False
2026-08-20,700250,824802,Ben Rice,New York Yankees,New York Yankees@Baltimore Orioles,Kyle Bradish,Oriole Park at Camden Yards,0.0,0.0,-0.0195,0.366,-0.0585,0.3446,85,,,False
2026-08-20,694671,822861,Wyatt Langford,Texas Rangers,Washington Nationals@Texas Rangers,Andrew Alvarez,Globe Life Field,0.0,0.0,0.0136,0.327,0.0407,0.3403,86,,,False
2026-08-20,801126,823747,Brock Rodden,Seattle Mariners,Seattle Mariners@Milwaukee Brewers,Robert Gasser,American Family Field,0.0,0.0,0.0039,0.333,0.0117,0.3369,87,,,False
2026-08-20,669394,822861,Jake Burger,Texas Rangers,Washington Nationals@Texas Rangers,Andrew Alvarez,Globe Life Field,0.0,0.0,-0.0053,0.342,-0.0158,0.3366,88,,,False
2026-08-20,647304,823747,Josh Naylor,Seattle Mariners,Seattle Mariners@Milwaukee Brewers,Robert Gasser,American Family Field,0.0,0.0,0.0295,0.308,0.0886,0.3353,89,,,False
2026-08-20,682928,822861,CJ Abrams,Washington Nationals,Washington Nationals@Texas Rangers,Jacob deGrom,Globe Life Field,0.0,0.0,0.0066,0.327,0.0199,0.3335,90,,,False
2026-08-20,545361,824153,Mike Trout,Los Angeles Angels,Los Angeles Angels@Houston Astros,Peter Lambert,Daikin Park,0.0,0.0,-0.0172,0.35,-0.0517,0.3319,91,,,False
2026-08-20,668709,824474,JJ Bleday,Cincinnati Reds,St. Louis Cardinals@Cincinnati Reds,Michael McGreevy,Great American Ball Park,0.0,0.0,-0.0143,0.342,-0.043,0.3273,92,,,False
2026-08-20,668670,824589,Jake Rogers,Chicago White Sox,Atlanta Braves@Chicago White Sox,Grant Holmes,Rate Field,0.0,0.0,0.0137,0.314,0.0411,0.3269,93,,,False
2026-08-20,661531,824074,Brian Serven,Athletics,Athletics@Kansas City Royals,Randy Dobnak,Kauffman Stadium,0.0,0.0,-0.0217,0.347,-0.0651,0.3244,94,,,False
2026-08-20,687605,822861,Andrew Pinckney,Washington Nationals,Washington Nationals@Texas Rangers,Jacob deGrom,Globe Life Field,0.0,0.0,0.0,0.324,0.0,0.324,95,,,False
2026-08-20,572233,824153,Christian Walker,Houston Astros,Los Angeles Angels@Houston Astros,Grayson Rodriguez,Daikin Park,0.0,0.0,-0.0054,0.327,-0.0162,0.3217,96,,,False
2026-08-20,643446,824074,Jeff McNeil,Athletics,Athletics@Kansas City Royals,Randy Dobnak,Kauffman Stadium,0.0,0.0,-0.0031,0.321,-0.0093,0.318,97,,,False
2026-08-20,689414,822934,Liam Hicks,Tampa Bay Rays,Toronto Blue Jays@Tampa Bay Rays,Shane Bieber,Tropicana Field,0.0,0.0,0.0034,0.314,0.0102,0.3172,98,,,False
2026-08-20,677588,822861,José Tena,Washington Nationals,Washington Nationals@Texas Rangers,Jacob deGrom,Globe Life Field,0.0,0.0,-0.0084,0.323,-0.0251,0.3149,99,,,False
2026-08-20,695670,822861,Harry Ford,Washington Nationals,Washington Nationals@Texas Rangers,Jacob deGrom,Globe Life Field,0.0,0.0,-0.0123,0.323,-0.0368,0.3111,100,,,False
2026-08-20,571912,824074,Luke Maile,Kansas City Royals,Athletics@Kansas City Royals,Gage Jump,Kauffman Stadium,0.0,0.0,0.0,0.31,0.0,0.31,101,,,False
2026-08-20,670764,822934,Taylor Walls,Tampa Bay Rays,Toronto Blue Jays@Tampa Bay Rays,Shane Bieber,Tropicana Field,0.0,0.0,-0.0165,0.321,-0.0495,0.3051,102,,,False
2026-08-20,681047,824802,Christian Franklin,Baltimore Orioles,New York Yankees@Baltimore Orioles,Gerrit Cole,Oriole Park at Camden Yards,0.0,0.0,-0.0134,0.315,-0.0403,0.3023,103,,,False
2026-08-20,668800,824395,Andrew Knizner,San Francisco Giants,San Francisco Giants@Cleveland Guardians,Gavin Williams,Progressive Field,0.0,0.0,0.0,0.301,0.0,0.301,104,,,False
2026-08-20,677943,824474,Will Banfield,Cincinnati Reds,St. Louis Cardinals@Cincinnati Reds,Michael McGreevy,Great American Ball Park,0.0,0.0,0.0,0.3,0.0,0.3,105,,,False
2026-08-20,813841,824395,Jonah Cox,San Francisco Giants,San Francisco Giants@Cleveland Guardians,Gavin Williams,Progressive Field,0.0,0.0,-0.0347,0.33,-0.1042,0.2956,106,,,False
2026-08-20,806367,824395,Turner Hill,San Francisco Giants,San Francisco Giants@Cleveland Guardians,Gavin Williams,Progressive Field,0.0,0.0,0.0,0.295,0.0,0.295,107,,,False
2026-08-20,690984,824395,Petey Halpin,Cleveland Guardians,San Francisco Giants@Cleveland Guardians,Landen Roupp,Progressive Field,0.0,0.0,-0.0289,0.321,-0.0866,0.2932,108,,,False
2026-08-20,682829,824474,Elly De La Cruz,Cincinnati Reds,St. Louis Cardinals@Cincinnati Reds,Michael McGreevy,Great American Ball Park,0.0,0.0,-0.0042,0.296,-0.0125,0.2923,109,,,False
2026-08-20,671277,824802,Luis García Jr.,New York Yankees,New York Yankees@Baltimore Orioles,Kyle Bradish,Oriole Park at Camden Yards,0.0,0.0,-0.0125,0.302,-0.0374,0.2907,110,,,False
2026-08-20,691011,824589,Drew Romo,Chicago White Sox,Atlanta Braves@Chicago White Sox,Grant Holmes,Rate Field,0.0,0.0,-0.0046,0.294,-0.0139,0.2899,111,,,False
2026-08-20,699625,824474,Jimmy Crooks,St. Louis Cardinals,St. Louis Cardinals@Cincinnati Reds,Brady Singer,Great American Ball Park,0.0,0.0,-0.0471,0.337,-0.1412,0.2894,112,,,False
2026-08-20,681807,824395,David Fry,Cleveland Guardians,San Francisco Giants@Cleveland Guardians,Landen Roupp,Progressive Field,0.0,0.0,0.0,0.286,0.0,0.286,113,,,False
2026-08-20,661388,823747,William Contreras,Milwaukee Brewers,Seattle Mariners@Milwaukee Brewers,George Kirby,American Family Field,0.0,0.0,-0.0156,0.296,-0.047,0.2821,114,,,False
2026-08-20,643376,822861,Danny Jansen,Texas Rangers,Washington Nationals@Texas Rangers,Andrew Alvarez,Globe Life Field,0.0,0.0,0.0,0.278,0.0,0.278,115,,,False
2026-08-20,800050,824395,Chase DeLauter,Cleveland Guardians,San Francisco Giants@Cleveland Guardians,Landen Roupp,Progressive Field,0.0,0.0,0.0135,0.265,0.0404,0.2757,116,,,False
2026-08-20,680716,823747,Jonathan Ornelas,Milwaukee Brewers,Seattle Mariners@Milwaukee Brewers,George Kirby,American Family Field,0.0,0.0,-0.0104,0.284,-0.0313,0.2751,117,,,False
2026-08-20,671083,824395,Buddy Kennedy,San Francisco Giants,San Francisco Giants@Cleveland Guardians,Gavin Williams,Progressive Field,0.0,0.0,-0.0234,0.292,-0.0702,0.2715,118,,,False
2026-08-20,691023,824474,Jordan Walker,St. Louis Cardinals,St. Louis Cardinals@Cincinnati Reds,Brady Singer,Great American Ball Park,0.0,0.0,0.013,0.261,0.0391,0.2712,119,,,False
2026-08-20,642215,823747,Weston Wilson,Seattle Mariners,Seattle Mariners@Milwaukee Brewers,Robert Gasser,American Family Field,0.0,0.0,-0.0155,0.282,-0.0465,0.2689,120,,,False
2026-08-20,683002,824802,Gunnar Henderson,Baltimore Orioles,New York Yankees@Baltimore Orioles,Gerrit Cole,Oriole Park at Camden Yards,0.0,0.0,-0.0314,0.296,-0.0943,0.2681,121,,,False
2026-08-20,669911,824474,Michael Toglia,Cincinnati Reds,St. Louis Cardinals@Cincinnati Reds,Michael McGreevy,Great American Ball Park,0.0,0.0,-0.0253,0.29,-0.0759,0.268,122,,,False
2026-08-20,670623,824153,Isaac Paredes,Houston Astros,Los Angeles Angels@Houston Astros,Grayson Rodriguez,Daikin Park,0.0,0.0,0.009,0.261,0.0268,0.268,123,,,False
2026-08-20,695720,824074,Tommy White,Athletics,Athletics@Kansas City Royals,Randy Dobnak,Kauffman Stadium,0.0,0.0,-0.0379,0.302,-0.1136,0.2677,124,,,False
2026-08-20,660821,822934,Jesús Sánchez,Toronto Blue Jays,Toronto Blue Jays@Tampa Bay Rays,Ian Seymour,Tropicana Field,0.0,0.0,0.018,0.248,0.054,0.2614,125,,,False
2026-08-20,683227,822861,Cody Freeman,Texas Rangers,Washington Nationals@Texas Rangers,Andrew Alvarez,Globe Life Field,0.0,0.0,-0.0067,0.265,-0.02,0.2597,126,,,False
2026-08-20,702284,823747,Cole Young,Seattle Mariners,Seattle Mariners@Milwaukee Brewers,Robert Gasser,American Family Field,0.0,0.0,-0.0056,0.261,-0.0169,0.2566,127,,,False
2026-08-20,686780,824474,Pedro Pagés,St. Louis Cardinals,St. Louis Cardinals@Cincinnati Reds,Brady Singer,Great American Ball Park,0.0,0.0,0.0,0.256,0.0,0.256,128,,,False
2026-08-20,673490,824589,Ha-Seong Kim,Atlanta Braves,Atlanta Braves@Chicago White Sox,Anthony Kay,Rate Field,0.0,0.0,0.0,0.255,0.0,0.255,129,,,False
2026-08-20,686668,824589,Brenton Doyle,Chicago White Sox,Atlanta Braves@Chicago White Sox,Grant Holmes,Rate Field,0.0,0.0,-0.0048,0.258,-0.0143,0.2543,130,,,False
2026-08-20,669221,824589,Sean Murphy,Atlanta Braves,Atlanta Braves@Chicago White Sox,Anthony Kay,Rate Field,0.0,0.0,-0.011,0.263,-0.0331,0.2543,131,,,False
2026-08-20,679822,822861,Justin Foscue,Texas Rangers,Washington Nationals@Texas Rangers,Andrew Alvarez,Globe Life Field,0.0,0.0,-0.0031,0.256,-0.0094,0.2536,132,,,False
2026-08-20,664728,824074,Kyle Isbel,Kansas City Royals,Athletics@Kansas City Royals,Gage Jump,Kauffman Stadium,0.0,0.0,-0.0035,0.256,-0.0105,0.2533,133,,,False
2026-08-20,699302,824474,Héctor Rodríguez,Cincinnati Reds,St. Louis Cardinals@Cincinnati Reds,Michael McGreevy,Great American Ball Park,0.0,0.0,-0.0202,0.265,-0.0608,0.2489,134,,,False
2026-08-20,650968,824802,Yohel Pozo,Baltimore Orioles,New York Yankees@Baltimore Orioles,Gerrit Cole,Oriole Park at Camden Yards,0.0,0.0,0.0,0.247,0.0,0.247,135,,,False
2026-08-20,672284,822861,Jarred Kelenic,Texas Rangers,Washington Nationals@Texas Rangers,Andrew Alvarez,Globe Life Field,0.0,0.0,-0.0019,0.248,-0.0056,0.2466,136,,,False
2026-08-20,671056,824474,Iván Herrera,St. Louis Cardinals,St. Louis Cardinals@Cincinnati Reds,Brady Singer,Great American Ball Park,0.0,0.0,0.0024,0.244,0.0074,0.2458,137,,,False
2026-08-20,645305,824802,Ali Sánchez,New York Yankees,New York Yankees@Baltimore Orioles,Kyle Bradish,Oriole Park at Camden Yards,0.0,0.0,0.0063,0.241,0.0191,0.2456,138,,,False
2026-08-20,669224,824802,Austin Wells,New York Yankees,New York Yankees@Baltimore Orioles,Kyle Bradish,Oriole Park at Camden Yards,0.0,0.0,-0.014,0.256,-0.0422,0.2452,139,,,False
2026-08-20,645277,824589,Ozzie Albies,Atlanta Braves,Atlanta Braves@Chicago White Sox,Anthony Kay,Rate Field,0.0,0.0,-0.0144,0.256,-0.0434,0.2449,140,,,False
2026-08-20,553869,822861,Elias Díaz,Texas Rangers,Washington Nationals@Texas Rangers,Andrew Alvarez,Globe Life Field,0.0,0.0,-0.0163,0.256,-0.0488,0.2435,141,,,False
2026-08-20,670231,824074,John Rave,Kansas City Royals,Athletics@Kansas City Royals,Gage Jump,Kauffman Stadium,0.0,0.0,0.0041,0.24,0.0125,0.243,142,,,False
2026-08-20,665862,824802,Jazz Chisholm Jr.,New York Yankees,New York Yankees@Baltimore Orioles,Kyle Bradish,Oriole Park at Camden Yards,0.0,0.0,0.001,0.24,0.0029,0.2407,143,,,False
2026-08-20,676609,824802,José Caballero,New York Yankees,New York Yankees@Baltimore Orioles,Kyle Bradish,Oriole Park at Camden Yards,0.0,0.0,0.0042,0.233,0.0124,0.2359,144,,,False
2026-08-20,595978,824395,Austin Hedges,Cleveland Guardians,San Francisco Giants@Cleveland Guardians,Landen Roupp,Progressive Field,0.0,0.0,0.0021,0.23,0.0061,0.2314,145,,,False
2026-08-20,680700,822934,Richie Palacios,Tampa Bay Rays,Toronto Blue Jays@Tampa Bay Rays,Shane Bieber,Tropicana Field,0.0,0.0,-0.0078,0.233,-0.0236,0.2275,146,,,False
2026-08-20,670770,824474,TJ Friedl,Cincinnati Reds,St. Louis Cardinals@Cincinnati Reds,Michael McGreevy,Great American Ball Park,0.0,0.0,-0.0182,0.24,-0.0546,0.2269,147,,,False
2026-08-20,624431,824474,Jose Trevino,Cincinnati Reds,St. Louis Cardinals@Cincinnati Reds,Michael McGreevy,Great American Ball Park,0.0,0.0,0.0091,0.22,0.0273,0.226,148,,,False
2026-08-20,701852,824395,Drew Cavanaugh,San Francisco Giants,San Francisco Giants@Cleveland Guardians,Gavin Williams,Progressive Field,0.0,0.0,-0.026,0.245,-0.078,0.2259,149,,,False
2026-08-20,640902,823747,Jhonny Pereda,Seattle Mariners,Seattle Mariners@Milwaukee Brewers,Robert Gasser,American Family Field,0.0,0.0,0.0,0.22,0.0,0.22,150,,,False
2026-08-20,687637,824802,Dylan Beavers,Baltimore Orioles,New York Yankees@Baltimore Orioles,Gerrit Cole,Oriole Park at Camden Yards,0.0,0.0,-0.0376,0.248,-0.1129,0.22,151,,,False
2026-08-20,671976,824589,Tristan Peters,Chicago White Sox,Atlanta Braves@Chicago White Sox,Grant Holmes,Rate Field,0.0,0.0,0.0174,0.208,0.0524,0.2189,152,,,False
2026-08-20,683734,823747,Andrew Vaughn,Milwaukee Brewers,Seattle Mariners@Milwaukee Brewers,George Kirby,American Family Field,0.0,0.0,-0.0027,0.22,-0.0082,0.2182,153,,,False
2026-08-20,694197,824395,Angel Genao,Cleveland Guardians,San Francisco Giants@Cleveland Guardians,Landen Roupp,Progressive Field,0.0,0.0,-0.0136,0.226,-0.0407,0.2168,154,,,False
2026-08-20,663647,824474,Ke'Bryan Hayes,Cincinnati Reds,St. Louis Cardinals@Cincinnati Reds,Michael McGreevy,Great American Ball Park,0.0,0.0,0.0022,0.214,0.0065,0.2154,155,,,False
2026-08-20,665966,824802,Carlos Narváez,Baltimore Orioles,New York Yankees@Baltimore Orioles,Gerrit Cole,Oriole Park at Camden Yards,0.0,0.0,-0.0456,0.248,-0.1367,0.2141,156,,,False
2026-08-20,641857,824802,Ryan McMahon,New York Yankees,New York Yankees@Baltimore Orioles,Kyle Bradish,Oriole Park at Camden Yards,0.0,0.0,-0.0243,0.226,-0.073,0.2095,157,,,False
2026-08-20,672960,822934,Kazuma Okamoto,Toronto Blue Jays,Toronto Blue Jays@Tampa Bay Rays,Ian Seymour,Tropicana Field,0.25,0.0,0.0107,0.16,0.29,0.2064,158,,,False
2026-08-20,696285,822861,Jacob Young,Washington Nationals,Washington Nationals@Texas Rangers,Jacob deGrom,Globe Life Field,0.0,0.0,0.0504,0.179,0.1514,0.2061,159,,,False
2026-08-20,682657,824395,Angel Martínez,Cleveland Guardians,San Francisco Giants@Cleveland Guardians,Landen Roupp,Progressive Field,0.0,0.0,-0.0074,0.202,-0.0223,0.1975,160,,,False
2026-08-20,624428,824153,Adam Frazier,Los Angeles Angels,Los Angeles Angels@Houston Astros,Peter Lambert,Daikin Park,0.0,0.0,-0.0152,0.206,-0.0456,0.1966,161,,,False
2026-08-20,642715,824395,Willy Adames,San Francisco Giants,San Francisco Giants@Cleveland Guardians,Gavin Williams,Progressive Field,0.0,0.0,-0.0041,0.197,-0.0122,0.1946,162,,,False
2026-08-20,694203,824153,Denzer Guzman,Los Angeles Angels,Los Angeles Angels@Houston Astros,Peter Lambert,Daikin Park,0.0,0.0,-0.0426,0.22,-0.1277,0.1919,163,,,False
2026-08-20,668930,823747,Brice Turang,Milwaukee Brewers,Seattle Mariners@Milwaukee Brewers,George Kirby,American Family Field,0.0,0.0,-0.006,0.192,-0.0182,0.1885,164,,,False
2026-08-20,502671,824802,Paul Goldschmidt,New York Yankees,New York Yankees@Baltimore Orioles,Kyle Bradish,Oriole Park at Camden Yards,0.0,0.0,-0.0195,0.197,-0.0584,0.1855,165,,,False
2026-08-20,691458,824474,Blaze Jordan,St. Louis Cardinals,St. Louis Cardinals@Cincinnati Reds,Brady Singer,Great American Ball Park,0.0,0.0,0.0092,0.179,0.0274,0.1839,166,,,False
2026-08-20,669397,824153,Nick Allen,Houston Astros,Los Angeles Angels@Houston Astros,Grayson Rodriguez,Daikin Park,0.0,0.0,-0.0328,0.203,-0.0985,0.183,167,,,False
2026-08-20,695731,824589,Braden Montgomery,Chicago White Sox,Atlanta Braves@Chicago White Sox,Grant Holmes,Rate Field,0.0,0.0,0.008,0.175,0.024,0.1792,168,,,False
2026-08-20,800325,823747,Luis Lara,Milwaukee Brewers,Seattle Mariners@Milwaukee Brewers,George Kirby,American Family Field,0.0,0.0,-0.0302,0.192,-0.0906,0.1746,169,,,False
2026-08-20,656775,822934,Cedric Mullins,Tampa Bay Rays,Toronto Blue Jays@Tampa Bay Rays,Shane Bieber,Tropicana Field,0.0,0.0,-0.0172,0.183,-0.0514,0.1736,170,,,False
2026-08-20,666126,824074,Carlos Cortes,Athletics,Athletics@Kansas City Royals,Randy Dobnak,Kauffman Stadium,0.0,0.0,-0.0373,0.192,-0.112,0.1705,171,,,False
2026-08-20,670541,824153,Yordan Alvarez,Houston Astros,Los Angeles Angels@Houston Astros,Grayson Rodriguez,Daikin Park,0.0,0.0,0.0229,0.154,0.0688,0.1646,172,,,False
2026-08-20,691026,824474,Masyn Winn,St. Louis Cardinals,St. Louis Cardinals@Cincinnati Reds,Brady Singer,Great American Ball Park,0.0,0.0,0.0011,0.164,0.003,0.1645,173,,,False
2026-08-20,514888,824153,Jose Altuve,Houston Astros,Los Angeles Angels@Houston Astros,Grayson Rodriguez,Daikin Park,0.0,0.0,0.0217,0.151,0.0649,0.1608,174,,,False
2026-08-20,686611,822861,Dylan Crews,Washington Nationals,Washington Nationals@Texas Rangers,Jacob deGrom,Globe Life Field,0.0,0.0,-0.0013,0.16,-0.0038,0.1594,175,,,False
2026-08-20,687263,824153,Zach Neto,Los Angeles Angels,Los Angeles Angels@Houston Astros,Peter Lambert,Daikin Park,0.0,0.0,-0.0263,0.171,-0.0789,0.1575,176,,,False
2026-08-20,665926,822934,Andrés Giménez,Toronto Blue Jays,Toronto Blue Jays@Tampa Bay Rays,Ian Seymour,Tropicana Field,0.0,0.0,0.0168,0.148,0.0507,0.1555,177,,,False
2026-08-20,623168,824153,Tyler Heineman,Los Angeles Angels,Los Angeles Angels@Houston Astros,Peter Lambert,Daikin Park,0.0,0.0,-0.0165,0.163,-0.0497,0.1549,178,,,False
2026-08-20,677649,822861,Ezequiel Duran,Texas Rangers,Washington Nationals@Texas Rangers,Andrew Alvarez,Globe Life Field,0.0,0.0,-0.0112,0.16,-0.0338,0.1546,179,,,False
2026-08-20,803011,824589,Sam Antonacci,Chicago White Sox,Atlanta Braves@Chicago White Sox,Grant Holmes,Rate Field,0.0,0.0,0.0018,0.151,0.0053,0.1518,180,,,False
2026-08-20,702616,824802,Jackson Holliday,Baltimore Orioles,New York Yankees@Baltimore Orioles,Gerrit Cole,Oriole Park at Camden Yards,0.0,0.0,-0.0141,0.157,-0.042,0.1504,181,,,False
2026-08-20,662139,824153,Daulton Varsho,Houston Astros,Los Angeles Angels@Houston Astros,Grayson Rodriguez,Daikin Park,0.0,0.0,-0.0341,0.167,-0.1024,0.1499,182,,,False
2026-08-20,677587,824395,Brayan Rocchio,Cleveland Guardians,San Francisco Giants@Cleveland Guardians,Landen Roupp,Progressive Field,0.0,0.0,-0.022,0.16,-0.0663,0.1494,183,,,False
2026-08-20,521692,824074,Salvador Perez,Kansas City Royals,Athletics@Kansas City Royals,Gage Jump,Kauffman Stadium,0.0,0.0,0.0014,0.148,0.0041,0.1486,184,,,False
2026-08-20,685133,824153,Wade Meckler,Los Angeles Angels,Los Angeles Angels@Houston Astros,Peter Lambert,Daikin Park,0.0,0.0,-0.0322,0.164,-0.0963,0.1482,185,,,False
2026-08-20,686527,823747,Dominic Canzone,Seattle Mariners,Seattle Mariners@Milwaukee Brewers,Robert Gasser,American Family Field,0.0,0.0,-0.013,0.148,-0.0392,0.1422,186,,,False
2026-08-20,641680,824074,Jonah Heim,Athletics,Athletics@Kansas City Royals,Randy Dobnak,Kauffman Stadium,0.0,0.0,-0.0142,0.148,-0.0426,0.1417,187,,,False
2026-08-20,694384,824153,Nolan Schanuel,Los Angeles Angels,Los Angeles Angels@Houston Astros,Peter Lambert,Daikin Park,0.0,0.0,0.0026,0.14,0.0079,0.1411,188,,,False
2026-08-20,680757,824395,Steven Kwan,Cleveland Guardians,San Francisco Giants@Cleveland Guardians,Landen Roupp,Progressive Field,0.0,0.0,0.0054,0.137,0.0161,0.1392,189,,,False
2026-08-20,676391,822934,Ernie Clement,Toronto Blue Jays,Toronto Blue Jays@Tampa Bay Rays,Ian Seymour,Tropicana Field,0.25,0.0,-0.0384,0.124,0.1056,0.1371,190,,,False
2026-08-20,701675,824474,Nathan Church,St. Louis Cardinals,St. Louis Cardinals@Cincinnati Reds,Brady Singer,Great American Ball Park,0.0,0.0,-0.0418,0.154,-0.1253,0.1347,191,,,False
2026-08-20,686469,824074,Vinnie Pasquantino,Kansas City Royals,Athletics@Kansas City Royals,Gage Jump,Kauffman Stadium,0.0,0.0,0.0377,0.12,0.1133,0.1336,192,,,False
2026-08-20,802139,824474,JJ Wetherholt,St. Louis Cardinals,St. Louis Cardinals@Cincinnati Reds,Brady Singer,Great American Ball Park,0.0,0.0,-0.0022,0.133,-0.0068,0.1321,193,,,False
2026-08-20,671739,824589,Michael Harris II,Atlanta Braves,Atlanta Braves@Chicago White Sox,Anthony Kay,Rate Field,0.0,0.0,-0.0017,0.13,-0.0054,0.1293,194,,,False
2026-08-20,664770,822934,Nathan Lukes,Toronto Blue Jays,Toronto Blue Jays@Tampa Bay Rays,Ian Seymour,Tropicana Field,0.0,0.0,-0.0288,0.137,-0.0861,0.1252,195,,,False
2026-08-20,666018,822934,Jonathan Aranda,Tampa Bay Rays,Toronto Blue Jays@Tampa Bay Rays,Shane Bieber,Tropicana Field,0.0,0.0,-0.0044,0.126,-0.0135,0.1243,196,,,False
2026-08-20,686948,824589,Drake Baldwin,Atlanta Braves,Atlanta Braves@Chicago White Sox,Anthony Kay,Rate Field,0.0,0.0,-0.015,0.113,-0.0451,0.1079,197,,,False
2026-08-20,665877,824474,José Fermín,St. Louis Cardinals,St. Louis Cardinals@Cincinnati Reds,Brady Singer,Great American Ball Park,0.0,0.0,-0.0313,0.0,0.0,0.0,198,,,False
2026-08-20,608070,824395,José Ramírez,Cleveland Guardians,San Francisco Giants@Cleveland Guardians,Landen Roupp,Progressive Field,0.0,0.0,0.0008,0.0,0.0,0.0,199,,,False
2026-08-20,683953,824395,Travis Bazzana,Cleveland Guardians,San Francisco Giants@Cleveland Guardians,Landen Roupp,Progressive Field,0.0,0.0,-0.0198,0.0,0.0,0.0,200,,,False
2026-08-20,683766,824395,Christian Koss,San Francisco Giants,San Francisco Giants@Cleveland Guardians,Gavin Williams,Progressive Field,0.0,0.0,-0.0248,0.0,0.0,0.0,201,,,False
2026-08-20,802415,822934,Chandler Simpson,Tampa Bay Rays,Toronto Blue Jays@Tampa Bay Rays,Shane Bieber,Tropicana Field,0.0,0.0,-0.0153,0.0,0.0,0.0,202,,,False
2026-08-20,703520,822934,Brett Bateman,Toronto Blue Jays,Toronto Blue Jays@Tampa Bay Rays,Ian Seymour,Tropicana Field,0.0,0.0,0.0043,0.0,0.0,0.0,203,,,False
2026-08-20,543807,822934,George Springer,Toronto Blue Jays,Toronto Blue Jays@Tampa Bay Rays,Ian Seymour,Tropicana Field,0.25,0.0,-0.0006,0.0,0.0,0.0,204,,,False
2026-08-20,669701,822934,Josh Smith,Toronto Blue Jays,Toronto Blue Jays@Tampa Bay Rays,Ian Seymour,Tropicana Field,0.0,0.0,0.0,0.0,0.0,0.0,205,,,False
2026-08-20,664702,822934,Myles Straw,Toronto Blue Jays,Toronto Blue Jays@Tampa Bay Rays,Ian Seymour,Tropicana Field,0.25,0.0,0.012,0.0,0.0,0.0,206,,,False
2026-08-20,686555,824074,Isaac Collins,Kansas City Royals,Athletics@Kansas City Royals,Gage Jump,Kauffman Stadium,0.0,0.0,0.006,0.0,0.0,0.0,207,,,False
2026-08-20,672580,824074,Maikel Garcia,Kansas City Royals,Athletics@Kansas City Royals,Gage Jump,Kauffman Stadium,0.0,0.0,0.0414,0.0,0.0,0.0,208,,,False
2026-08-20,679845,824074,Nick Loftin,Kansas City Royals,Athletics@Kansas City Royals,Gage Jump,Kauffman Stadium,0.0,0.0,-0.0092,0.0,0.0,0.0,209,,,False
2026-08-20,675961,824074,Alika Williams,Athletics,Athletics@Kansas City Royals,Randy Dobnak,Kauffman Stadium,0.0,0.0,-0.0137,0.0,0.0,0.0,210,,,False
2026-08-20,687231,824074,Darell Hernaiz,Athletics,Athletics@Kansas City Royals,Randy Dobnak,Kauffman Stadium,0.0,0.0,0.0,0.0,0.0,0.0,211,,,False
2026-08-20,805779,824074,Jacob Wilson,Athletics,Athletics@Kansas City Royals,Randy Dobnak,Kauffman Stadium,0.0,0.0,-0.0171,0.0,0.0,0.0,212,,,False
2026-08-20,682668,824589,Luisangel Acuña,Chicago White Sox,Atlanta Braves@Chicago White Sox,Grant Holmes,Rate Field,0.0,0.0,-0.0196,0.0,0.0,0.0,213,,,False
2026-08-20,642086,824589,Dominic Smith,Atlanta Braves,Atlanta Braves@Chicago White Sox,Anthony Kay,Rate Field,0.0,0.0,-0.0174,0.0,0.0,0.0,214,,,False
2026-08-20,805347,824589,Jim Jarvis,Atlanta Braves,Atlanta Braves@Chicago White Sox,Anthony Kay,Rate Field,0.0,0.0,-0.0229,0.0,0.0,0.0,215,,,False
2026-08-20,643289,824589,Mauricio Dubón,Atlanta Braves,Atlanta Braves@Chicago White Sox,Anthony Kay,Rate Field,0.0,0.0,-0.016,0.0,0.0,0.0,216,,,False
2026-08-20,666152,823747,David Hamilton,Milwaukee Brewers,Seattle Mariners@Milwaukee Brewers,George Kirby,American Family Field,0.0,0.0,-0.0276,0.0,0.0,0.0,217,,,False
2026-08-20,669003,823747,Garrett Mitchell,Milwaukee Brewers,Seattle Mariners@Milwaukee Brewers,George Kirby,American Family Field,0.0,0.0,0.004,0.0,0.0,0.0,218,,,False
2026-08-20,596142,823747,Gary Sánchez,Milwaukee Brewers,Seattle Mariners@Milwaukee Brewers,George Kirby,American Family Field,0.0,0.0,0.046,0.0,0.0,0.0,219,,,False
2026-08-20,680977,823747,Brendan Donovan,Seattle Mariners,Seattle Mariners@Milwaukee Brewers,Robert Gasser,American Family Field,0.0,0.0,0.0044,0.0,0.0,0.0,220,,,False
2026-08-20,660844,823747,Leo Rivas,Seattle Mariners,Seattle Mariners@Milwaukee Brewers,Robert Gasser,American Family Field,0.0,0.0,0.0,0.0,0.0,0.0,221,,,False
2026-08-20,621493,823747,Taylor Ward,Seattle Mariners,Seattle Mariners@Milwaukee Brewers,Robert Gasser,American Family Field,0.0,0.0,-0.0165,0.0,0.0,0.0,222,,,False
2026-08-20,645302,823747,Victor Robles,Seattle Mariners,Seattle Mariners@Milwaukee Brewers,Robert Gasser,American Family Field,0.0,0.0,0.0054,0.0,0.0,0.0,223,,,False
2026-08-20,671218,824802,Heliot Ramos,New York Yankees,New York Yankees@Baltimore Orioles,Kyle Bradish,Oriole Park at Camden Yards,0.0,0.0,-0.0211,0.0,0.0,0.0,224,,,False
2026-08-20,694497,822861,Evan Carter,Texas Rangers,Washington Nationals@Texas Rangers,Andrew Alvarez,Globe Life Field,0.0,0.0,-0.0265,0.0,0.0,0.0,225,,,False
2026-08-20,670032,822861,Nicky Lopez,Texas Rangers,Washington Nationals@Texas Rangers,Andrew Alvarez,Globe Life Field,0.0,0.0,-0.0258,0.0,0.0,0.0,226,,,False
2026-08-20,678391,822861,Jorbit Vivas,Washington Nationals,Washington Nationals@Texas Rangers,Jacob deGrom,Globe Life Field,0.0,0.0,0.0027,0.0,0.0,0.0,227,,,False
2026-08-20,660688,822861,Keibert Ruiz,Washington Nationals,Washington Nationals@Texas Rangers,Jacob deGrom,Globe Life Field,0.0,0.0,0.0422,0.0,0.0,0.0,228,,,False
2026-08-20,683083,822861,Nasim Nuñez,Washington Nationals,Washington Nationals@Texas Rangers,Jacob deGrom,Globe Life Field,0.0,0.0,-0.0231,0.0,0.0,0.0,229,,,False
2026-08-20,543877,824153,Christian Vázquez,Houston Astros,Los Angeles Angels@Houston Astros,Grayson Rodriguez,Daikin Park,0.0,0.0,0.047,0.0,0.0,0.0,230,,,False
2026-08-20,664774,824153,LaMonte Wade Jr.,Houston Astros,Los Angeles Angels@Houston Astros,Grayson Rodriguez,Daikin Park,0.0,0.0,0.0005,0.0,0.0,0.0,231,,,False
2026-08-20,694208,824153,Moisés Ballesteros,Los Angeles Angels,Los Angeles Angels@Houston Astros,Peter Lambert,Daikin Park,0.0,0.0,-0.0488,0.0,0.0,0.0,232,,,False
2026-08-20,672724,824153,Oswald Peraza,Los Angeles Angels,Los Angeles Angels@Houston Astros,Peter Lambert,Daikin Park,0.0,0.0,-0.0425,0.0,0.0,0.0,233,,,False
2026-08-20,687093,824153,Vaughn Grissom,Los Angeles Angels,Los Angeles Angels@Houston Astros,Peter Lambert,Daikin Park,0.0,0.0,-0.0296,0.0,0.0,0.0,234,,,False
