game_pk,temp,condition,wind,venue
825051,76.0,Roof Closed,"0 mph, None",Chase Field
824727,92.0,Clear,"5 mph, L To R",Fenway Park
824566,87.0,Partly Cloudy,"8 mph, R To L",Rate Field
824081,85.0,Clear,"5 mph, R To L",Kauffman Stadium
823836,72.0,Roof Closed,"0 mph, None",loanDepot park
823750,83.0,Partly Cloudy,"6 mph, In From RF",American Family Field
823515,76.0,Cloudy,"2 mph, Out To RF",Yankee Stadium
823428,78.0,Partly Cloudy,"13 mph, Out To CF",Citizens Bank Park
823349,80.0,Partly Cloudy,"7 mph, Out To LF",PNC Park
823266,77.0,Clear,"8 mph, L To R",Petco Park
823191,60.0,Cloudy,"14 mph, Varies",Oracle Park
823103,81.0,Clear,"6 mph, L To R",T-Mobile Park
823024,85.0,Cloudy,"7 mph, R To L",Busch Stadium
822863,74.0,Roof Closed,"0 mph, None",Globe Life Field
822699,86.0,Cloudy,"7 mph, Out To RF",Nationals Park
825053,76.0,Roof Closed,"0 mph, None",Chase Field
824885,87.0,Cloudy,"6 mph, L To R",Truist Park
824804,89.0,Partly Cloudy,"5 mph, Out To CF",Oriole Park at Camden Yards
824729,89.0,Partly Cloudy,"7 mph, Out To CF",Fenway Park
824664,76.0,Cloudy,"5 mph, Out To LF",Wrigley Field
824481,84.0,Partly Cloudy,"5 mph, R To L",Great American Ball Park
824401,84.0,Partly Cloudy,"7 mph, L To R",Progressive Field
824080,82.0,Cloudy,"5 mph, R To L",Kauffman Stadium
823754,76.0,Cloudy,"7 mph, In From LF",American Family Field
823430,90.0,Partly Cloudy,"9 mph, Out To CF",Citizens Bank Park
823105,77.0,Sunny,"6 mph, L To R",T-Mobile Park
825052,76.0,Roof Closed,"0 mph, None",Chase Field
824889,76.0,Cloudy,"7 mph, Out To RF",Truist Park
824806,83.0,Partly Cloudy,"7 mph, R To L",Oriole Park at Camden Yards
824728,84.0,Partly Cloudy,"4 mph, Out To CF",Fenway Park
824646,80.0,Overcast,"9 mph, Out To CF",Wrigley Field
824482,85.0,Partly Cloudy,"3 mph, R To L",Great American Ball Park
824402,81.0,Partly Cloudy,"5 mph, In From RF",Progressive Field
824322,69.0,Partly Cloudy,"10 mph, In From CF",Coors Field
824158,73.0,Roof Closed,"0 mph, None",Daikin Park
824082,81.0,Cloudy,"4 mph, R To L",Kauffman Stadium
823753,75.0,Cloudy,"6 mph, In From CF",American Family Field
823516,77.0,Cloudy,"8 mph, R To L",Yankee Stadium
823429,81.0,Overcast,"7 mph, Out To LF",Citizens Bank Park
823106,83.0,Clear,"6 mph, In From LF",T-Mobile Park
822866,74.0,Roof Closed,"0 mph, None",Globe Life Field
825054,76.0,Roof Closed,"0 mph, None",Chase Field
824888,85.0,Partly Cloudy,"3 mph, L To R",Truist Park
824805,88.0,Partly Cloudy,"7 mph, In From CF",Oriole Park at Camden Yards
824731,82.0,Clear,"2 mph, Out To CF",Fenway Park
824645,83.0,Partly Cloudy,"8 mph, Out To CF",Wrigley Field
824484,86.0,Clear,"3 mph, L To R",Great American Ball Park
824403,78.0,Clear,"6 mph, In From CF",Progressive Field
824321,76.0,Partly Cloudy,"9 mph, In From LF",Coors Field
824161,73.0,Roof Closed,"0 mph, None",Daikin Park
824084,91.0,Overcast,"6 mph, R To L",Kauffman Stadium
823756,82.0,Cloudy,"8 mph, In From RF",American Family Field
823517,80.0,Partly Cloudy,"6 mph, R To L",Yankee Stadium
823432,84.0,Partly Cloudy,"4 mph, Out To CF",Citizens Bank Park
823108,77.0,Cloudy,"9 mph, L To R",T-Mobile Park
822865,74.0,Roof Closed,"0 mph, None",Globe Life Field
825095,78.0,Roof Closed,"0 mph, None",Chase Field
824647,76.0,Clear,"10 mph, In From RF",Wrigley Field
824324,89.0,Cloudy,"6 mph, R To L",Coors Field
824160,73.0,Roof Closed,"0 mph, None",Daikin Park
823757,76.0,Clear,"10 mph, In From RF",American Family Field
823520,80.0,Clear,"13 mph, L To R",Yankee Stadium
823431,89.0,Partly Cloudy,"7 mph, L To R",Citizens Bank Park
822867,74.0,Roof Closed,"0 mph, None",Globe Life Field
824971,95.0,Sunny,"3 mph, L To R",Sutter Health Park
824891,86.0,Partly Cloudy,"8 mph, R To L",Truist Park
824807,82.0,Cloudy,"11 mph, R To L",Oriole Park at Camden Yards
824648,71.0,Overcast,"13 mph, In From LF",Wrigley Field
824483,74.0,Partly Cloudy,"5 mph, In From RF",Great American Ball Park
824404,81.0,Overcast,"5 mph, In From RF",Progressive Field
824323,99.0,Sunny,"11 mph, R To L",Coors Field
824163,73.0,Roof Closed,"0 mph, None",Daikin Park
823996,87.0,Sunny,"7 mph, R To L",Angel Stadium
823919,87.0,Sunny,"2 mph, Calm",UNIQLO Field at Dodger Stadium
823592,82.0,Partly Cloudy,"13 mph, Out To LF",Citi Field
823270,82.0,Sunny,"9 mph, L To R",Petco Park
823107,67.0,Cloudy,"4 mph, L To R",T-Mobile Park
822943,72.0,Dome,"0 mph, None",Tropicana Field
822783,68.0,Roof Closed,"0 mph, None",Rogers Centre
824972,98.0,Clear,"6 mph, Out To RF",Sutter Health Park
824890,88.0,Clear,"8 mph, L To R",Truist Park
824808,82.0,Cloudy,"13 mph, Out To LF",Oriole Park at Camden Yards
824649,71.0,Overcast,"21 mph, In From CF",Wrigley Field
824485,76.0,Overcast,"10 mph, In From CF",Great American Ball Park
824405,80.0,Partly Cloudy,"6 mph, R To L",Progressive Field
824326,94.0,Clear,"4 mph, R To L",Coors Field
824162,73.0,Roof Closed,"0 mph, None",Daikin Park
824000,84.0,Clear,"8 mph, Out To CF",Angel Stadium
823920,85.0,Clear,"7 mph, Out To CF",UNIQLO Field at Dodger Stadium
823594,87.0,Sunny,"4 mph, Out To LF",Citi Field
823269,79.0,Clear,"7 mph, L To R",Petco Park
823109,73.0,Partly Cloudy,"8 mph, Out To LF",T-Mobile Park
822944,72.0,Dome,"0 mph, None",Tropicana Field
822781,77.0,Partly Cloudy,"6 mph, R To L",Rogers Centre
824975,95.0,Clear,"6 mph, Out To CF",Sutter Health Park
824892,89.0,Clear,"3 mph, R To L",Truist Park
824809,82.0,Partly Cloudy,"6 mph, R To L",Oriole Park at Camden Yards
824651,77.0,Cloudy,"11 mph, R To L",Wrigley Field
824486,84.0,Clear,"1 mph, Calm",Great American Ball Park
824407,79.0,Partly Cloudy,"2 mph, In From CF",Progressive Field
824325,85.0,Partly Cloudy,"15 mph, L To R",Coors Field
824164,73.0,Roof Closed,"0 mph, None",Daikin Park
823999,84.0,Clear,"8 mph, Out To CF",Angel Stadium
823922,78.0,Clear,"4 mph, Out To CF",UNIQLO Field at Dodger Stadium
823593,79.0,Partly Cloudy,"7 mph, Out To LF",Citi Field
823272,75.0,Clear,"7 mph, L To R",Petco Park
823111,80.0,Clear,"5 mph, In From LF",T-Mobile Park
822945,72.0,Dome,"0 mph, None",Tropicana Field
822782,77.0,Clear,"2 mph, R To L",Rogers Centre
824974,90.0,Clear,"10 mph, Out To LF",Sutter Health Park
824894,87.0,Clear,"8 mph, Out To LF",Truist Park
824568,84.0,Partly Cloudy,"4 mph, L To R",Rate Field
824488,84.0,Partly Cloudy,"4 mph, L To R",Great American Ball Park
823921,78.0,Clear,"3 mph, Out To RF",UNIQLO Field at Dodger Stadium
823674,84.0,Partly Cloudy,"10 mph, Out To LF",Target Field
823595,72.0,Cloudy,"2 mph, R To L",Citi Field
823271,75.0,Clear,"7 mph, L To R",Petco Park
823023,85.0,Partly Cloudy,"4 mph, In From CF",Busch Stadium
822946,72.0,Dome,"0 mph, None",Tropicana Field
824973,91.0,Clear,"10 mph, Out To LF",Sutter Health Park
824567,75.0,Clear,"9 mph, Out To RF",Rate Field
824487,82.0,Clear,"8 mph, Out To RF",Great American Ball Park
824242,79.0,Sunny,"11 mph, Out To RF",Comerica Park
824002,81.0,Partly Cloudy,"8 mph, R To L",Angel Stadium
823924,77.0,Clear,"6 mph, Out To RF",UNIQLO Field at Dodger Stadium
823837,72.0,Roof Closed,"0 mph, None",loanDepot park
823677,90.0,Partly Cloudy,"8 mph, Out To LF",Target Field
823598,77.0,Cloudy,"6 mph, Out To RF",Citi Field
823596,78.0,Cloudy,"7 mph, L To R",Citi Field
823351,73.0,Cloudy,"10 mph, Out To RF",PNC Park
823273,77.0,Sunny,"9 mph, L To R",Petco Park
823192,67.0,Sunny,"9 mph, Out To CF",Oracle Park
823022,84.0,Partly Cloudy,"7 mph, In From RF",Busch Stadium
822947,72.0,Dome,"0 mph, None",Tropicana Field
822702,81.0,Partly Cloudy,"4 mph, In From LF",Nationals Park
824976,92.0,Clear,"6 mph, Out To CF",Sutter Health Park
824569,73.0,Partly Cloudy,"15 mph, Out To RF",Rate Field
824490,84.0,Partly Cloudy,"10 mph, Varies",Great American Ball Park
824489,84.0,Partly Cloudy,"9 mph, Out To RF",Great American Ball Park
824243,79.0,Partly Cloudy,"7 mph, Out To RF",Comerica Park
824003,81.0,Clear,"6 mph, R To L",Angel Stadium
823923,77.0,Clear,"6 mph, Out To CF",UNIQLO Field at Dodger Stadium
823838,72.0,Roof Closed,"0 mph, None",loanDepot park
823676,89.0,Partly Cloudy,"6 mph, Out To RF",Target Field
823350,79.0,Partly Cloudy,"9 mph, Out To CF",PNC Park
823275,74.0,Clear,"7 mph, L To R",Petco Park
823193,65.0,Clear,"11 mph, Varies",Oracle Park
823026,87.0,Cloudy,"6 mph, In From LF",Busch Stadium
822949,72.0,Dome,"0 mph, None",Tropicana Field
822703,69.0,Overcast,"5 mph, Out To LF",Nationals Park
824977,88.0,Clear,"8 mph, R To L",Sutter Health Park
824570,74.0,Clear,"12 mph, R To L",Rate Field
824245,84.0,Partly Cloudy,"6 mph, Out To LF",Comerica Park
824001,82.0,Clear,"9 mph, Out To RF",Angel Stadium
823839,72.0,Roof Closed,"0 mph, None",loanDepot park
823597,79.0,Cloudy,"9 mph, Out To LF",Citi Field
823353,85.0,Partly Cloudy,"8 mph, Out To LF",PNC Park
823195,63.0,Clear,"13 mph, Varies",Oracle Park
823025,90.0,Partly Cloudy,"11 mph, Out To CF",Busch Stadium
822868,74.0,Roof Closed,"0 mph, None",Globe Life Field
822705,91.0,Partly Cloudy,"2 mph, Out To LF",Nationals Park
824810,80.0,Partly Cloudy,"5 mph, L To R",Oriole Park at Camden Yards
824730,75.0,Sunny,"9 mph, In From RF",Fenway Park
824572,90.0,Partly Cloudy,"4 mph, In From RF",Rate Field
824246,82.0,Partly Cloudy,"5 mph, R To L",Comerica Park
823840,72.0,Roof Closed,"0 mph, None",loanDepot park
823755,86.0,Cloudy,"6 mph, In From LF",American Family Field
823678,92.0,Partly Cloudy,"7 mph, Out To LF",Target Field
823599,79.0,Sunny,"5 mph, In From CF",Citi Field
823433,81.0,Partly Cloudy,"7 mph, Out To LF",Citizens Bank Park
823354,79.0,Partly Cloudy,"3 mph, Out To LF",PNC Park
823194,68.0,Partly Cloudy,"12 mph, Out To CF",Oracle Park
823028,94.0,Partly Cloudy,"5 mph, Out To RF",Busch Stadium
822950,72.0,Dome,"0 mph, None",Tropicana Field
822870,74.0,Roof Closed,"0 mph, None",Globe Life Field
822706,83.0,Cloudy,"5 mph, Out To RF",Nationals Park
824811,80.0,Clear,"3 mph, In From RF",Oriole Park at Camden Yards
824734,78.0,Sunny,"8 mph, In From RF",Fenway Park
824571,78.0,Cloudy,"9 mph, R To L",Rate Field
824244,78.0,Partly Cloudy,"5 mph, R To L",Comerica Park
823841,72.0,Roof Closed,"0 mph, None",loanDepot park
823758,79.0,Cloudy,"5 mph, R To L",American Family Field
823679,93.0,Clear,"5 mph, Out To RF",Target Field
823600,77.0,Clear,"12 mph, R To L",Citi Field
823435,81.0,Clear,"9 mph, R To L",Citizens Bank Park
823355,79.0,Partly Cloudy,"8 mph, Out To LF",PNC Park
823197,68.0,Sunny,"13 mph, Varies",Oracle Park
823027,90.0,Clear,"2 mph, In From RF",Busch Stadium
822948,72.0,Dome,"0 mph, None",Tropicana Field
822869,74.0,Roof Closed,"0 mph, None",Globe Life Field
822704,82.0,Partly Cloudy,"2 mph, In From RF",Nationals Park
824812,77.0,Partly Cloudy,"8 mph, Out To LF",Oriole Park at Camden Yards
824733,76.0,Clear,"3 mph, R To L",Fenway Park
824573,76.0,Partly Cloudy,"8 mph, In From RF",Rate Field
824248,78.0,Partly Cloudy,"8 mph, In From CF",Comerica Park
823843,72.0,Roof Closed,"0 mph, None",loanDepot park
823759,79.0,Partly Cloudy,"9 mph, In From CF",American Family Field
823680,79.0,Cloudy,"12 mph, Out To LF",Target Field
823601,77.0,Cloudy,"7 mph, Out To LF",Citi Field
823434,80.0,Partly Cloudy,"9 mph, Out To CF",Citizens Bank Park
823352,78.0,Cloudy,"7 mph, In From LF",PNC Park
823196,64.0,Clear,"14 mph, Varies",Oracle Park
823031,74.0,Cloudy,"7 mph, R To L",Busch Stadium
822952,72.0,Dome,"0 mph, None",Tropicana Field
822872,74.0,Roof Closed,"0 mph, None",Globe Life Field
822707,79.0,Cloudy,"7 mph, In From RF",Nationals Park
824893,82.0,Cloudy,"6 mph, Out To LF",Truist Park
824406,72.0,Sunny,"6 mph, In From CF",Progressive Field
824247,76.0,Clear,"7 mph, In From LF",Comerica Park
823042,78.0,Partly Cloudy,"4 mph, In From CF",Busch Stadium
822785,68.0,Sunny,"13 mph, Out To CF",Rogers Centre
825055,74.0,Roof Closed,"0 mph, None",Chase Field
824896,87.0,Clear,"6 mph, L To R",Truist Park
824735,82.0,Partly Cloudy,"11 mph, Out To CF",Fenway Park
824732,77.0,Overcast,"2 mph, Out To RF",Fenway Park
824650,72.0,Clear,"10 mph, In From CF",Wrigley Field
824408,70.0,Partly Cloudy,"6 mph, L To R",Progressive Field
824327,89.0,Sunny,"10 mph, In From LF",Coors Field
824166,73.0,Roof Closed,"0 mph, None",Daikin Park
824083,79.0,Sunny,"9 mph, L To R",Kauffman Stadium
824004,84.0,Sunny,"8 mph, Out To RF",Angel Stadium
823761,72.0,Partly Cloudy,"2 mph, In From RF",American Family Field
823519,82.0,Partly Cloudy,"15 mph, Out To RF",Yankee Stadium
823518,83.0,Partly Cloudy,"14 mph, Out To CF",Yankee Stadium
823438,89.0,Partly Cloudy,"12 mph, L To R",Citizens Bank Park
823110,84.0,Sunny,"8 mph, L To R",T-Mobile Park
822873,74.0,Roof Closed,"0 mph, None",Globe Life Field
822784,70.0,Partly Cloudy,"10 mph, L To R",Rogers Centre
825056,75.0,Roof Closed,"0 mph, None",Chase Field
824895,87.0,Partly Cloudy,"9 mph, In From CF",Truist Park
824652,82.0,Cloudy,"14 mph, In From LF",Wrigley Field
824409,83.0,Partly Cloudy,"13 mph, L To R",Progressive Field
824329,94.0,Partly Cloudy,"11 mph, Out To LF",Coors Field
824165,73.0,Roof Closed,"0 mph, None",Daikin Park
824085,87.0,Partly Cloudy,"6 mph, L To R",Kauffman Stadium
824005,83.0,Clear,"9 mph, Out To CF",Angel Stadium
823760,81.0,Roof Closed,"0 mph, Calm",American Family Field
823437,73.0,Cloudy,"11 mph, Out To CF",Citizens Bank Park
823114,88.0,Clear,"3 mph, L To R",T-Mobile Park
822871,74.0,Roof Closed,"0 mph, None",Globe Life Field
822787,68.0,Roof Closed,"0 mph, None",Rogers Centre
825058,75.0,Roof Closed,"0 mph, None",Chase Field
824898,91.0,Partly Cloudy,"5 mph, L To R",Truist Park
824736,79.0,Clear,"9 mph, Out To CF",Fenway Park
824654,79.0,Partly Cloudy,"7 mph, Out To CF",Wrigley Field
824410,78.0,Partly Cloudy,"3 mph, In From CF",Progressive Field
824328,90.0,Partly Cloudy,"7 mph, R To L",Coors Field
824167,73.0,Roof Closed,"0 mph, None",Daikin Park
824087,97.0,Clear,"6 mph, R To L",Kauffman Stadium
824006,79.0,Partly Cloudy,"8 mph, Out To RF",Angel Stadium
823762,82.0,Cloudy,"14 mph, R To L",American Family Field
823522,79.0,Clear,"11 mph, R To L",Yankee Stadium
823436,82.0,Clear,"7 mph, Out To CF",Citizens Bank Park
823112,80.0,Partly Cloudy,"4 mph, L To R",T-Mobile Park
822874,74.0,Roof Closed,"0 mph, None",Globe Life Field
822788,72.0,Clear,"15 mph, Out To CF",Rogers Centre
825057,75.0,Roof Closed,"0 mph, None",Chase Field
824978,86.0,Partly Cloudy,"3 mph, Out To RF",Sutter Health Park
824897,91.0,Partly Cloudy,"5 mph, Out To LF",Truist Park
824739,76.0,Sunny,"5 mph, L To R",Fenway Park
824653,78.0,Sunny,"7 mph, In From CF",Wrigley Field
824411,76.0,Sunny,"10 mph, In From CF",Progressive Field
824330,92.0,Sunny,"4 mph, Out To LF",Coors Field
824168,73.0,Roof Closed,"0 mph, None",Daikin Park
824086,90.0,Partly Cloudy,"2 mph, R To L",Kauffman Stadium
824007,84.0,Sunny,"9 mph, Out To CF",Angel Stadium
823764,77.0,Sunny,"6 mph, In From LF",American Family Field
823523,76.0,Sunny,"15 mph, Out To RF",Yankee Stadium
823521,76.0,Partly Cloudy,"10 mph, Varies",Yankee Stadium
823439,80.0,Partly Cloudy,"14 mph, In From LF",Citizens Bank Park
823113,71.0,Sunny,"8 mph, L To R",T-Mobile Park
822786,68.0,Sunny,"3 mph, Out To CF",Rogers Centre
825059,76.0,Roof Closed,"0 mph, None",Chase Field
824979,88.0,Clear,"9 mph, Out To CF",Sutter Health Park
824899,92.0,Partly Cloudy,"5 mph, Out To LF",Truist Park
824738,71.0,Cloudy,"10 mph, Out To LF",Fenway Park
824657,81.0,Partly Cloudy,"12 mph, L To R",Wrigley Field
824414,89.0,Partly Cloudy,"14 mph, Out To RF",Progressive Field
824412,79.0,Cloudy,"6 mph, L To R",Progressive Field
824331,89.0,Sunny,"3 mph, R To L",Coors Field
824169,73.0,Roof Closed,"0 mph, None",Daikin Park
824088,90.0,Partly Cloudy,"6 mph, R To L",Kauffman Stadium
824008,79.0,Clear,"6 mph, R To L",Angel Stadium
823763,86.0,Sunny,"7 mph, In From CF",American Family Field
823441,87.0,Overcast,"8 mph, Out To RF",Citizens Bank Park
823116,74.0,Clear,"8 mph, L To R",T-Mobile Park
822790,68.0,Roof Closed,"0 mph, None",Rogers Centre
825060,77.0,Roof Closed,"0 mph, None",Chase Field
824981,85.0,Clear,"11 mph, Out To LF",Sutter Health Park
824901,75.0,Cloudy,"5 mph, Out To RF",Truist Park
824766,82.0,Sunny,"10 mph, In From LF",Fenway Park
824737,84.0,Clear,"7 mph, L To R",Fenway Park
824655,87.0,Cloudy,"7 mph, Out To LF",Wrigley Field
824332,90.0,Partly Cloudy,"5 mph, Out To CF",Coors Field
824170,73.0,Roof Closed,"0 mph, None",Daikin Park
824090,86.0,Clear,"10 mph, Out To CF",Kauffman Stadium
824009,80.0,Clear,"9 mph, Out To RF",Angel Stadium
823766,92.0,Partly Cloudy,"5 mph, R To L",American Family Field
823524,81.0,Partly Cloudy,"7 mph, Out To CF",Yankee Stadium
823115,72.0,Clear,"6 mph, Out To CF",T-Mobile Park
822789,68.0,Roof Closed,"0 mph, None",Rogers Centre
823440,94.0,Cloudy,"2 mph, Out To CF",Citizens Bank Park
824814,81.0,Cloudy,"7 mph, R To L",Oriole Park at Camden Yards
824574,83.0,Sunny,"9 mph, In From LF",Rate Field
824491,81.0,Partly Cloudy,"6 mph, In From RF",Great American Ball Park
824250,83.0,Sunny,"8 mph, In From RF",Comerica Park
823925,83.0,Cloudy,"4 mph, Out To CF",UNIQLO Field at Dodger Stadium
823842,72.0,Roof Closed,"0 mph, None",loanDepot park
823681,90.0,Sunny,"11 mph, Out To LF",Target Field
823602,83.0,Sunny,"2 mph, In From RF",Citi Field
823358,81.0,Sunny,"5 mph, L To R",PNC Park
823274,73.0,Partly Cloudy,"6 mph, L To R",Petco Park
823199,67.0,Cloudy,"6 mph, Out To RF",Oracle Park
823029,86.0,Cloudy,"8 mph, Out To CF",Busch Stadium
822951,72.0,Dome,"0 mph, None",Tropicana Field
822876,74.0,Roof Closed,"0 mph, None",Globe Life Field
822708,83.0,Partly Cloudy,"7 mph, In From RF",Nationals Park
824813,81.0,Cloudy,"8 mph, Out To LF",Oriole Park at Camden Yards
824576,79.0,Partly Cloudy,"6 mph, In From LF",Rate Field
824492,78.0,Cloudy,"5 mph, L To R",Great American Ball Park
824249,83.0,Partly Cloudy,"11 mph, In From CF",Comerica Park
823926,81.0,Cloudy,"4 mph, In From CF",UNIQLO Field at Dodger Stadium
823844,72.0,Roof Closed,"0 mph, None",loanDepot park
823682,86.0,Partly Cloudy,"7 mph, Out To LF",Target Field
823603,82.0,Cloudy,"7 mph, In From RF",Citi Field
823357,73.0,Overcast,"1 mph, Out To CF",PNC Park
823356,82.0,Partly Cloudy,"5 mph, R To L",PNC Park
823276,71.0,Cloudy,"8 mph, L To R",Petco Park
823198,70.0,Partly Cloudy,"8 mph, Varies",Oracle Park
823030,79.0,Partly Cloudy,"11 mph, In From LF",Busch Stadium
822953,72.0,Dome,"0 mph, None",Tropicana Field
822875,74.0,Roof Closed,"0 mph, None",Globe Life Field
822711,86.0,Partly Cloudy,"3 mph, In From LF",Nationals Park
824817,84.0,Partly Cloudy,"5 mph, Out To RF",Oriole Park at Camden Yards
824575,77.0,Cloudy,"12 mph, Out To RF",Rate Field
824493,84.0,Partly Cloudy,"6 mph, Out To LF",Great American Ball Park
824252,82.0,Partly Cloudy,"5 mph, In From LF",Comerica Park
823927,77.0,Partly Cloudy,"8 mph, Out To CF",UNIQLO Field at Dodger Stadium
823845,72.0,Roof Closed,"0 mph, None",loanDepot park
823685,85.0,Partly Cloudy,"4 mph, R To L",Target Field
823604,82.0,Cloudy,"6 mph, Out To RF",Citi Field
823278,70.0,Partly Cloudy,"6 mph, L To R",Petco Park
823200,58.0,Clear,"13 mph, Varies",Oracle Park
823033,85.0,Cloudy,"1 mph, In From RF",Busch Stadium
822955,72.0,Dome,"0 mph, None",Tropicana Field
822878,74.0,Roof Closed,"0 mph, None",Globe Life Field
822709,79.0,Partly Cloudy,"5 mph, Out To CF",Nationals Park
824816,83.0,Partly Cloudy,"4 mph, In From CF",Oriole Park at Camden Yards
824577,80.0,Partly Cloudy,"8 mph, Out To LF",Rate Field
824494,86.0,Partly Cloudy,"6 mph, Out To LF",Great American Ball Park
824251,80.0,Partly Cloudy,"7 mph, Out To LF",Comerica Park
823846,72.0,Roof Closed,"0 mph, None",loanDepot park
823683,79.0,Sunny,"6 mph, In From LF",Target Field
823606,83.0,Cloudy,"11 mph, In From CF",Citi Field
823359,82.0,Partly Cloudy,"7 mph, Out To LF",PNC Park
823277,70.0,Clear,"6 mph, L To R",Petco Park
823201,59.0,Clear,"13 mph, Varies",Oracle Park
823034,82.0,Overcast,"9 mph, Out To RF",Busch Stadium
822954,72.0,Dome,"0 mph, None",Tropicana Field
822877,74.0,Roof Closed,"0 mph, None",Globe Life Field
824815,82.0,Partly Cloudy,"6 mph, Out To LF",Oriole Park at Camden Yards
824578,83.0,Clear,"8 mph, Out To LF",Rate Field
824496,84.0,Cloudy,"2 mph, In From RF",Great American Ball Park
824253,87.0,Partly Cloudy,"7 mph, In From CF",Comerica Park
823928,77.0,Clear,"7 mph, Out To RF",UNIQLO Field at Dodger Stadium
823848,72.0,Roof Closed,"0 mph, None",loanDepot park
823684,77.0,Partly Cloudy,"6 mph, Out To RF",Target Field
823605,79.0,Clear,"10 mph, Out To LF",Citi Field
823360,84.0,Partly Cloudy,"7 mph, Out To CF",PNC Park
823279,72.0,Clear,"8 mph, L To R",Petco Park
823202,62.0,Overcast,"11 mph, Out To CF",Oracle Park
823032,87.0,Partly Cloudy,"5 mph, Out To LF",Busch Stadium
822957,72.0,Dome,"0 mph, None",Tropicana Field
822880,74.0,Roof Closed,"0 mph, None",Globe Life Field
822710,84.0,Partly Cloudy,"5 mph, R To L",Nationals Park
824820,78.0,Cloudy,"4 mph, In From RF",Oriole Park at Camden Yards
824579,80.0,Clear,"8 mph, In From LF",Rate Field
824495,85.0,Partly Cloudy,"5 mph, Out To RF",Great American Ball Park
824254,85.0,Clear,"5 mph, In From LF",Comerica Park
823929,76.0,Clear,"4 mph, Varies",UNIQLO Field at Dodger Stadium
823847,72.0,Roof Closed,"0 mph, None",loanDepot park
823687,82.0,Cloudy,"5 mph, R To L",Target Field
823607,69.0,Cloudy,"3 mph, In From LF",Citi Field
823361,86.0,Partly Cloudy,"5 mph, Out To RF",PNC Park
823280,71.0,Clear,"9 mph, L To R",Petco Park
823203,59.0,Partly Cloudy,"17 mph, Out To CF",Oracle Park
823062,84.0,Cloudy,"8 mph, L To R",Busch Stadium
823035,84.0,Partly Cloudy,"7 mph, In From LF",Busch Stadium
822956,72.0,Dome,"0 mph, None",Tropicana Field
822881,74.0,Roof Closed,"0 mph, None",Globe Life Field
822713,82.0,Cloudy,"4 mph, In From RF",Nationals Park
824900,88.0,Partly Cloudy,"7 mph, R To L",Truist Park
824089,85.0,Sunny,"4 mph, L To R",Kauffman Stadium
823930,74.0,Clear,"4 mph, Out To CF",UNIQLO Field at Dodger Stadium
823282,72.0,Clear,"11 mph, L To R",Petco Park
823205,59.0,Partly Cloudy,"15 mph, Out To CF",Oracle Park
823036,83.0,Partly Cloudy,"9 mph, In From LF",Busch Stadium
822958,72.0,Dome,"0 mph, None",Tropicana Field
822712,80.0,Overcast,"2 mph, Out To LF",Nationals Park
825061,73.0,Roof Closed,"0 mph, None",Chase Field
824980,83.0,Partly Cloudy,"9 mph, Out To CF",Sutter Health Park
824902,89.0,Partly Cloudy,"5 mph, Out To LF",Truist Park
824656,70.0,Partly Cloudy,"8 mph, L To R",Wrigley Field
824497,83.0,Partly Cloudy,"5 mph, Out To LF",Great American Ball Park
824413,80.0,Partly Cloudy,"8 mph, R To L",Progressive Field
824333,94.0,Sunny,"3 mph, R To L",Coors Field
824172,73.0,Roof Closed,"0 mph, None",Daikin Park
824091,87.0,Partly Cloudy,"7 mph, R To L",Kauffman Stadium
824010,79.0,Clear,"8 mph, Out To RF",Angel Stadium
823931,81.0,Sunny,"3 mph, L To R",UNIQLO Field at Dodger Stadium
823525,77.0,Overcast,"6 mph, In From LF",Yankee Stadium
823117,70.0,Sunny,"9 mph, L To R",T-Mobile Park
822879,74.0,Roof Closed,"0 mph, None",Globe Life Field
822715,92.0,Partly Cloudy,"2 mph, Out To LF",Nationals Park
825063,73.0,Roof Closed,"0 mph, None",Chase Field
824983,89.0,Clear,"8 mph, Out To RF",Sutter Health Park
824903,86.0,Partly Cloudy,"3 mph, L To R",Truist Park
824658,70.0,Cloudy,"6 mph, In From CF",Wrigley Field
824499,89.0,Partly Cloudy,"5 mph, R To L",Great American Ball Park
824415,82.0,Clear,"5 mph, In From CF",Progressive Field
824334,83.0,Partly Cloudy,"4 mph, Out To LF",Coors Field
824171,73.0,Roof Closed,"0 mph, None",Daikin Park
824092,82.0,Partly Cloudy,"4 mph, L To R",Kauffman Stadium
824012,78.0,Partly Cloudy,"8 mph, Out To CF",Angel Stadium
823932,77.0,Partly Cloudy,"2 mph, L To R",UNIQLO Field at Dodger Stadium
823526,95.0,Sunny,"10 mph, Out To RF",Yankee Stadium
823118,66.0,Partly Cloudy,"7 mph, Out To LF",T-Mobile Park
822882,74.0,Roof Closed,"0 mph, None",Globe Life Field
822716,93.0,Sunny,"5 mph, In From LF",Nationals Park
825062,75.0,Roof Closed,"0 mph, None",Chase Field
824982,89.0,Clear,"10 mph, Out To LF",Sutter Health Park
824904,79.0,Overcast,"3 mph, L To R",Truist Park
824659,77.0,Cloudy,"7 mph, Out To LF",Wrigley Field
824498,93.0,Clear,"2 mph, Out To LF",Great American Ball Park
824417,89.0,Partly Cloudy,"7 mph, L To R",Progressive Field
824336,88.0,Cloudy,"5 mph, R To L",Coors Field
824173,73.0,Roof Closed,"0 mph, None",Daikin Park
824013,77.0,Partly Cloudy,"8 mph, Out To CF",Angel Stadium
823933,73.0,Partly Cloudy,"4 mph, Out To CF",UNIQLO Field at Dodger Stadium
823527,92.0,Partly Cloudy,"11 mph, Out To CF",Yankee Stadium
823120,70.0,Partly Cloudy,"7 mph, L To R",T-Mobile Park
822714,100.0,Clear,"5 mph, In From LF",Nationals Park
824906,93.0,Partly Cloudy,"6 mph, L To R",Truist Park
824416,91.0,Clear,"8 mph, L To R",Progressive Field
824335,86.0,Partly Cloudy,"4 mph, Out To LF",Coors Field
824093,92.0,Partly Cloudy,"10 mph, R To L",Kauffman Stadium
823935,71.0,Clear,"8 mph, Out To RF",UNIQLO Field at Dodger Stadium
823765,88.0,Sunny,"9 mph, In From RF",American Family Field
823442,98.0,Partly Cloudy,"8 mph, Out To RF",Citizens Bank Park
823119,64.0,Cloudy,"8 mph, Out To LF",T-Mobile Park
822884,74.0,Roof Closed,"0 mph, None",Globe Life Field
825064,74.0,Roof Closed,"0 mph, None",Chase Field
824985,83.0,Partly Cloudy,"8 mph, Out To CF",Sutter Health Park
824905,89.0,Cloudy,"5 mph, In From LF",Truist Park
824818,91.0,Partly Cloudy,"5 mph, Out To LF",Oriole Park at Camden Yards
824740,95.0,Partly Cloudy,"2 mph, Out To RF",Fenway Park
824660,92.0,Sunny,"12 mph, Out To CF",Wrigley Field
824419,90.0,Sunny,"8 mph, In From LF",Progressive Field
824337,86.0,Partly Cloudy,"13 mph, In From RF",Coors Field
824174,73.0,Roof Closed,"0 mph, None",Daikin Park
824094,92.0,Partly Cloudy,"9 mph, R To L",Kauffman Stadium
823767,91.0,Partly Cloudy,"14 mph, R To L",American Family Field
823530,95.0,Sunny,"2 mph, Out To LF",Yankee Stadium
823446,96.0,Partly Cloudy,"10 mph, Out To CF",Citizens Bank Park
822791,86.0,Partly Cloudy,"10 mph, Out To RF",Rogers Centre
825066,74.0,Roof Closed,"0 mph, None",Chase Field
824984,83.0,Clear,"10 mph, Out To CF",Sutter Health Park
824907,92.0,Partly Cloudy,"5 mph, L To R",Truist Park
824819,86.0,Partly Cloudy,"13 mph, Out To LF",Oriole Park at Camden Yards
824742,78.0,Overcast,"6 mph, Out To LF",Fenway Park
824661,92.0,Clear,"19 mph, Out To CF",Wrigley Field
824418,90.0,Partly Cloudy,"10 mph, Out To RF",Progressive Field
824338,83.0,Cloudy,"6 mph, In From CF",Coors Field
824175,73.0,Roof Closed,"0 mph, None",Daikin Park
824096,93.0,Clear,"12 mph, R To L",Kauffman Stadium
823768,92.0,Partly Cloudy,"14 mph, R To L",American Family Field
823528,86.0,Partly Cloudy,"9 mph, R To L",Yankee Stadium
823445,91.0,Partly Cloudy,"15 mph, Out To CF",Citizens Bank Park
823122,63.0,Cloudy,"8 mph, Out To LF",T-Mobile Park
822793,77.0,Clear,"15 mph, Out To CF",Rogers Centre
825065,76.0,Roof Closed,"0 mph, None",Chase Field
824986,87.0,Partly Cloudy,"5 mph, Out To RF",Sutter Health Park
824822,86.0,Clear,"6 mph, R To L",Oriole Park at Camden Yards
824741,79.0,Clear,"5 mph, R To L",Fenway Park
824662,91.0,Partly Cloudy,"15 mph, Out To CF",Wrigley Field
824420,88.0,Partly Cloudy,"3 mph, In From RF",Progressive Field
824339,88.0,Partly Cloudy,"6 mph, R To L",Coors Field
824176,73.0,Roof Closed,"0 mph, None",Daikin Park
823771,91.0,Clear,"14 mph, In From RF",American Family Field
823529,83.0,Clear,"12 mph, R To L",Yankee Stadium
823444,84.0,Cloudy,"4 mph, Out To CF",Citizens Bank Park
823121,64.0,Cloudy,"6 mph, Out To CF",T-Mobile Park
822792,73.0,Clear,"11 mph, R To L",Rogers Centre
824821,76.0,Partly Cloudy,"5 mph, In From RF",Oriole Park at Camden Yards
824744,72.0,Clear,"5 mph, In From RF",Fenway Park
824580,79.0,Partly Cloudy,"7 mph, In From LF",Rate Field
824422,79.0,Partly Cloudy,"6 mph, Varies",Progressive Field
824256,82.0,Sunny,"8 mph, In From LF",Comerica Park
824011,72.0,Partly Cloudy,"10 mph, Out To CF",Angel Stadium
823769,76.0,Overcast,"10 mph, In From LF",American Family Field
823686,74.0,Overcast,"17 mph, In From RF",Target Field
823608,82.0,Partly Cloudy,"4 mph, In From RF",Citi Field
823362,77.0,Partly Cloudy,"3 mph, In From CF",PNC Park
823281,70.0,Partly Cloudy,"10 mph, L To R",Petco Park
823204,69.0,Sunny,"10 mph, Varies",Oracle Park
823037,92.0,Sunny,"7 mph, Out To LF",Busch Stadium
822959,72.0,Dome,"0 mph, None",Tropicana Field
822795,74.0,Sunny,"7 mph, L To R",Rogers Centre
824825,75.0,Overcast,"5 mph, In From RF",Oriole Park at Camden Yards
824745,75.0,Sunny,"9 mph, In From RF",Fenway Park
824581,74.0,Sunny,"12 mph, L To R",Rate Field
824421,75.0,Cloudy,"7 mph, In From RF",Progressive Field
824257,77.0,Partly Cloudy,"7 mph, In From LF",Comerica Park
824015,73.0,Clear,"10 mph, Varies",Angel Stadium
823770,72.0,Clear,"7 mph, L To R",American Family Field
823689,83.0,Partly Cloudy,"12 mph, In From LF",Target Field
823609,73.0,Drizzle,"4 mph, In From LF",Citi Field
823364,73.0,Overcast,"5 mph, In From RF",PNC Park
823283,69.0,Partly Cloudy,"9 mph, L To R",Petco Park
823207,63.0,Clear,"19 mph, Out To CF",Oracle Park
823038,83.0,Cloudy,"7 mph, R To L",Busch Stadium
822960,72.0,Dome,"0 mph, None",Tropicana Field
822794,73.0,Sunny,"7 mph, R To L",Rogers Centre
824824,83.0,Cloudy,"5 mph, In From LF",Oriole Park at Camden Yards
824743,78.0,Partly Cloudy,"5 mph, Out To LF",Fenway Park
824582,66.0,Cloudy,"8 mph, L To R",Rate Field
824423,70.0,Partly Cloudy,"3 mph, In From CF",Progressive Field
824255,73.0,Partly Cloudy,"5 mph, In From LF",Comerica Park
824014,72.0,Clear,"4 mph, R To L",Angel Stadium
823773,71.0,Roof Closed,"6 mph, Calm",American Family Field
823688,78.0,Partly Cloudy,"7 mph, R To L",Target Field
823610,81.0,Partly Cloudy,"7 mph, Out To RF",Citi Field
823363,73.0,Partly Cloudy,"6 mph, Out To LF",PNC Park
823285,70.0,Partly Cloudy,"9 mph, L To R",Petco Park
823206,62.0,Overcast,"15 mph, Out To CF",Oracle Park
823039,77.0,Overcast,"6 mph, Out To LF",Busch Stadium
822962,72.0,Dome,"0 mph, None",Tropicana Field
822796,68.0,Partly Cloudy,"5 mph, Out To RF",Rogers Centre
824747,85.0,Partly Cloudy,"3 mph, Out To LF",Fenway Park
824258,77.0,Partly Cloudy,"9 mph, Out To LF",Comerica Park
823612,76.0,Partly Cloudy,"12 mph, Out To LF",Citi Field
823366,75.0,Overcast,"11 mph, Out To LF",PNC Park
823209,64.0,Partly Cloudy,"12 mph, Varies",Oracle Park
822961,72.0,Dome,"0 mph, None",Tropicana Field
822797,62.0,Cloudy,"11 mph, L To R",Rogers Centre
822717,86.0,Partly Cloudy,"6 mph, Out To CF",Nationals Park
824583,65.0,Overcast,"5 mph, In From CF",Rate Field
824500,79.0,Partly Cloudy,"3 mph, Out To LF",Great American Ball Park
824341,76.0,Sunny,"12 mph, In From CF",Coors Field
824259,74.0,Partly Cloudy,"6 mph, In From LF",Comerica Park
824018,81.0,Sunny,"9 mph, Out To CF",Angel Stadium
823850,72.0,Roof Closed,"0 mph, None",loanDepot park
823691,74.0,Partly Cloudy,"11 mph, Out To RF",Target Field
823613,81.0,Sunny,"9 mph, L To R",Citi Field
823611,81.0,Clear,"6 mph, L To R",Citi Field
823367,78.0,Clear,"7 mph, Out To LF",PNC Park
823284,71.0,Partly Cloudy,"10 mph, L To R",Petco Park
823208,59.0,Cloudy,"12 mph, Varies",Oracle Park
823041,80.0,Cloudy,"6 mph, Out To CF",Busch Stadium
822965,72.0,Dome,"0 mph, None",Tropicana Field
822798,60.0,Cloudy,"6 mph, Out To RF",Rogers Centre
822719,83.0,Clear,"4 mph, In From LF",Nationals Park
824584,72.0,Clear,"6 mph, In From LF",Rate Field
824501,77.0,Partly Cloudy,"6 mph, Out To RF",Great American Ball Park
824340,81.0,Partly Cloudy,"9 mph, In From CF",Coors Field
824262,74.0,Partly Cloudy,"10 mph, L To R",Comerica Park
824017,73.0,Partly Cloudy,"8 mph, Out To CF",Angel Stadium
823849,72.0,Roof Closed,"0 mph, None",loanDepot park
823690,68.0,Overcast,"6 mph, In From CF",Target Field
823614,68.0,Cloudy,"4 mph, In From LF",Citi Field
823365,73.0,Clear,"11 mph, Calm",PNC Park
823286,70.0,Partly Cloudy,"7 mph, L To R",Petco Park
823210,60.0,Clear,"9 mph, Out To CF",Oracle Park
823043,79.0,Partly Cloudy,"6 mph, In From LF",Busch Stadium
822963,72.0,Dome,"0 mph, None",Tropicana Field
822799,76.0,Partly Cloudy,"14 mph, R To L",Rogers Centre
822718,74.0,Partly Cloudy,"10 mph, L To R",Nationals Park
824585,68.0,Clear,"15 mph, Out To RF",Rate Field
824502,70.0,Partly Cloudy,"11 mph, Out To RF",Great American Ball Park
824344,89.0,Partly Cloudy,"3 mph, Out To CF",Coors Field
824261,75.0,Partly Cloudy,"13 mph, In From CF",Comerica Park
824016,74.0,Clear,"10 mph, Out To CF",Angel Stadium
823851,72.0,Roof Closed,"0 mph, None",loanDepot park
823692,77.0,Partly Cloudy,"4 mph, In From LF",Target Field
823288,69.0,Clear,"8 mph, L To R",Petco Park
823040,71.0,Cloudy,"6 mph, In From LF",Busch Stadium
822964,72.0,Dome,"0 mph, None",Tropicana Field
822800,61.0,Partly Cloudy,"10 mph, R To L",Rogers Centre
822720,73.0,Cloudy,"2 mph, Out To RF",Nationals Park
825067,74.0,Roof Closed,"0 mph, None",Chase Field
824987,83.0,Sunny,"4 mph, Out To RF",Sutter Health Park
824908,77.0,Partly Cloudy,"8 mph, R To L",Truist Park
824343,88.0,Partly Cloudy,"17 mph, In From LF",Coors Field
824260,74.0,Cloudy,"4 mph, In From LF",Comerica Park
824177,73.0,Roof Closed,"0 mph, None",Daikin Park
824095,77.0,Partly Cloudy,"12 mph, L To R",Kauffman Stadium
823934,74.0,Sunny,"6 mph, Out To CF",UNIQLO Field at Dodger Stadium
823852,72.0,Roof Closed,"0 mph, None",loanDepot park
823531,79.0,Partly Cloudy,"6 mph, In From LF",Yankee Stadium
823449,83.0,Partly Cloudy,"10 mph, Out To RF",Citizens Bank Park
823123,70.0,Sunny,"5 mph, Out To RF",T-Mobile Park
822968,72.0,Dome,"0 mph, None",Tropicana Field
822883,74.0,Roof Closed,"0 mph, None",Globe Life Field
825068,75.0,Roof Closed,"0 mph, None",Chase Field
824988,79.0,Clear,"7 mph, R To L",Sutter Health Park
824909,82.0,Cloudy,"5 mph, In From RF",Truist Park
824665,71.0,Partly Cloudy,"6 mph, In From RF",Wrigley Field
824342,85.0,Clear,"4 mph, In From CF",Coors Field
824263,74.0,Partly Cloudy,"13 mph, Out To LF",Comerica Park
824180,73.0,Roof Closed,"0 mph, None",Daikin Park
823937,67.0,Clear,"7 mph, L To R",UNIQLO Field at Dodger Stadium
823854,72.0,Roof Closed,"0 mph, None",loanDepot park
823532,79.0,Partly Cloudy,"16 mph, Out To RF",Yankee Stadium
823447,80.0,Partly Cloudy,"13 mph, Out To RF",Citizens Bank Park
823126,70.0,Clear,"8 mph, Out To CF",T-Mobile Park
822967,72.0,Dome,"0 mph, None",Tropicana Field
822885,74.0,Roof Closed,"0 mph, None",Globe Life Field
825069,77.0,Roof Closed,"0 mph, None",Chase Field
824990,77.0,Clear,"11 mph, Out To CF",Sutter Health Park
824910,83.0,Partly Cloudy,"9 mph, Out To CF",Truist Park
824663,71.0,Sunny,"6 mph, L To R",Wrigley Field
824345,81.0,Partly Cloudy,"8 mph, In From LF",Coors Field
824264,75.0,Clear,"10 mph, R To L",Comerica Park
824179,73.0,Roof Closed,"0 mph, None",Daikin Park
824097,80.0,Cloudy,"0 mph, Calm",Kauffman Stadium
823936,69.0,Clear,"5 mph, Out To CF",UNIQLO Field at Dodger Stadium
823853,72.0,Roof Closed,"0 mph, None",loanDepot park
823534,77.0,Partly Cloudy,"15 mph, Out To RF",Yankee Stadium
823124,80.0,Clear,"5 mph, L To R",T-Mobile Park
822966,72.0,Dome,"0 mph, None",Tropicana Field
822886,74.0,Roof Closed,"0 mph, None",Globe Life Field
824989,75.0,Clear,"15 mph, Out To CF",Sutter Health Park
824748,77.0,Overcast,"8 mph, Out To LF",Fenway Park
824098,76.0,Partly Cloudy,"7 mph, L To R",Kauffman Stadium
823772,70.0,Partly Cloudy,"11 mph, In From RF",American Family Field
823533,86.0,Partly Cloudy,"6 mph, Varies",Yankee Stadium
823448,89.0,Partly Cloudy,"21 mph, Out To RF",Citizens Bank Park
823125,72.0,Sunny,"11 mph, L To R",T-Mobile Park
822889,74.0,Roof Closed,"0 mph, None",Globe Life Field
825072,77.0,Roof Closed,"0 mph, None",Chase Field
824992,82.0,Partly Cloudy,"6 mph, Out To CF",Sutter Health Park
824913,82.0,Partly Cloudy,"7 mph, Out To LF",Truist Park
824746,76.0,Clear,"12 mph, Out To CF",Fenway Park
824668,70.0,Overcast,"13 mph, Out To CF",Wrigley Field
824503,78.0,Partly Cloudy,"7 mph, R To L",Great American Ball Park
824178,73.0,Roof Closed,"0 mph, None",Daikin Park
823940,78.0,Sunny,"4 mph, Out To CF",UNIQLO Field at Dodger Stadium
823774,69.0,Roof Closed,"0 mph, None",American Family Field
823536,72.0,Partly Cloudy,"12 mph, R To L",Yankee Stadium
823450,81.0,Partly Cloudy,"10 mph, Out To CF",Citizens Bank Park
823127,73.0,Clear,"5 mph, L To R",T-Mobile Park
823044,85.0,Cloudy,"22 mph, R To L",Busch Stadium
822721,84.0,Partly Cloudy,"6 mph, Out To CF",Nationals Park
825070,77.0,Roof Closed,"0 mph, None",Chase Field
824991,85.0,Clear,"10 mph, Out To CF",Sutter Health Park
824912,69.0,Rain,"4 mph, L To R",Truist Park
824750,77.0,Partly Cloudy,"3 mph, Out To RF",Fenway Park
824667,71.0,Partly Cloudy,"15 mph, Out To RF",Wrigley Field
824504,74.0,Cloudy,"9 mph, R To L",Great American Ball Park
824182,73.0,Roof Closed,"0 mph, None",Daikin Park
823939,70.0,Partly Cloudy,"4 mph, L To R",UNIQLO Field at Dodger Stadium
823775,74.0,Roof Closed,"0 mph, None",American Family Field
823535,72.0,Clear,"8 mph, Out To LF",Yankee Stadium
823451,78.0,Clear,"8 mph, Out To CF",Citizens Bank Park
823128,71.0,Partly Cloudy,"11 mph, In From LF",T-Mobile Park
823045,77.0,Partly Cloudy,"10 mph, Out To RF",Busch Stadium
822888,74.0,Roof Closed,"0 mph, None",Globe Life Field
822723,78.0,Clear,"7 mph, Out To RF",Nationals Park
825071,78.0,Roof Closed,"0 mph, None",Chase Field
824993,86.0,Clear,"11 mph, Out To LF",Sutter Health Park
824666,76.0,Partly Cloudy,"10 mph, Out To RF",Wrigley Field
824505,74.0,Partly Cloudy,"3 mph, Out To LF",Great American Ball Park
824181,73.0,Roof Closed,"0 mph, None",Daikin Park
823938,71.0,Partly Cloudy,"9 mph, Out To RF",UNIQLO Field at Dodger Stadium
823452,75.0,Partly Cloudy,"14 mph, L To R",Citizens Bank Park
823046,76.0,Clear,"5 mph, L To R",Busch Stadium
822887,74.0,Roof Closed,"0 mph, None",Globe Life Field
822724,76.0,Partly Cloudy,"11 mph, In From LF",Nationals Park
824994,101.0,Sunny,"8 mph, Out To LF",Las Vegas Ballpark
824823,87.0,Partly Cloudy,"9 mph, Out To CF",Oriole Park at Camden Yards
824751,81.0,Overcast,"12 mph, Out To LF",Fenway Park
824586,69.0,Cloudy,"9 mph, Out To CF",Rate Field
824506,79.0,Cloudy,"11 mph, Out To LF",Great American Ball Park
824099,74.0,Sunny,"13 mph, L To R",Kauffman Stadium
824021,81.0,Sunny,"8 mph, R To L",Angel Stadium
823777,64.0,Overcast,"14 mph, In From RF",American Family Field
823693,67.0,Partly Cloudy,"16 mph, Out To RF",Target Field
823615,87.0,Partly Cloudy,"12 mph, Out To LF",Citi Field
823368,75.0,Overcast,"13 mph, Out To LF",PNC Park
823212,67.0,Sunny,"9 mph, Varies",Oracle Park
822801,68.0,Roof Closed,"0 mph, None",Rogers Centre
822722,90.0,Partly Cloudy,"10 mph, R To L",Nationals Park
824995,102.0,Clear,"7 mph, Out To RF",Las Vegas Ballpark
824828,86.0,Cloudy,"7 mph, L To R",Oriole Park at Camden Yards
824749,87.0,Partly Cloudy,"5 mph, L To R",Fenway Park
824587,86.0,Partly Cloudy,"14 mph, R To L",Rate Field
824508,85.0,Partly Cloudy,"4 mph, L To R",Great American Ball Park
824426,82.0,Partly Cloudy,"8 mph, L To R",Progressive Field
824100,84.0,Partly Cloudy,"5 mph, R To L",Kauffman Stadium
824019,76.0,Clear,"8 mph, Out To RF",Angel Stadium
823776,82.0,Partly Cloudy,"14 mph, R To L",American Family Field
823694,71.0,Sunny,"13 mph, Out To LF",Target Field
823616,88.0,Sunny,"8 mph, Out To RF",Citi Field
823369,86.0,Sunny,"9 mph, L To R",PNC Park
823213,62.0,Clear,"10 mph, Out To CF",Oracle Park
822802,71.0,Sunny,"11 mph, Out To CF",Rogers Centre
822725,88.0,Partly Cloudy,"7 mph, Out To RF",Nationals Park
824997,103.0,Clear,"5 mph, Out To RF",Las Vegas Ballpark
824826,89.0,Partly Cloudy,"9 mph, Out To RF",Oriole Park at Camden Yards
824752,82.0,Partly Cloudy,"2 mph, L To R",Fenway Park
824588,79.0,Partly Cloudy,"14 mph, Out To LF",Rate Field
824507,80.0,Clear,"8 mph, Out To CF",Great American Ball Park
824425,76.0,Clear,"7 mph, L To R",Progressive Field
824102,83.0,Partly Cloudy,"6 mph, R To L",Kauffman Stadium
824020,80.0,Clear,"8 mph, R To L",Angel Stadium
823778,79.0,Partly Cloudy,"4 mph, In From RF",American Family Field
823695,79.0,Partly Cloudy,"12 mph, Out To CF",Target Field
823617,76.0,Partly Cloudy,"5 mph, Out To RF",Citi Field
823370,81.0,Partly Cloudy,"8 mph, Out To LF",PNC Park
823211,62.0,Clear,"14 mph, Out To CF",Oracle Park
822803,77.0,Clear,"10 mph, L To R",Rogers Centre
822726,81.0,Cloudy,"6 mph, Out To CF",Nationals Park
824827,94.0,Cloudy,"6 mph, Out To RF",Oriole Park at Camden Yards
824346,73.0,Sunny,"15 mph, In From CF",Coors Field
824265,82.0,Partly Cloudy,"8 mph, L To R",Comerica Park
824101,84.0,Partly Cloudy,"10 mph, L To R",Kauffman Stadium
823855,72.0,Roof Closed,"0 mph, None",loanDepot park
823619,91.0,Partly Cloudy,"8 mph, Out To RF",Citi Field
823371,72.0,Overcast,"11 mph, Out To LF",PNC Park
824996,102.0,Clear,"6 mph, Out To RF",Las Vegas Ballpark
824831,76.0,Cloudy,"11 mph, Out To CF",Oriole Park at Camden Yards
824590,71.0,Cloudy,"11 mph, In From RF",Rate Field
824428,81.0,Partly Cloudy,"9 mph, L To R",Progressive Field
824348,88.0,Partly Cloudy,"6 mph, R To L",Coors Field
824266,87.0,Partly Cloudy,"13 mph, R To L",Comerica Park
824103,88.0,Partly Cloudy,"12 mph, Out To LF",Kauffman Stadium
824022,75.0,Clear,"9 mph, Out To LF",Angel Stadium
823856,72.0,Roof Closed,"0 mph, None",loanDepot park
823618,79.0,Cloudy,"9 mph, Out To LF",Citi Field
823372,87.0,Partly Cloudy,"11 mph, Out To LF",PNC Park
823287,74.0,Sunny,"9 mph, L To R",Petco Park
823215,72.0,Sunny,"11 mph, Out To CF",Oracle Park
822970,72.0,Dome,"0 mph, None",Tropicana Field
822804,81.0,Partly Cloudy,"9 mph, R To L",Rogers Centre
824999,94.0,Clear,"8 mph, Out To RF",Las Vegas Ballpark
824830,78.0,Partly Cloudy,"15 mph, Out To LF",Oriole Park at Camden Yards
824591,88.0,Partly Cloudy,"5 mph, Out To RF",Rate Field
824429,86.0,Cloudy,"10 mph, Out To CF",Progressive Field
824347,84.0,Partly Cloudy,"8 mph, In From LF",Coors Field
824267,78.0,Partly Cloudy,"12 mph, In From RF",Comerica Park
824105,91.0,Partly Cloudy,"9 mph, L To R",Kauffman Stadium
824023,74.0,Clear,"5 mph, R To L",Angel Stadium
823858,72.0,Roof Closed,"0 mph, None",loanDepot park
823620,72.0,Clear,"10 mph, Out To LF",Citi Field
823374,81.0,Partly Cloudy,"8 mph, R To L",PNC Park
823290,70.0,Clear,"7 mph, Varies",Petco Park
823214,64.0,Clear,"14 mph, Out To CF",Oracle Park
822969,72.0,Dome,"0 mph, None",Tropicana Field
822805,68.0,Roof Closed,"0 mph, None",Rogers Centre
824998,87.0,Partly Cloudy,"9 mph, R To L",Las Vegas Ballpark
824829,74.0,Partly Cloudy,"6 mph, In From RF",Oriole Park at Camden Yards
824427,81.0,Partly Cloudy,"10 mph, Varies",Progressive Field
824025,72.0,Partly Cloudy,"9 mph, Out To LF",Angel Stadium
823289,68.0,Partly Cloudy,"7 mph, L To R",Petco Park
823218,59.0,Partly Cloudy,"13 mph, Out To CF",Oracle Park
822972,72.0,Dome,"0 mph, None",Tropicana Field
822806,68.0,Clear,"12 mph, R To L",Rogers Centre
825074,74.0,Roof Closed,"0 mph, None",Chase Field
824916,78.0,Cloudy,"4 mph, Calm",Truist Park
824670,70.0,Partly Cloudy,"5 mph, In From CF",Wrigley Field
824349,91.0,Sunny,"9 mph, In From CF",Coors Field
824268,80.0,Sunny,"7 mph, L To R",Comerica Park
824183,73.0,Roof Closed,"0 mph, None",Daikin Park
823941,75.0,Sunny,"7 mph, Out To CF",UNIQLO Field at Dodger Stadium
823857,72.0,Roof Closed,"0 mph, None",loanDepot park
823696,85.0,Cloudy,"12 mph, In From LF",Target Field
823537,81.0,Partly Cloudy,"14 mph, Out To RF",Yankee Stadium
823453,85.0,Partly Cloudy,"15 mph, Out To RF",Citizens Bank Park
823291,70.0,Partly Cloudy,"9 mph, L To R",Petco Park
823047,85.0,Partly Cloudy,"12 mph, R To L",Busch Stadium
822890,74.0,Roof Closed,"0 mph, None",Globe Life Field
822807,72.0,Cloudy,"7 mph, In From LF",Rogers Centre
825075,75.0,Roof Closed,"0 mph, None",Chase Field
824915,84.0,Cloudy,"4 mph, In From RF",Truist Park
824669,76.0,Partly Cloudy,"7 mph, In From RF",Wrigley Field
824351,87.0,Partly Cloudy,"10 mph, Out To CF",Coors Field
824269,81.0,Partly Cloudy,"15 mph, Out To LF",Comerica Park
824184,73.0,Roof Closed,"0 mph, None",Daikin Park
823942,70.0,Clear,"4 mph, Out To RF",UNIQLO Field at Dodger Stadium
823859,72.0,Roof Closed,"0 mph, None",loanDepot park
823697,82.0,Sunny,"3 mph, L To R",Target Field
823454,91.0,Partly Cloudy,"16 mph, Out To RF",Citizens Bank Park
823292,68.0,Cloudy,"6 mph, L To R",Petco Park
823048,85.0,Partly Cloudy,"9 mph, R To L",Busch Stadium
822891,74.0,Roof Closed,"0 mph, None",Globe Life Field
822808,77.0,Sunny,"22 mph, L To R",Rogers Centre
825073,75.0,Roof Closed,"0 mph, None",Chase Field
824914,82.0,Partly Cloudy,"5 mph, R To L",Truist Park
824673,78.0,Overcast,"4 mph, Out To LF",Wrigley Field
824350,87.0,Partly Cloudy,"5 mph, R To L",Coors Field
824271,79.0,Partly Cloudy,"6 mph, R To L",Comerica Park
824186,73.0,Roof Closed,"0 mph, None",Daikin Park
823943,70.0,Clear,"7 mph, Out To RF",UNIQLO Field at Dodger Stadium
823860,72.0,Roof Closed,"0 mph, None",loanDepot park
823699,75.0,Partly Cloudy,"6 mph, Out To RF",Target Field
823538,85.0,Partly Cloudy,"9 mph, R To L",Yankee Stadium
823455,90.0,Clear,"10 mph, L To R",Citizens Bank Park
823293,67.0,Cloudy,"7 mph, L To R",Petco Park
823049,83.0,Partly Cloudy,"11 mph, Out To LF",Busch Stadium
822892,74.0,Roof Closed,"0 mph, None",Globe Life Field
822810,72.0,Cloudy,"11 mph, Out To RF",Rogers Centre
825076,74.0,Roof Closed,"0 mph, None",Chase Field
824919,80.0,Clear,"5 mph, In From LF",Truist Park
824753,87.0,Sunny,"10 mph, Out To LF",Fenway Park
824672,83.0,Partly Cloudy,"12 mph, Out To CF",Wrigley Field
824185,73.0,Roof Closed,"0 mph, None",Daikin Park
823779,83.0,Partly Cloudy,"15 mph, R To L",American Family Field
823698,83.0,Cloudy,"9 mph, Out To LF",Target Field
823542,87.0,Sunny,"3 mph, Out To LF",Yankee Stadium
823457,87.0,Sunny,"7 mph, L To R",Citizens Bank Park
825077,74.0,Roof Closed,"0 mph, None",Chase Field
824917,77.0,Clear,"3 mph, L To R",Truist Park
824755,80.0,Clear,"10 mph, Out To LF",Fenway Park
824671,71.0,Partly Cloudy,"9 mph, In From CF",Wrigley Field
824509,79.0,Clear,"3 mph, In From LF",Great American Ball Park
824188,73.0,Roof Closed,"0 mph, None",Daikin Park
824024,72.0,Clear,"7 mph, R To L",Angel Stadium
823780,77.0,Partly Cloudy,"6 mph, In From RF",American Family Field
823701,81.0,Partly Cloudy,"9 mph, Out To LF",Target Field
823540,76.0,Clear,"11 mph, Out To LF",Yankee Stadium
823456,83.0,Clear,"6 mph, L To R",Citizens Bank Park
823130,69.0,Partly Cloudy,"8 mph, Out To LF",T-Mobile Park
823051,79.0,Clear,"6 mph, In From RF",Busch Stadium
822973,72.0,Dome,"0 mph, None",Tropicana Field
822727,79.0,Sunny,"8 mph, In From CF",Nationals Park
825079,74.0,Roof Closed,"0 mph, None",Chase Field
824918,72.0,Partly Cloudy,"10 mph, L To R",Truist Park
824754,73.0,Partly Cloudy,"2 mph, L To R",Fenway Park
824675,65.0,Clear,"10 mph, In From LF",Wrigley Field
824511,74.0,Partly Cloudy,"9 mph, L To R",Great American Ball Park
824189,73.0,Roof Closed,"0 mph, None",Daikin Park
824026,76.0,Partly Cloudy,"9 mph, Out To CF",Angel Stadium
823782,68.0,Clear,"6 mph, L To R",American Family Field
823700,81.0,Partly Cloudy,"6 mph, R To L",Target Field
823541,75.0,Partly Cloudy,"10 mph, L To R",Yankee Stadium
823460,75.0,Partly Cloudy,"8 mph, In From CF",Citizens Bank Park
823129,81.0,Clear,"0 mph, Calm",T-Mobile Park
823052,77.0,Clear,"8 mph, In From RF",Busch Stadium
822971,72.0,Dome,"0 mph, None",Tropicana Field
822728,75.0,Partly Cloudy,"6 mph, In From LF",Nationals Park
825078,75.0,Roof Closed,"0 mph, None",Chase Field
824510,74.0,Partly Cloudy,"6 mph, L To R",Great American Ball Park
824027,70.0,Clear,"8 mph, Out To LF",Angel Stadium
823781,70.0,Clear,"5 mph, Out To CF",American Family Field
823702,78.0,Clear,"6 mph, In From CF",Target Field
823131,74.0,Partly Cloudy,"7 mph, L To R",T-Mobile Park
823050,81.0,Partly Cloudy,"4 mph, L To R",Busch Stadium
822974,72.0,Dome,"0 mph, None",Tropicana Field
822730,77.0,Partly Cloudy,"8 mph, In From RF",Nationals Park
825001,83.0,Sunny,"5 mph, L To R",Sutter Health Park
824832,69.0,Sunny,"6 mph, R To L",Oriole Park at Camden Yards
824592,66.0,Partly Cloudy,"7 mph, In From LF",Rate Field
824512,73.0,Partly Cloudy,"3 mph, In From LF",Great American Ball Park
824430,70.0,Sunny,"4 mph, R To L",Progressive Field
824354,76.0,Partly Cloudy,"6 mph, In From LF",Coors Field
824187,73.0,Roof Closed,"0 mph, None",Daikin Park
823944,82.0,Sunny,"6 mph, Out To RF",UNIQLO Field at Dodger Stadium
823621,75.0,Partly Cloudy,"9 mph, L To R",Citi Field
823373,68.0,Sunny,"3 mph, In From CF",PNC Park
823133,63.0,Sunny,"10 mph, In From LF",T-Mobile Park
823053,79.0,Cloudy,"5 mph, R To L",Busch Stadium
822976,72.0,Dome,"0 mph, None",Tropicana Field
822895,74.0,Roof Closed,"0 mph, None",Globe Life Field
822729,71.0,Sunny,"4 mph, L To R",Nationals Park
825000,80.0,Clear,"6 mph, Out To RF",Sutter Health Park
824833,67.0,Sunny,"14 mph, In From LF",Oriole Park at Camden Yards
824593,68.0,Partly Cloudy,"13 mph, L To R",Rate Field
824513,77.0,Partly Cloudy,"9 mph, In From RF",Great American Ball Park
824431,61.0,Sunny,"24 mph, In From RF",Progressive Field
824352,76.0,Partly Cloudy,"4 mph, Out To CF",Coors Field
824190,73.0,Roof Closed,"0 mph, None",Daikin Park
823945,68.0,Clear,"3 mph, L To R",UNIQLO Field at Dodger Stadium
823622,57.0,Cloudy,"14 mph, In From CF",Citi Field
823375,72.0,Sunny,"9 mph, L To R",PNC Park
823132,62.0,Clear,"6 mph, In From LF",T-Mobile Park
823054,78.0,Cloudy,"5 mph, Out To LF",Busch Stadium
822975,72.0,Dome,"0 mph, None",Tropicana Field
822893,74.0,Roof Closed,"0 mph, None",Globe Life Field
822731,71.0,Sunny,"10 mph, In From LF",Nationals Park
825002,72.0,Partly Cloudy,"3 mph, Out To CF",Sutter Health Park
824835,80.0,Clear,"6 mph, Out To RF",Oriole Park at Camden Yards
824594,75.0,Partly Cloudy,"8 mph, In From LF",Rate Field
824515,79.0,Partly Cloudy,"2 mph, In From LF",Great American Ball Park
824433,70.0,Clear,"2 mph, Varies",Progressive Field
824353,72.0,Partly Cloudy,"10 mph, In From LF",Coors Field
824191,73.0,Roof Closed,"0 mph, None",Daikin Park
823946,66.0,Clear,"8 mph, L To R",UNIQLO Field at Dodger Stadium
823623,74.0,Partly Cloudy,"7 mph, Out To CF",Citi Field
823377,79.0,Clear,"11 mph, Out To LF",PNC Park
823135,58.0,Roof Closed,"5 mph, In From LF",T-Mobile Park
823055,79.0,Cloudy,"7 mph, Out To LF",Busch Stadium
822978,72.0,Dome,"0 mph, None",Tropicana Field
822894,74.0,Roof Closed,"0 mph, None",Globe Life Field
822732,78.0,Clear,"11 mph, Out To RF",Nationals Park
824834,77.0,Partly Cloudy,"9 mph, In From LF",Oriole Park at Camden Yards
824757,68.0,Partly Cloudy,"4 mph, In From CF",Fenway Park
824595,66.0,Sunny,"14 mph, Out To RF",Rate Field
824272,70.0,Sunny,"7 mph, Out To RF",Comerica Park
823378,73.0,Clear,"10 mph, L To R",PNC Park
822896,74.0,Roof Closed,"0 mph, None",Globe Life Field
825003,67.0,Partly Cloudy,"5 mph, Out To LF",Sutter Health Park
824836,80.0,Partly Cloudy,"2 mph, Out To RF",Oriole Park at Camden Yards
824756,87.0,Clear,"8 mph, L To R",Fenway Park
824596,72.0,Clear,"8 mph, L To R",Rate Field
824432,70.0,Partly Cloudy,"5 mph, In From CF",Progressive Field
824270,76.0,Clear,"9 mph, L To R",Comerica Park
824104,84.0,Partly Cloudy,"4 mph, R To L",Kauffman Stadium
823947,61.0,Partly Cloudy,"8 mph, Out To CF",UNIQLO Field at Dodger Stadium
823783,74.0,Partly Cloudy,"7 mph, L To R",American Family Field
823626,81.0,Partly Cloudy,"9 mph, Out To RF",Citi Field
823376,77.0,Partly Cloudy,"6 mph, Out To CF",PNC Park
823295,67.0,Partly Cloudy,"10 mph, L To R",Petco Park
823217,63.0,Partly Cloudy,"7 mph, Varies",Oracle Park
822897,74.0,Roof Closed,"0 mph, None",Globe Life Field
822809,60.0,Sunny,"8 mph, Out To RF",Rogers Centre
825004,62.0,Cloudy,"8 mph, Out To LF",Sutter Health Park
824837,74.0,Partly Cloudy,"2 mph, Out To LF",Oriole Park at Camden Yards
824758,82.0,Partly Cloudy,"4 mph, Out To CF",Fenway Park
824597,77.0,Partly Cloudy,"7 mph, In From CF",Rate Field
824434,70.0,Cloudy,"4 mph, In From CF",Progressive Field
824275,79.0,Cloudy,"3 mph, In From RF",Comerica Park
824106,82.0,Partly Cloudy,"4 mph, R To L",Kauffman Stadium
823949,63.0,Cloudy,"8 mph, L To R",UNIQLO Field at Dodger Stadium
823785,81.0,Partly Cloudy,"7 mph, R To L",American Family Field
823624,72.0,Cloudy,"8 mph, Out To LF",Citi Field
823379,79.0,Cloudy,"6 mph, Out To LF",PNC Park
823294,64.0,Partly Cloudy,"9 mph, L To R",Petco Park
823216,59.0,Clear,"22 mph, Varies",Oracle Park
822898,74.0,Roof Closed,"0 mph, None",Globe Life Field
822811,60.0,Partly Cloudy,"8 mph, R To L",Rogers Centre
825005,68.0,Partly Cloudy,"18 mph, Varies",Sutter Health Park
824838,69.0,Rain,"2 mph, Out To LF",Oriole Park at Camden Yards
824598,80.0,Partly Cloudy,"2 mph, Out To LF",Rate Field
824437,64.0,Clear,"5 mph, In From CF",Progressive Field
824107,83.0,Sunny,"4 mph, R To L",Kauffman Stadium
823948,69.0,Clear,"3 mph, Out To RF",UNIQLO Field at Dodger Stadium
823784,80.0,Partly Cloudy,"8 mph, In From RF",American Family Field
823625,71.0,Partly Cloudy,"4 mph, Out To CF",Citi Field
823380,73.0,Cloudy,"5 mph, Out To CF",PNC Park
823296,67.0,Partly Cloudy,"14 mph, L To R",Petco Park
823219,60.0,Partly Cloudy,"12 mph, Out To LF",Oracle Park
822899,74.0,Roof Closed,"0 mph, None",Globe Life Field
822812,62.0,Clear,"5 mph, Out To RF",Rogers Centre
825081,73.0,Roof Closed,"0 mph, None",Chase Field
824921,79.0,Cloudy,"7 mph, L To R",Truist Park
824840,62.0,Partly Cloudy,"5 mph, In From RF",Oriole Park at Camden Yards
824839,58.0,Overcast,"3 mph, In From CF",Oriole Park at Camden Yards
824759,57.0,Overcast,"7 mph, In From RF",Fenway Park
824676,64.0,Partly Cloudy,"3 mph, In From LF",Wrigley Field
824108,78.0,Sunny,"4 mph, In From RF",Kauffman Stadium
824028,73.0,Sunny,"6 mph, Out To CF",Angel Stadium
823861,72.0,Roof Closed,"0 mph, None",loanDepot park
823786,73.0,Sunny,"5 mph, In From CF",American Family Field
823544,57.0,Rain,"8 mph, R To L",Yankee Stadium
823459,62.0,Overcast,"9 mph, In From RF",Citizens Bank Park
823297,66.0,Partly Cloudy,"9 mph, L To R",Petco Park
823220,60.0,Partly Cloudy,"11 mph, Out To CF",Oracle Park
822813,68.0,Roof Closed,"0 mph, None",Rogers Centre
825080,94.0,Clear,"1 mph, Varies",Chase Field
824920,78.0,Cloudy,"3 mph, Out To RF",Truist Park
824760,61.0,Cloudy,"8 mph, In From RF",Fenway Park
824674,60.0,Partly Cloudy,"7 mph, In From CF",Wrigley Field
824518,71.0,Cloudy,"10 mph, R To L",Great American Ball Park
824516,74.0,Partly Cloudy,"5 mph, Out To LF",Great American Ball Park
824109,77.0,Partly Cloudy,"8 mph, L To R",Kauffman Stadium
824030,68.0,Clear,"7 mph, R To L",Angel Stadium
823862,72.0,Roof Closed,"0 mph, None",loanDepot park
823787,65.0,Roof Closed,"0 mph, None",American Family Field
823458,53.0,Cloudy,"13 mph, In From RF",Citizens Bank Park
823300,66.0,Partly Cloudy,"8 mph, L To R",Petco Park
823222,61.0,Sunny,"10 mph, Out To RF",Oracle Park
822814,68.0,Roof Closed,"0 mph, None",Rogers Centre
825082,95.0,Clear,"1 mph, Varies",Chase Field
824922,73.0,Cloudy,"7 mph, In From CF",Truist Park
824842,55.0,Drizzle,"6 mph, In From RF",Oriole Park at Camden Yards
824761,64.0,Cloudy,"3 mph, R To L",Fenway Park
824679,60.0,Sunny,"12 mph, In From CF",Wrigley Field
824110,70.0,Cloudy,"5 mph, In From RF",Kauffman Stadium
824029,69.0,Partly Cloudy,"9 mph, Out To CF",Angel Stadium
823863,72.0,Roof Closed,"0 mph, None",loanDepot park
823788,57.0,Roof Closed,"0 mph, None",American Family Field
823546,66.0,Partly Cloudy,"10 mph, Out To LF",Yankee Stadium
823461,58.0,Rain,"9 mph, R To L",Citizens Bank Park
823298,66.0,Clear,"7 mph, L To R",Petco Park
823223,59.0,Partly Cloudy,"12 mph, Out To CF",Oracle Park
822816,68.0,Roof Closed,"0 mph, None",Rogers Centre
825083,94.0,Clear,"3 mph, R To L",Chase Field
824274,60.0,Sunny,"9 mph, In From LF",Comerica Park
824031,71.0,Clear,"9 mph, L To R",Angel Stadium
823864,72.0,Roof Closed,"0 mph, None",loanDepot park
823545,64.0,Cloudy,"2 mph, Calm",Yankee Stadium
823056,67.0,Partly Cloudy,"8 mph, L To R",Busch Stadium
822733,61.0,Cloudy,"10 mph, In From CF",Nationals Park
825084,78.0,Roof Closed,"0 mph, None",Chase Field
824678,56.0,Clear,"15 mph, In From RF",Wrigley Field
824355,55.0,Overcast,"9 mph, In From LF",Coors Field
824273,56.0,Partly Cloudy,"8 mph, In From LF",Comerica Park
824111,65.0,Partly Cloudy,"4 mph, In From RF",Kauffman Stadium
824032,83.0,Clear,"9 mph, Out To RF",Angel Stadium
823866,72.0,Roof Closed,"0 mph, None",loanDepot park
823703,57.0,Partly Cloudy,"4 mph, L To R",Target Field
823547,72.0,Drizzle,"7 mph, Out To RF",Yankee Stadium
823462,92.0,Sunny,"11 mph, Out To RF",Citizens Bank Park
823299,74.0,Clear,"8 mph, L To R",Petco Park
823134,61.0,Partly Cloudy,"10 mph, In From LF",T-Mobile Park
823057,66.0,Cloudy,"9 mph, In From LF",Busch Stadium
822977,72.0,Dome,"0 mph, None",Tropicana Field
822735,79.0,Cloudy,"3 mph, Out To LF",Nationals Park
825086,88.0,Overcast,"8 mph, Out To RF",Chase Field
824677,72.0,Cloudy,"15 mph, Out To RF",Wrigley Field
824356,51.0,Cloudy,"6 mph, R To L",Coors Field
824276,76.0,Partly Cloudy,"8 mph, Out To LF",Comerica Park
824112,58.0,Overcast,"6 mph, L To R",Kauffman Stadium
824033,80.0,Clear,"7 mph, R To L",Angel Stadium
823865,72.0,Roof Closed,"0 mph, None",loanDepot park
823704,55.0,Overcast,"10 mph, Out To RF",Target Field
823548,90.0,Partly Cloudy,"16 mph, Out To CF",Yankee Stadium
823464,95.0,Partly Cloudy,"15 mph, Out To RF",Citizens Bank Park
823302,71.0,Partly Cloudy,"8 mph, L To R",Petco Park
823136,63.0,Cloudy,"5 mph, L To R",T-Mobile Park
823059,73.0,Cloudy,"8 mph, L To R",Busch Stadium
822979,72.0,Dome,"0 mph, None",Tropicana Field
822736,81.0,Partly Cloudy,"9 mph, Out To CF",Nationals Park
825087,85.0,Clear,"5 mph, Varies",Chase Field
824680,77.0,Partly Cloudy,"15 mph, Out To CF",Wrigley Field
824357,44.0,Overcast,"7 mph, In From LF",Coors Field
824277,75.0,Partly Cloudy,"12 mph, Out To LF",Comerica Park
824114,82.0,Partly Cloudy,"10 mph, R To L",Kauffman Stadium
824035,71.0,Clear,"8 mph, Out To CF",Angel Stadium
823867,72.0,Dome,"0 mph, None",loanDepot park
823705,61.0,Overcast,"2 mph, Calm",Target Field
823549,80.0,Clear,"10 mph, In From RF",Yankee Stadium
823465,93.0,Clear,"13 mph, Out To CF",Citizens Bank Park
823301,66.0,Partly Cloudy,"8 mph, L To R",Petco Park
823137,64.0,Partly Cloudy,"4 mph, In From LF",T-Mobile Park
822980,72.0,Dome,"0 mph, None",Tropicana Field
822734,94.0,Clear,"8 mph, Out To CF",Nationals Park
825006,74.0,Sunny,"26 mph, Out To RF",Sutter Health Park
824923,85.0,Partly Cloudy,"8 mph, L To R",Truist Park
824599,75.0,Partly Cloudy,"2 mph, Out To RF",Rate Field
824436,79.0,Partly Cloudy,"7 mph, Out To RF",Progressive Field
824358,56.0,Partly Cloudy,"14 mph, In From CF",Coors Field
824279,83.0,Sunny,"8 mph, In From RF",Comerica Park
824192,73.0,Roof Closed,"0 mph, None",Daikin Park
824034,70.0,Partly Cloudy,"8 mph, R To L",Angel Stadium
823708,62.0,Cloudy,"13 mph, In From CF",Target Field
823628,85.0,Sunny,"2 mph, Out To CF",Citi Field
823381,81.0,Partly Cloudy,"10 mph, Out To LF",PNC Park
823138,61.0,Partly Cloudy,"5 mph, In From LF",T-Mobile Park
823058,82.0,Partly Cloudy,"17 mph, Out To LF",Busch Stadium
822982,72.0,Dome,"0 mph, None",Tropicana Field
822738,81.0,Partly Cloudy,"5 mph, L To R",Nationals Park
825007,79.0,Clear,"10 mph, Out To RF",Sutter Health Park
824924,82.0,Cloudy,"3 mph, Calm",Truist Park
824600,81.0,Cloudy,"10 mph, R To L",Rate Field
824435,72.0,Partly Cloudy,"11 mph, Out To RF",Progressive Field
824359,76.0,Cloudy,"9 mph, In From LF",Coors Field
824278,63.0,Cloudy,"10 mph, R To L",Comerica Park
824193,73.0,Roof Closed,"0 mph, None",Daikin Park
824038,68.0,Partly Cloudy,"8 mph, Out To RF",Angel Stadium
823706,81.0,Clear,"9 mph, Out To RF",Target Field
823627,75.0,Clear,"10 mph, Out To CF",Citi Field
823382,66.0,Overcast,"12 mph, R To L",PNC Park
823139,57.0,Roof Closed,"0 mph, Calm",T-Mobile Park
823060,78.0,Overcast,"8 mph, R To L",Busch Stadium
822981,72.0,Dome,"0 mph, None",Tropicana Field
822737,83.0,Sunny,"7 mph, Out To RF",Nationals Park
825009,84.0,Clear,"7 mph, L To R",Sutter Health Park
824925,77.0,Clear,"5 mph, In From RF",Truist Park
824601,74.0,Clear,"14 mph, R To L",Rate Field
824439,64.0,Partly Cloudy,"4 mph, In From CF",Progressive Field
824360,80.0,Cloudy,"4 mph, In From CF",Coors Field
824280,68.0,Partly Cloudy,"9 mph, In From RF",Comerica Park
824194,73.0,Roof Closed,"0 mph, None",Daikin Park
824037,68.0,Clear,"7 mph, R To L",Angel Stadium
823707,85.0,Partly Cloudy,"7 mph, Out To CF",Target Field
823629,66.0,Partly Cloudy,"8 mph, L To R",Citi Field
823384,66.0,Partly Cloudy,"6 mph, Out To CF",PNC Park
823140,53.0,Roof Closed,"12 mph, In From LF",T-Mobile Park
823061,79.0,Cloudy,"11 mph, R To L",Busch Stadium
822983,72.0,Dome,"0 mph, None",Tropicana Field
822739,71.0,Partly Cloudy,"4 mph, In From LF",Nationals Park
825008,79.0,Sunny,"9 mph, Out To RF",Sutter Health Park
824926,70.0,Clear,"11 mph, Out To LF",Truist Park
824762,54.0,Rain,"2 mph, Varies",Fenway Park
824602,62.0,Clear,"11 mph, In From CF",Rate Field
824517,58.0,Sunny,"9 mph, Out To RF",Great American Ball Park
824196,73.0,Roof Closed,"0 mph, None",Daikin Park
823950,66.0,Clear,"2 mph, Calm",UNIQLO Field at Dodger Stadium
823789,63.0,Sunny,"8 mph, In From LF",American Family Field
823709,75.0,Partly Cloudy,"9 mph, R To L",Target Field
823630,62.0,Cloudy,"2 mph, In From LF",Citi Field
823383,49.0,Partly Cloudy,"12 mph, Out To CF",PNC Park
825010,78.0,Clear,"3 mph, Out To RF",Sutter Health Park
824928,76.0,Clear,"7 mph, R To L",Truist Park
824841,71.0,Sunny,"14 mph, Out To LF",Oriole Park at Camden Yards
824763,62.0,Overcast,"6 mph, R To L",Fenway Park
824603,53.0,Partly Cloudy,"8 mph, Out To RF",Rate Field
824519,61.0,Partly Cloudy,"12 mph, Out To CF",Great American Ball Park
824438,55.0,Partly Cloudy,"18 mph, L To R",Progressive Field
824195,73.0,Roof Closed,"0 mph, None",Daikin Park
823952,65.0,Clear,"6 mph, L To R",UNIQLO Field at Dodger Stadium
823791,65.0,Roof Closed,"0 mph, None",American Family Field
823710,70.0,Clear,"8 mph, L To R",Target Field
823631,60.0,Cloudy,"16 mph, Out To LF",Citi Field
823386,61.0,Partly Cloudy,"13 mph, Out To RF",PNC Park
822900,89.0,Clear,"6 mph, Out To LF",Globe Life Field
822815,68.0,Roof Closed,"0 mph, None",Rogers Centre
825011,78.0,Partly Cloudy,"13 mph, Out To CF",Sutter Health Park
824927,70.0,Clear,"6 mph, L To R",Truist Park
824843,65.0,Clear,"8 mph, Out To LF",Oriole Park at Camden Yards
824764,62.0,Partly Cloudy,"3 mph, L To R",Fenway Park
824604,68.0,Cloudy,"13 mph, Out To LF",Rate Field
824521,76.0,Clear,"7 mph, R To L",Great American Ball Park
824442,63.0,Cloudy,"6 mph, Calm",Progressive Field
824197,73.0,Roof Closed,"0 mph, None",Daikin Park
823951,66.0,Partly Cloudy,"8 mph, Out To LF",UNIQLO Field at Dodger Stadium
823790,66.0,Roof Closed,"0 mph, None",American Family Field
823712,68.0,Partly Cloudy,"21 mph, Out To RF",Target Field
823632,59.0,Clear,"12 mph, Out To LF",Citi Field
823385,66.0,Partly Cloudy,"9 mph, Out To LF",PNC Park
822903,84.0,Clear,"8 mph, Out To LF",Globe Life Field
822817,68.0,Roof Closed,"0 mph, None",Rogers Centre
824844,62.0,Clear,"4 mph, In From LF",Oriole Park at Camden Yards
824441,53.0,Clear,"7 mph, In From RF",Progressive Field
824199,73.0,Roof Closed,"0 mph, None",Daikin Park
823953,72.0,Clear,"4 mph, Out To RF",UNIQLO Field at Dodger Stadium
822901,74.0,Roof Closed,"0 mph, None",Globe Life Field
822818,68.0,Roof Closed,"0 mph, None",Rogers Centre
825085,78.0,Roof Closed,"0 mph, None",Chase Field
824845,77.0,Partly Cloudy,"3 mph, R To L",Oriole Park at Camden Yards
824765,69.0,Partly Cloudy,"4 mph, Out To CF",Fenway Park
824605,57.0,Partly Cloudy,"3 mph, In From LF",Rate Field
824520,68.0,Partly Cloudy,"3 mph, Out To RF",Great American Ball Park
824440,56.0,Sunny,"5 mph, In From CF",Progressive Field
824113,69.0,Clear,"7 mph, L To R",Kauffman Stadium
823954,79.0,Sunny,"6 mph, Varies",UNIQLO Field at Dodger Stadium
823868,72.0,Roof Closed,"0 mph, None",loanDepot park
823793,64.0,Roof Closed,"12 mph, Calm",American Family Field
823463,73.0,Partly Cloudy,"6 mph, Out To RF",Citizens Bank Park
823305,68.0,Sunny,"8 mph, L To R",Petco Park
823221,59.0,Partly Cloudy,"9 mph, Out To LF",Oracle Park
822902,74.0,Roof Closed,"0 mph, None",Globe Life Field
822819,68.0,Roof Closed,"0 mph, None",Rogers Centre
825089,78.0,Roof Closed,"0 mph, None",Chase Field
824847,68.0,Cloudy,"4 mph, R To L",Oriole Park at Camden Yards
824606,74.0,Partly Cloudy,"16 mph, Out To RF",Rate Field
824523,72.0,Sunny,"9 mph, Out To LF",Great American Ball Park
824444,60.0,Partly Cloudy,"11 mph, Out To RF",Progressive Field
824115,82.0,Partly Cloudy,"10 mph, L To R",Kauffman Stadium
823955,70.0,Clear,"8 mph, Out To RF",UNIQLO Field at Dodger Stadium
823869,72.0,Roof Closed,"0 mph, None",loanDepot park
823792,69.0,Roof Closed,"0 mph, None",American Family Field
823468,61.0,Cloudy,"7 mph, In From RF",Citizens Bank Park
823304,68.0,Sunny,"7 mph, L To R",Petco Park
823224,59.0,Clear,"13 mph, Varies",Oracle Park
822905,74.0,Roof Closed,"0 mph, None",Globe Life Field
822820,68.0,Roof Closed,"0 mph, None",Rogers Centre
825088,99.0,Clear,"12 mph, Varies",Chase Field
824846,70.0,Cloudy,"4 mph, L To R",Oriole Park at Camden Yards
824768,58.0,Clear,"5 mph, Out To RF",Fenway Park
824607,58.0,Partly Cloudy,"10 mph, L To R",Rate Field
824522,67.0,Partly Cloudy,"10 mph, R To L",Great American Ball Park
824443,55.0,Drizzle,"13 mph, Out To RF",Progressive Field
824116,64.0,Partly Cloudy,"0 mph, Calm",Kauffman Stadium
823957,69.0,Clear,"6 mph, L To R",UNIQLO Field at Dodger Stadium
823871,72.0,Roof Closed,"0 mph, None",loanDepot park
823794,67.0,Roof Closed,"0 mph, None",American Family Field
823466,68.0,Partly Cloudy,"12 mph, Out To CF",Citizens Bank Park
823303,68.0,Partly Cloudy,"8 mph, L To R",Petco Park
823225,58.0,Clear,"13 mph, Out To CF",Oracle Park
822904,74.0,Roof Closed,"0 mph, None",Globe Life Field
822822,68.0,Roof Closed,"0 mph, None",Rogers Centre
825090,78.0,Roof Closed,"0 mph, None",Chase Field
824767,62.0,Clear,"16 mph, Out To RF",Fenway Park
824681,54.0,Partly Cloudy,"8 mph, R To L",Wrigley Field
824362,64.0,Cloudy,"7 mph, Out To CF",Coors Field
824117,63.0,Partly Cloudy,"10 mph, Out To RF",Kauffman Stadium
823870,72.0,Roof Closed,"0 mph, None",loanDepot park
823551,60.0,Sunny,"9 mph, Out To RF",Yankee Stadium
823467,65.0,Clear,"7 mph, L To R",Citizens Bank Park
823306,64.0,Partly Cloudy,"7 mph, L To R",Petco Park
822741,59.0,Cloudy,"6 mph, In From CF",Nationals Park
825091,83.0,Clear,"9 mph, Varies",Chase Field
824683,56.0,Partly Cloudy,"14 mph, In From LF",Wrigley Field
824361,41.0,Clear,"8 mph, Out To LF",Coors Field
824282,54.0,Partly Cloudy,"8 mph, Out To LF",Comerica Park
824198,73.0,Roof Closed,"0 mph, None",Daikin Park
824118,61.0,Clear,"3 mph, L To R",Kauffman Stadium
824036,74.0,Sunny,"8 mph, Out To LF",Angel Stadium
823872,72.0,Roof Closed,"0 mph, None",loanDepot park
823550,67.0,Overcast,"11 mph, Out To LF",Yankee Stadium
823470,69.0,Cloudy,"12 mph, Out To RF",Citizens Bank Park
823226,67.0,Partly Cloudy,"8 mph, Varies",Oracle Park
823141,58.0,Cloudy,"7 mph, Out To CF",T-Mobile Park
823063,58.0,Cloudy,"7 mph, In From RF",Busch Stadium
822985,72.0,Dome,"0 mph, None",Tropicana Field
822740,72.0,Cloudy,"10 mph, Out To RF",Nationals Park
825092,76.0,Partly Cloudy,"11 mph, Varies",Chase Field
824682,57.0,Cloudy,"8 mph, L To R",Wrigley Field
824281,54.0,Partly Cloudy,"9 mph, Out To LF",Comerica Park
824200,73.0,Roof Closed,"0 mph, None",Daikin Park
824119,53.0,Cloudy,"0 mph, Calm",Kauffman Stadium
824040,64.0,Partly Cloudy,"10 mph, Varies",Angel Stadium
823873,72.0,Roof Closed,"0 mph, None",loanDepot park
823553,76.0,Clear,"15 mph, R To L",Yankee Stadium
823469,79.0,Partly Cloudy,"20 mph, Out To LF",Citizens Bank Park
823227,59.0,Partly Cloudy,"11 mph, Out To CF",Oracle Park
823142,64.0,Clear,"5 mph, In From LF",T-Mobile Park
822986,72.0,Dome,"0 mph, None",Tropicana Field
822743,82.0,Partly Cloudy,"16 mph, Out To RF",Nationals Park
824684,65.0,Partly Cloudy,"4 mph, Out To CF",Wrigley Field
824363,68.0,Cloudy,"13 mph, In From CF",Coors Field
824283,72.0,Partly Cloudy,"18 mph, R To L",Comerica Park
824201,73.0,Roof Closed,"0 mph, None",Daikin Park
824120,80.0,Partly Cloudy,"8 mph, Out To RF",Kauffman Stadium
824039,64.0,Cloudy,"9 mph, Out To CF",Angel Stadium
823874,72.0,Roof Closed,"0 mph, None",loanDepot park
823552,70.0,Clear,"13 mph, Out To LF",Yankee Stadium
823228,58.0,Cloudy,"13 mph, Varies",Oracle Park
823143,76.0,Partly Cloudy,"6 mph, Out To RF",T-Mobile Park
823064,72.0,Cloudy,"11 mph, R To L",Busch Stadium
822984,72.0,Dome,"0 mph, None",Tropicana Field
825013,64.0,Cloudy,"11 mph, Out To LF",Sutter Health Park
824769,50.0,Cloudy,"6 mph, In From LF",Fenway Park
824687,58.0,Partly Cloudy,"5 mph, Out To LF",Wrigley Field
824364,73.0,Cloudy,"8 mph, In From RF",Coors Field
824285,60.0,Partly Cloudy,"12 mph, Out To LF",Comerica Park
824043,69.0,Cloudy,"8 mph, Out To CF",Angel Stadium
823875,72.0,Roof Closed,"0 mph, None",loanDepot park
823711,65.0,Sunny,"13 mph, Out To RF",Target Field
823555,60.0,Partly Cloudy,"18 mph, Varies",Yankee Stadium
823387,56.0,Partly Cloudy,"13 mph, Out To LF",PNC Park
823307,66.0,Cloudy,"8 mph, L To R",Petco Park
823145,75.0,Sunny,"10 mph, L To R",T-Mobile Park
823065,68.0,Sunny,"16 mph, Out To LF",Busch Stadium
822987,72.0,Dome,"0 mph, None",Tropicana Field
822742,55.0,Partly Cloudy,"13 mph, L To R",Nationals Park
825014,70.0,Partly Cloudy,"6 mph, Out To LF",Sutter Health Park
824771,57.0,Overcast,"6 mph, Out To LF",Fenway Park
824685,50.0,Partly Cloudy,"5 mph, In From CF",Wrigley Field
824365,71.0,Clear,"12 mph, In From CF",Coors Field
824284,48.0,Partly Cloudy,"8 mph, Out To LF",Comerica Park
824042,70.0,Clear,"6 mph, R To L",Angel Stadium
823876,72.0,Roof Closed,"0 mph, None",loanDepot park
823715,60.0,Partly Cloudy,"8 mph, Out To LF",Target Field
823554,63.0,Cloudy,"8 mph, Out To LF",Yankee Stadium
823388,43.0,Overcast,"10 mph, Out To RF",PNC Park
823308,66.0,Partly Cloudy,"9 mph, L To R",Petco Park
823144,70.0,Clear,"0 mph, Calm",T-Mobile Park
823067,60.0,Partly Cloudy,"7 mph, In From LF",Busch Stadium
822988,72.0,Dome,"0 mph, None",Tropicana Field
822746,58.0,Partly Cloudy,"7 mph, In From LF",Nationals Park
825012,76.0,Partly Cloudy,"8 mph, Out To LF",Sutter Health Park
824772,59.0,Clear,"3 mph, Out To RF",Fenway Park
824686,44.0,Partly Cloudy,"13 mph, In From CF",Wrigley Field
824366,62.0,Partly Cloudy,"10 mph, In From LF",Coors Field
824287,48.0,Partly Cloudy,"5 mph, Out To CF",Comerica Park
824041,73.0,Clear,"8 mph, Out To RF",Angel Stadium
823877,72.0,Roof Closed,"0 mph, None",loanDepot park
823713,53.0,Partly Cloudy,"7 mph, Out To RF",Target Field
823557,63.0,Clear,"15 mph, R To L",Yankee Stadium
823389,47.0,Cloudy,"11 mph, Out To CF",PNC Park
823309,66.0,Partly Cloudy,"6 mph, L To R",Petco Park
823146,68.0,Partly Cloudy,"8 mph, L To R",T-Mobile Park
823066,60.0,Clear,"5 mph, L To R",Busch Stadium
822990,72.0,Dome,"0 mph, None",Tropicana Field
822744,66.0,Clear,"9 mph, Out To LF",Nationals Park
825016,74.0,Sunny,"2 mph, Out To RF",Sutter Health Park
824929,62.0,Cloudy,"9 mph, R To L",Truist Park
824850,65.0,Partly Cloudy,"14 mph, Out To RF",Oriole Park at Camden Yards
824848,63.0,Partly Cloudy,"13 mph, L To R",Oriole Park at Camden Yards
824524,54.0,Partly Cloudy,"8 mph, Out To RF",Great American Ball Park
823795,64.0,Roof Closed,"0 mph, None",American Family Field
823714,50.0,Partly Cloudy,"11 mph, R To L",Target Field
823634,54.0,Cloudy,"4 mph, Out To RF",Citi Field
823472,59.0,Cloudy,"10 mph, In From LF",Citizens Bank Park
823471,63.0,Partly Cloudy,"9 mph, L To R",Citizens Bank Park
823391,46.0,Partly Cloudy,"11 mph, Out To CF",PNC Park
825015,80.0,Clear,"5 mph, R To L",Sutter Health Park
824930,77.0,Cloudy,"9 mph, Out To LF",Truist Park
824608,51.0,Partly Cloudy,"12 mph, Out To RF",Rate Field
824525,63.0,Partly Cloudy,"11 mph, Out To CF",Great American Ball Park
824445,49.0,Overcast,"11 mph, In From CF",Progressive Field
823958,74.0,Sunny,"2 mph, Calm",UNIQLO Field at Dodger Stadium
823796,64.0,Roof Closed,"0 mph, None",American Family Field
823717,51.0,Partly Cloudy,"12 mph, R To L",Target Field
823633,53.0,Cloudy,"8 mph, Out To LF",Citi Field
823392,57.0,Overcast,"7 mph, Out To CF",PNC Park
823312,70.0,Sunny,"13 mph, L To R",Petco Park
822907,74.0,Roof Closed,"0 mph, None",Globe Life Field
822821,68.0,Roof Closed,"0 mph, None",Rogers Centre
825017,74.0,Clear,"3 mph, In From LF",Sutter Health Park
824931,65.0,Cloudy,"6 mph, In From RF",Truist Park
824849,59.0,Partly Cloudy,"8 mph, Out To LF",Oriole Park at Camden Yards
824610,64.0,Partly Cloudy,"2 mph, Out To RF",Rate Field
824526,72.0,Partly Cloudy,"7 mph, Out To LF",Great American Ball Park
824447,61.0,Partly Cloudy,"8 mph, L To R",Progressive Field
823956,66.0,Clear,"9 mph, Out To RF",UNIQLO Field at Dodger Stadium
823798,67.0,Roof Closed,"0 mph, None",American Family Field
823716,55.0,Clear,"11 mph, Out To LF",Target Field
823636,57.0,Cloudy,"7 mph, Out To LF",Citi Field
823473,60.0,Partly Cloudy,"6 mph, Out To LF",Citizens Bank Park
823390,71.0,Partly Cloudy,"7 mph, Out To LF",PNC Park
823310,66.0,Clear,"10 mph, L To R",Petco Park
822908,74.0,Roof Closed,"0 mph, None",Globe Life Field
822823,68.0,Roof Closed,"0 mph, None",Rogers Centre
824609,61.0,Clear,"12 mph, R To L",Rate Field
824446,71.0,Cloudy,"13 mph, Out To LF",Progressive Field
823961,62.0,Clear,"2 mph, Calm",UNIQLO Field at Dodger Stadium
823719,51.0,Overcast,"13 mph, Out To RF",Target Field
823395,72.0,Partly Cloudy,"10 mph, In From CF",PNC Park
823311,64.0,Clear,"13 mph, L To R",Petco Park
822906,74.0,Roof Closed,"0 mph, None",Globe Life Field
822825,68.0,Roof Closed,"0 mph, None",Rogers Centre
825094,85.0,Cloudy,"1 mph, Varies",Estadio Alfredo Harp Helu
824934,72.0,Partly Cloudy,"5 mph, Out To CF",Truist Park
824852,53.0,Partly Cloudy,"14 mph, In From LF",Oriole Park at Camden Yards
824612,55.0,Partly Cloudy,"3 mph, L To R",Rate Field
824528,64.0,Partly Cloudy,"6 mph, In From LF",Great American Ball Park
824202,73.0,Roof Closed,"0 mph, None",Daikin Park
824122,76.0,Cloudy,"15 mph, R To L",Kauffman Stadium
823959,66.0,Partly Cloudy,"12 mph, Out To RF",UNIQLO Field at Dodger Stadium
823797,62.0,Roof Closed,"0 mph, None",American Family Field
823637,57.0,Clear,"8 mph, In From RF",Citi Field
823635,54.0,Partly Cloudy,"9 mph, In From RF",Citi Field
823230,57.0,Partly Cloudy,"13 mph, Varies",Oracle Park
823068,77.0,Sunny,"9 mph, R To L",Busch Stadium
822991,72.0,Dome,"0 mph, None",Tropicana Field
822911,74.0,Roof Closed,"0 mph, None",Globe Life Field
822824,72.0,Roof Closed,"0 mph, None",Rogers Centre
825093,84.0,Partly Cloudy,"11 mph, L To R",Estadio Alfredo Harp Helu
824933,68.0,Cloudy,"3 mph, Calm",Truist Park
824851,57.0,Partly Cloudy,"13 mph, In From RF",Oriole Park at Camden Yards
824613,49.0,Sunny,"13 mph, Out To RF",Rate Field
824527,72.0,Partly Cloudy,"7 mph, Out To RF",Great American Ball Park
824203,73.0,Roof Closed,"0 mph, None",Daikin Park
824121,74.0,Cloudy,"7 mph, In From RF",Kauffman Stadium
823960,63.0,Cloudy,"11 mph, Out To CF",UNIQLO Field at Dodger Stadium
823799,62.0,Roof Closed,"0 mph, None",American Family Field
823229,56.0,Overcast,"10 mph, Out To CF",Oracle Park
823070,73.0,Sunny,"6 mph, In From LF",Busch Stadium
822989,72.0,Dome,"0 mph, None",Tropicana Field
822910,74.0,Roof Closed,"0 mph, None",Globe Life Field
822826,68.0,Roof Closed,"0 mph, None",Rogers Centre
824932,79.0,Partly Cloudy,"4 mph, R To L",Truist Park
824854,69.0,Cloudy,"3 mph, R To L",Oriole Park at Camden Yards
824611,72.0,Partly Cloudy,"9 mph, Out To CF",Rate Field
824529,74.0,Overcast,"10 mph, R To L",Great American Ball Park
824204,73.0,Roof Closed,"0 mph, None",Daikin Park
824124,69.0,Clear,"8 mph, L To R",Kauffman Stadium
823962,66.0,Partly Cloudy,"3 mph, L To R",UNIQLO Field at Dodger Stadium
823800,71.0,Roof Closed,"0 mph, None",American Family Field
823638,57.0,Clear,"8 mph, Out To LF",Citi Field
823232,56.0,Partly Cloudy,"12 mph, Out To CF",Oracle Park
823069,68.0,Partly Cloudy,"2 mph, In From RF",Busch Stadium
822992,72.0,Dome,"0 mph, None",Tropicana Field
822909,74.0,Roof Closed,"0 mph, None",Globe Life Field
822827,68.0,Roof Closed,"0 mph, None",Rogers Centre
825096,72.0,Roof Closed,"0 mph, None",Chase Field
824770,59.0,Clear,"14 mph, R To L",Fenway Park
824689,68.0,Partly Cloudy,"14 mph, R To L",Wrigley Field
824368,64.0,Partly Cloudy,"8 mph, In From CF",Coors Field
824288,73.0,Sunny,"7 mph, In From RF",Comerica Park
823639,69.0,Partly Cloudy,"8 mph, L To R",Citi Field
823233,60.0,Partly Cloudy,"8 mph, Out To CF",Oracle Park
822912,74.0,Roof Closed,"0 mph, None",Globe Life Field
822745,78.0,Partly Cloudy,"4 mph, In From LF",Nationals Park
825097,82.0,Clear,"9 mph, Varies",Chase Field
824774,47.0,Cloudy,"12 mph, Out To LF",Fenway Park
824688,56.0,Clear,"9 mph, In From CF",Wrigley Field
824449,62.0,Sunny,"8 mph, In From LF",Progressive Field
824367,78.0,Clear,"11 mph, L To R",Coors Field
824286,73.0,Clear,"7 mph, In From LF",Comerica Park
824123,66.0,Partly Cloudy,"8 mph, R To L",Kauffman Stadium
824044,68.0,Partly Cloudy,"6 mph, Out To RF",Angel Stadium
823878,72.0,Roof Closed,"0 mph, None",loanDepot park
823641,53.0,Clear,"3 mph, In From RF",Citi Field
823231,61.0,Partly Cloudy,"12 mph, Out To CF",Oracle Park
823147,52.0,Roof Closed,"0 mph, None",T-Mobile Park
822993,72.0,Roof Closed,"0 mph, None",Tropicana Field
822913,74.0,Roof Closed,"0 mph, None",Globe Life Field
822748,72.0,Partly Cloudy,"7 mph, Out To RF",Nationals Park
825099,89.0,Overcast,"9 mph, R To L",Chase Field
824773,47.0,Clear,"9 mph, Out To LF",Fenway Park
824690,72.0,Partly Cloudy,"3 mph, Out To RF",Wrigley Field
824448,69.0,Cloudy,"11 mph, Out To RF",Progressive Field
824369,82.0,Cloudy,"8 mph, Out To LF",Coors Field
824290,71.0,Cloudy,"9 mph, R To L",Comerica Park
824127,78.0,Partly Cloudy,"14 mph, R To L",Kauffman Stadium
824045,67.0,Partly Cloudy,"9 mph, Out To CF",Angel Stadium
823880,72.0,Roof Closed,"0 mph, None",loanDepot park
823640,46.0,Partly Cloudy,"11 mph, Out To LF",Citi Field
823236,57.0,Cloudy,"14 mph, Out To CF",Oracle Park
823148,58.0,Roof Closed,"6 mph, Out To LF",T-Mobile Park
822995,72.0,Dome,"0 mph, None",Tropicana Field
822914,74.0,Roof Closed,"0 mph, None",Globe Life Field
822747,62.0,Clear,"9 mph, Out To CF",Nationals Park
824776,47.0,Partly Cloudy,"9 mph, Out To RF",Fenway Park
824692,50.0,Partly Cloudy,"11 mph, R To L",Wrigley Field
824450,39.0,Clear,"3 mph, In From LF",Progressive Field
824370,78.0,Clear,"7 mph, In From LF",Coors Field
824125,72.0,Clear,"13 mph, R To L",Kauffman Stadium
824046,67.0,Partly Cloudy,"9 mph, Out To CF",Angel Stadium
823879,72.0,Roof Closed,"0 mph, None",loanDepot park
823149,72.0,Partly Cloudy,"5 mph, Out To CF",T-Mobile Park
822994,72.0,Dome,"0 mph, None",Tropicana Field
822749,53.0,Partly Cloudy,"13 mph, In From LF",Nationals Park
825100,78.0,Roof Closed,"0 mph, None",Chase Field
825018,74.0,Partly Cloudy,"7 mph, Out To LF",Sutter Health Park
824777,45.0,Overcast,"10 mph, Out To RF",Fenway Park
824691,48.0,Partly Cloudy,"4 mph, L To R",Wrigley Field
824452,46.0,Partly Cloudy,"10 mph, L To R",Progressive Field
824371,65.0,Sunny,"7 mph, R To L",Coors Field
824205,73.0,Roof Closed,"0 mph, None",Daikin Park
824047,78.0,Cloudy,"8 mph, R To L",Angel Stadium
823881,72.0,Roof Closed,"0 mph, None",loanDepot park
823718,42.0,Partly Cloudy,"12 mph, Out To RF",Target Field
823556,42.0,Rain,"14 mph, Out To RF",Yankee Stadium
823475,53.0,Cloudy,"13 mph, L To R",Citizens Bank Park
823393,50.0,Partly Cloudy,"15 mph, Out To CF",PNC Park
823150,66.0,Partly Cloudy,"7 mph, L To R",T-Mobile Park
822750,51.0,Cloudy,"8 mph, L To R",Nationals Park
825098,89.0,Partly Cloudy,"1 mph, Varies",Chase Field
825020,74.0,Partly Cloudy,"1 mph, Calm",Sutter Health Park
824775,50.0,Cloudy,"9 mph, R To L",Fenway Park
824694,51.0,Partly Cloudy,"16 mph, L To R",Wrigley Field
824451,53.0,Overcast,"15 mph, L To R",Progressive Field
824372,59.0,Partly Cloudy,"6 mph, Out To CF",Coors Field
824206,73.0,Roof Closed,"0 mph, None",Daikin Park
824049,75.0,Partly Cloudy,"8 mph, R To L",Angel Stadium
823882,83.0,Sunny,"10 mph, In From RF",loanDepot park
823721,39.0,Partly Cloudy,"19 mph, Out To CF",Target Field
823558,66.0,Partly Cloudy,"8 mph, L To R",Yankee Stadium
823474,67.0,Partly Cloudy,"13 mph, Out To RF",Citizens Bank Park
823394,81.0,Cloudy,"17 mph, Out To LF",PNC Park
823151,70.0,Partly Cloudy,"6 mph, Out To RF",T-Mobile Park
822751,76.0,Cloudy,"4 mph, R To L",Nationals Park
825101,81.0,Clear,"3 mph, R To L",Chase Field
825019,72.0,Partly Cloudy,"2 mph, L To R",Sutter Health Park
824778,58.0,Partly Cloudy,"3 mph, R To L",Fenway Park
824693,68.0,Partly Cloudy,"15 mph, Out To LF",Wrigley Field
824454,64.0,Partly Cloudy,"3 mph, In From RF",Progressive Field
824373,35.0,Partly Cloudy,"3 mph, R To L",Coors Field
824207,73.0,Roof Closed,"0 mph, None",Daikin Park
824048,74.0,Clear,"9 mph, Out To RF",Angel Stadium
823883,79.0,Partly Cloudy,"10 mph, In From LF",loanDepot park
823720,43.0,Cloudy,"14 mph, Out To RF",Target Field
823559,74.0,Partly Cloudy,"8 mph, L To R",Yankee Stadium
823476,78.0,Partly Cloudy,"11 mph, In From LF",Citizens Bank Park
823397,77.0,Clear,"2 mph, Out To CF",PNC Park
823152,55.0,Partly Cloudy,"7 mph, L To R",T-Mobile Park
822752,80.0,Clear,"6 mph, In From LF",Nationals Park
825023,64.0,Sunny,"17 mph, L To R",Sutter Health Park
824614,66.0,Partly Cloudy,"15 mph, Out To LF",Rate Field
824530,74.0,Partly Cloudy,"11 mph, R To L",Great American Ball Park
824453,65.0,Partly Cloudy,"9 mph, L To R",Progressive Field
824289,67.0,Cloudy,"8 mph, Out To LF",Comerica Park
824208,73.0,Roof Closed,"0 mph, None",Daikin Park
823801,71.0,Roof Closed,"8 mph, In From LF",American Family Field
823560,87.0,Cloudy,"10 mph, Out To LF",Yankee Stadium
823396,75.0,Partly Cloudy,"13 mph, Out To LF",PNC Park
823313,66.0,Partly Cloudy,"9 mph, Out To RF",Petco Park
825021,65.0,Partly Cloudy,"9 mph, Out To CF",Sutter Health Park
824936,81.0,Partly Cloudy,"5 mph, Out To LF",Truist Park
824855,85.0,Partly Cloudy,"5 mph, Out To RF",Oriole Park at Camden Yards
824615,73.0,Partly Cloudy,"14 mph, In From RF",Rate Field
824532,80.0,Partly Cloudy,"13 mph, In From RF",Great American Ball Park
824291,70.0,Partly Cloudy,"7 mph, R To L",Comerica Park
824209,73.0,Roof Closed,"0 mph, None",Daikin Park
823963,66.0,Partly Cloudy,"7 mph, Out To RF",UNIQLO Field at Dodger Stadium
823803,73.0,Roof Closed,"0 mph, None",American Family Field
823722,59.0,Partly Cloudy,"3 mph, In From LF",Target Field
823561,83.0,Partly Cloudy,"10 mph, R To L",Yankee Stadium
823477,86.0,Partly Cloudy,"14 mph, Out To RF",Citizens Bank Park
823399,82.0,Partly Cloudy,"8 mph, Out To LF",PNC Park
823314,64.0,Clear,"9 mph, L To R",Petco Park
823071,72.0,Overcast,"10 mph, R To L",Busch Stadium
825022,66.0,Clear,"8 mph, Out To RF",Sutter Health Park
824935,81.0,Clear,"6 mph, In From RF",Truist Park
824853,86.0,Partly Cloudy,"7 mph, Out To CF",Oriole Park at Camden Yards
824616,77.0,Partly Cloudy,"21 mph, In From RF",Rate Field
824531,81.0,Partly Cloudy,"13 mph, In From LF",Great American Ball Park
824292,77.0,Partly Cloudy,"10 mph, Out To LF",Comerica Park
824210,73.0,Roof Closed,"0 mph, None",Daikin Park
823965,65.0,Clear,"8 mph, Out To RF",UNIQLO Field at Dodger Stadium
823802,76.0,Roof Closed,"0 mph, None",American Family Field
823723,64.0,Partly Cloudy,"4 mph, R To L",Target Field
823562,81.0,Clear,"16 mph, R To L",Yankee Stadium
823478,85.0,Partly Cloudy,"15 mph, Out To CF",Citizens Bank Park
823398,68.0,Cloudy,"10 mph, Varies",PNC Park
823315,66.0,Clear,"11 mph, L To R",Petco Park
823072,84.0,Clear,"15 mph, Out To LF",Busch Stadium
825024,66.0,Clear,"5 mph, Out To RF",Sutter Health Park
824937,78.0,Clear,"7 mph, R To L",Truist Park
824856,80.0,Partly Cloudy,"8 mph, Out To RF",Oriole Park at Camden Yards
823964,62.0,Partly Cloudy,"2 mph, Out To RF",UNIQLO Field at Dodger Stadium
823725,63.0,Overcast,"14 mph, Out To LF",Target Field
823563,77.0,Partly Cloudy,"15 mph, Out To CF",Yankee Stadium
823481,78.0,Clear,"16 mph, Out To RF",Citizens Bank Park
823400,79.0,Partly Cloudy,"14 mph, Out To LF",PNC Park
823153,53.0,Cloudy,"7 mph, Out To LF",T-Mobile Park
823073,80.0,Partly Cloudy,"15 mph, Out To LF",Busch Stadium
824938,81.0,Clear,"7 mph, L To R",Truist Park
824859,62.0,Sunny,"11 mph, R To L",Oriole Park at Camden Yards
824696,80.0,Partly Cloudy,"6 mph, Out To CF",Wrigley Field
824533,79.0,Partly Cloudy,"13 mph, In From RF",Great American Ball Park
824293,62.0,Partly Cloudy,"13 mph, In From RF",Comerica Park
824126,68.0,Cloudy,"12 mph, In From RF",Kauffman Stadium
823966,65.0,Overcast,"7 mph, Out To CF",UNIQLO Field at Dodger Stadium
823804,68.0,Roof Closed,"0 mph, None",American Family Field
823642,55.0,Sunny,"6 mph, Out To LF",Citi Field
823479,65.0,Sunny,"9 mph, Out To CF",Citizens Bank Park
823317,67.0,Cloudy,"14 mph, L To R",Petco Park
823154,56.0,Cloudy,"4 mph, L To R",T-Mobile Park
823075,78.0,Cloudy,"18 mph, Out To LF",Busch Stadium
822998,72.0,Dome,"0 mph, None",Tropicana Field
822828,68.0,Roof Closed,"0 mph, None",Rogers Centre
824939,81.0,Clear,"5 mph, R To L",Truist Park
824857,68.0,Clear,"3 mph, In From LF",Oriole Park at Camden Yards
824697,48.0,Partly Cloudy,"7 mph, In From RF",Wrigley Field
824535,68.0,Partly Cloudy,"6 mph, L To R",Great American Ball Park
824294,52.0,Sunny,"5 mph, In From LF",Comerica Park
824129,75.0,Cloudy,"11 mph, In From RF",Kauffman Stadium
823967,67.0,Partly Cloudy,"10 mph, Out To RF",UNIQLO Field at Dodger Stadium
823805,67.0,Roof Closed,"0 mph, None",American Family Field
823644,62.0,Sunny,"12 mph, L To R",Citi Field
823480,62.0,Sunny,"14 mph, In From LF",Citizens Bank Park
823316,68.0,Clear,"11 mph, L To R",Petco Park
823155,55.0,Roof Closed,"0 mph, Calm",T-Mobile Park
823074,73.0,Cloudy,"9 mph, In From RF",Busch Stadium
822996,72.0,Dome,"0 mph, None",Tropicana Field
822830,68.0,Roof Closed,"0 mph, None",Rogers Centre
824941,76.0,Clear,"3 mph, L To R",Truist Park
824858,66.0,Partly Cloudy,"7 mph, Out To LF",Oriole Park at Camden Yards
824695,49.0,Sunny,"10 mph, In From LF",Wrigley Field
824534,70.0,Overcast,"12 mph, R To L",Great American Ball Park
824297,52.0,Cloudy,"7 mph, In From LF",Comerica Park
824128,57.0,Cloudy,"8 mph, In From RF",Kauffman Stadium
823968,65.0,Clear,"8 mph, L To R",UNIQLO Field at Dodger Stadium
823808,65.0,Roof Closed,"0 mph, None",American Family Field
823643,52.0,Clear,"11 mph, Out To CF",Citi Field
823482,68.0,Clear,"12 mph, Out To CF",Citizens Bank Park
823318,64.0,Partly Cloudy,"8 mph, L To R",Petco Park
823156,64.0,Overcast,"0 mph, None",T-Mobile Park
823076,63.0,Cloudy,"11 mph, In From RF",Busch Stadium
822997,72.0,Dome,"0 mph, None",Tropicana Field
822829,68.0,Roof Closed,"0 mph, None",Rogers Centre
824130,78.0,Partly Cloudy,"9 mph, Out To LF",Kauffman Stadium
823884,72.0,Roof Closed,"0 mph, None",loanDepot park
823724,45.0,Partly Cloudy,"6 mph, Out To RF",Target Field
823645,45.0,Clear,"9 mph, Out To LF",Citi Field
823565,50.0,Sunny,"10 mph, Out To LF",Yankee Stadium
823319,69.0,Cloudy,"7 mph, L To R",Petco Park
824779,43.0,Sunny,"8 mph, In From RF",Fenway Park
824617,58.0,Partly Cloudy,"18 mph, In From RF",Rate Field
824455,50.0,Sunny,"8 mph, Out To LF",Progressive Field
824374,71.0,Partly Cloudy,"13 mph, In From LF",Coors Field
824050,74.0,Sunny,"4 mph, Out To CF",Angel Stadium
823885,72.0,Roof Closed,"0 mph, None",loanDepot park
823726,51.0,Partly Cloudy,"15 mph, Out To CF",Target Field
823646,48.0,Sunny,"6 mph, Out To LF",Citi Field
823564,44.0,Clear,"8 mph, R To L",Yankee Stadium
823403,46.0,Sunny,"8 mph, In From CF",PNC Park
823234,63.0,Partly Cloudy,"11 mph, Varies",Oracle Park
823000,72.0,Dome,"0 mph, None",Tropicana Field
822915,74.0,Roof Closed,"0 mph, None",Globe Life Field
822833,68.0,Roof Closed,"0 mph, None",Rogers Centre
822753,52.0,Sunny,"6 mph, Out To LF",Nationals Park
824780,42.0,Clear,"12 mph, L To R",Fenway Park
824618,36.0,Sunny,"9 mph, In From LF",Rate Field
824457,33.0,Sunny,"10 mph, L To R",Progressive Field
824375,71.0,Partly Cloudy,"6 mph, In From CF",Coors Field
824051,72.0,Clear,"9 mph, Out To LF",Angel Stadium
823887,72.0,Roof Closed,"0 mph, None",loanDepot park
823727,44.0,Partly Cloudy,"11 mph, R To L",Target Field
823648,50.0,Sunny,"17 mph, L To R",Citi Field
823567,43.0,Clear,"16 mph, Out To RF",Yankee Stadium
823402,41.0,Clear,"9 mph, Out To RF",PNC Park
823235,59.0,Partly Cloudy,"12 mph, Out To CF",Oracle Park
822999,69.0,Dome,"0 mph, None",Tropicana Field
822916,71.0,Overcast,"8 mph, Varies",Globe Life Field
822831,68.0,Roof Closed,"0 mph, None",Rogers Centre
822754,51.0,Clear,"14 mph, In From LF",Nationals Park
824783,46.0,Partly Cloudy,"9 mph, Out To RF",Fenway Park
824619,48.0,Cloudy,"3 mph, Out To CF",Rate Field
824456,47.0,Partly Cloudy,"5 mph, L To R",Progressive Field
824376,65.0,Cloudy,"12 mph, In From LF",Coors Field
824052,72.0,Clear,"8 mph, Out To CF",Angel Stadium
823886,72.0,Roof Closed,"0 mph, None",loanDepot park
823728,37.0,Clear,"6 mph, R To L",Target Field
823401,52.0,Drizzle,"12 mph, Out To CF",PNC Park
823237,55.0,Partly Cloudy,"14 mph, Out To CF",Oracle Park
823002,72.0,Dome,"0 mph, None",Tropicana Field
822918,70.0,Partly Cloudy,"6 mph, Varies",Globe Life Field
822832,68.0,Roof Closed,"0 mph, None",Rogers Centre
822755,61.0,Partly Cloudy,"7 mph, In From CF",Nationals Park
825102,76.0,Roof Closed,"0 mph, None",Chase Field
825025,78.0,Partly Cloudy,"4 mph, Out To RF",Sutter Health Park
824781,47.0,Overcast,"2 mph, Out To RF",Fenway Park
824620,50.0,Partly Cloudy,"4 mph, Out To LF",Rate Field
824460,44.0,Partly Cloudy,"16 mph, L To R",Progressive Field
824459,44.0,Cloudy,"15 mph, L To R",Progressive Field
824379,60.0,Sunny,"9 mph, In From CF",Coors Field
824296,44.0,Cloudy,"15 mph, Out To LF",Comerica Park
824131,56.0,Sunny,"10 mph, L To R",Kauffman Stadium
824053,83.0,Sunny,"2 mph, Calm",Angel Stadium
823729,50.0,Partly Cloudy,"13 mph, R To L",Target Field
823566,55.0,Rain,"6 mph, L To R",Yankee Stadium
823405,45.0,Partly Cloudy,"16 mph, Out To LF",PNC Park
823238,74.0,Sunny,"11 mph, Varies",Oracle Park
822917,68.0,Partly Cloudy,"12 mph, Varies",Globe Life Field
822756,60.0,Overcast,"4 mph, In From LF",Nationals Park
825104,89.0,Partly Cloudy,"1 mph, Varies",Chase Field
825027,76.0,Sunny,"4 mph, Out To RF",Sutter Health Park
824782,43.0,Cloudy,"13 mph, In From RF",Fenway Park
824622,50.0,Cloudy,"16 mph, Out To LF",Rate Field
824378,60.0,Clear,"7 mph, R To L",Coors Field
824295,56.0,Partly Cloudy,"15 mph, In From RF",Comerica Park
824134,55.0,Partly Cloudy,"15 mph, L To R",Kauffman Stadium
824132,47.0,Partly Cloudy,"15 mph, L To R",Kauffman Stadium
824054,82.0,Partly Cloudy,"8 mph, Out To LF",Angel Stadium
823730,39.0,Cloudy,"14 mph, Out To RF",Target Field
823569,52.0,Partly Cloudy,"14 mph, L To R",Yankee Stadium
823404,82.0,Partly Cloudy,"15 mph, Out To LF",PNC Park
823239,67.0,Partly Cloudy,"10 mph, Out To CF",Oracle Park
822920,74.0,Roof Closed,"0 mph, None",Globe Life Field
822757,87.0,Partly Cloudy,"5 mph, Out To LF",Nationals Park
825103,83.0,Partly Cloudy,"4 mph, In From CF",Chase Field
825026,73.0,Clear,"3 mph, Out To RF",Sutter Health Park
824786,56.0,Sunny,"6 mph, Out To CF",Fenway Park
824621,53.0,Partly Cloudy,"6 mph, L To R",Rate Field
824458,70.0,Cloudy,"10 mph, L To R",Progressive Field
824377,51.0,Sunny,"19 mph, In From LF",Coors Field
824299,73.0,Partly Cloudy,"18 mph, Out To LF",Comerica Park
824056,77.0,Partly Cloudy,"12 mph, Out To LF",Angel Stadium
823732,38.0,Overcast,"9 mph, In From LF",Target Field
823568,58.0,Partly Cloudy,"8 mph, Out To LF",Yankee Stadium
823406,75.0,Cloudy,"16 mph, Out To LF",PNC Park
823240,59.0,Clear,"8 mph, Out To CF",Oracle Park
822919,74.0,Roof Closed,"0 mph, None",Globe Life Field
822758,62.0,Partly Cloudy,"4 mph, Out To RF",Nationals Park
825105,80.0,Partly Cloudy,"0 mph, None",Chase Field
824133,72.0,Partly Cloudy,"14 mph, R To L",Kauffman Stadium
823242,56.0,Clear,"12 mph, Out To CF",Oracle Park
825106,80.0,Partly Cloudy,"11 mph, Varies",Chase Field
824940,72.0,Partly Cloudy,"3 mph, Out To LF",Truist Park
824860,81.0,Partly Cloudy,"5 mph, Out To RF",Oriole Park at Camden Yards
824698,39.0,Cloudy,"21 mph, In From LF",Wrigley Field
824536,73.0,Partly Cloudy,"8 mph, R To L",Great American Ball Park
824211,73.0,Roof Closed,"0 mph, None",Daikin Park
824136,55.0,Cloudy,"6 mph, In From RF",Kauffman Stadium
823970,68.0,Partly Cloudy,"12 mph, Varies",UNIQLO Field at Dodger Stadium
823889,72.0,Roof Closed,"0 mph, None",loanDepot park
823806,62.0,Roof Closed,"0 mph, None",American Family Field
823483,79.0,Cloudy,"10 mph, L To R",Citizens Bank Park
823321,70.0,Partly Cloudy,"10 mph, L To R",Petco Park
823157,47.0,Roof Closed,"0 mph, None",T-Mobile Park
823078,58.0,Overcast,"7 mph, L To R",Busch Stadium
822835,68.0,Roof Closed,"0 mph, None",Rogers Centre
825050,77.0,Roof Closed,"0 mph, None",Chase Field
824724,88.0,Partly Cloudy,"6 mph, Out To RF",Fenway Park
824564,86.0,Cloudy,"9 mph, R To L",Rate Field
824078,90.0,Partly Cloudy,"15 mph, R To L",Kauffman Stadium
823835,72.0,Roof Closed,"0 mph, None",loanDepot park
823751,78.0,Roof Closed,"4 mph, In From LF",American Family Field
823513,90.0,Partly Cloudy,"8 mph, Out To RF",Yankee Stadium
823425,90.0,Partly Cloudy,"7 mph, L To R",Citizens Bank Park
823345,81.0,Sunny,"7 mph, Calm",PNC Park
823268,79.0,Partly Cloudy,"8 mph, L To R",Petco Park
823190,70.0,Sunny,"7 mph, Out To CF",Oracle Park
823104,71.0,Partly Cloudy,"2 mph, Out To RF",T-Mobile Park
823020,90.0,Partly Cloudy,"10 mph, Out To LF",Busch Stadium
822862,74.0,Roof Closed,"0 mph, None",Globe Life Field
822700,92.0,Partly Cloudy,"3 mph, L To R",Nationals Park
825049,76.0,Roof Closed,"0 mph, None",Chase Field
824726,91.0,Partly Cloudy,"5 mph, Out To RF",Fenway Park
824565,82.0,Clear,"8 mph, In From LF",Rate Field
824079,87.0,Clear,"6 mph, R To L",Kauffman Stadium
823834,72.0,Roof Closed,"0 mph, None",loanDepot park
823752,82.0,Clear,"2 mph, In From RF",American Family Field
823514,89.0,Partly Cloudy,"9 mph, Out To RF",Yankee Stadium
823426,84.0,Partly Cloudy,"11 mph, Out To RF",Citizens Bank Park
823348,84.0,Partly Cloudy,"11 mph, Out To LF",PNC Park
823267,82.0,Sunny,"9 mph, L To R",Petco Park
823188,68.0,Partly Cloudy,"16 mph, Varies",Oracle Park
823102,80.0,Clear,"6 mph, L To R",T-Mobile Park
823021,87.0,Clear,"3 mph, R To L",Busch Stadium
822864,74.0,Roof Closed,"0 mph, None",Globe Life Field
822701,90.0,Partly Cloudy,"6 mph, Out To CF",Nationals Park
825048,77.0,Roof Closed,"0 mph, None",Chase Field
824969,87.0,Clear,"8 mph, R To L",Sutter Health Park
824887,90.0,Partly Cloudy,"4 mph, R To L",Truist Park
823998,81.0,Partly Cloudy,"7 mph, R To L",Angel Stadium
823918,77.0,Partly Cloudy,"4 mph, Out To RF",UNIQLO Field at Dodger Stadium
823675,86.0,Clear,"3 mph, L To R",Target Field
823265,75.0,Cloudy,"6 mph, L To R",Petco Park
823189,65.0,Clear,"13 mph, Varies",Oracle Park
823018,91.0,Clear,"6 mph, R To L",Busch Stadium
822780,82.0,Cloudy,"17 mph, Out To RF",Rogers Centre
825046,75.0,Roof Closed,"0 mph, None",Chase Field
824970,86.0,Clear,"11 mph, R To L",Sutter Health Park
824886,75.0,Overcast,"6 mph, R To L",Truist Park
824563,79.0,Partly Cloudy,"6 mph, In From CF",Rate Field
824240,,,,"ERROR: ('Connection aborted.', ConnectionResetError(10054, 'An existing connection was forcibly closed by the remote host', None, 10054, None))"
823997,83.0,Clear,"7 mph, R To L",Angel Stadium
823917,78.0,Clear,"2 mph, Calm",UNIQLO Field at Dodger Stadium
823832,72.0,Roof Closed,"0 mph, None",loanDepot park
823673,86.0,Clear,"5 mph, L To R",Target Field
823512,79.0,Cloudy,"4 mph, Out To CF",Yankee Stadium
823264,77.0,Partly Cloudy,"9 mph, L To R",Petco Park
823186,62.0,Clear,"13 mph, Out To CF",Oracle Park
823019,91.0,Partly Cloudy,"10 mph, Out To LF",Busch Stadium
822778,76.0,Overcast,"3 mph, Out To LF",Rogers Centre
822697,87.0,Partly Cloudy,"7 mph, L To R",Nationals Park
824561,78.0,Cloudy,"5 mph, In From LF",Rate Field
824238,81.0,Cloudy,"2 mph, L To R",Comerica Park
823995,75.0,Partly Cloudy,"7 mph, Out To CF",Angel Stadium
823915,75.0,Cloudy,"3 mph, L To R",UNIQLO Field at Dodger Stadium
823829,72.0,Roof Closed,"0 mph, None",loanDepot park
823669,72.0,Partly Cloudy,"9 mph, In From CF",Field of Dreams
823508,85.0,Partly Cloudy,"9 mph, Out To RF",Yankee Stadium
822776,83.0,Partly Cloudy,"13 mph, L To R",Rogers Centre
822696,89.0,Partly Cloudy,"8 mph, In From LF",Nationals Park
825047,75.0,Roof Closed,"0 mph, None",Chase Field
824967,82.0,Partly Cloudy,"5 mph, Calm",Sutter Health Park
824883,90.0,Partly Cloudy,"7 mph, R To L",Truist Park
824562,80.0,Cloudy,"3 mph, Out To RF",Rate Field
824241,78.0,Overcast,"7 mph, R To L",Comerica Park
823994,78.0,Partly Cloudy,"8 mph, Out To CF",Angel Stadium
823916,75.0,Cloudy,"7 mph, Out To CF",UNIQLO Field at Dodger Stadium
823833,72.0,Roof Closed,"0 mph, None",loanDepot park
823672,86.0,Sunny,"7 mph, In From CF",Target Field
823511,85.0,Partly Cloudy,"5 mph, Out To CF",Yankee Stadium
823263,79.0,Partly Cloudy,"8 mph, L To R",Petco Park
823187,64.0,Overcast,"6 mph, Varies",Oracle Park
823017,94.0,Overcast,"11 mph, Out To CF",Busch Stadium
822779,68.0,Roof Closed,"0 mph, None",Rogers Centre
822698,86.0,Cloudy,"6 mph, Out To RF",Nationals Park
824968,77.0,Clear,"10 mph, R To L",Sutter Health Park
824882,87.0,Cloudy,"7 mph, Out To LF",Truist Park
824643,76.0,Partly Cloudy,"9 mph, In From CF",Wrigley Field
824479,84.0,Partly Cloudy,"3 mph, Out To CF",Great American Ball Park
824399,79.0,Partly Cloudy,"6 mph, In From RF",Progressive Field
824237,81.0,Partly Cloudy,"5 mph, In From LF",Comerica Park
824159,73.0,Roof Closed,"0 mph, None",Daikin Park
823993,78.0,Clear,"8 mph, Out To LF",Angel Stadium
823913,74.0,Clear,"3 mph, L To R",UNIQLO Field at Dodger Stadium
823591,80.0,Partly Cloudy,"7 mph, Out To LF",Citi Field
823346,77.0,Partly Cloudy,"1 mph, R To L",PNC Park
823185,63.0,Overcast,"9 mph, Out To CF",Oracle Park
822942,72.0,Dome,"0 mph, None",Tropicana Field
822777,77.0,Clear,"2 mph, Out To LF",Rogers Centre
824966,85.0,Clear,"9 mph, Out To LF",Sutter Health Park
824884,91.0,Partly Cloudy,"6 mph, Out To RF",Truist Park
824644,77.0,Cloudy,"7 mph, Out To LF",Wrigley Field
824480,84.0,Partly Cloudy,"5 mph, R To L",Great American Ball Park
824400,79.0,Partly Cloudy,"8 mph, L To R",Progressive Field
824239,76.0,Cloudy,"7 mph, In From CF",Comerica Park
824157,73.0,Roof Closed,"0 mph, None",Daikin Park
823990,78.0,Clear,"7 mph, R To L",Angel Stadium
823914,81.0,Sunny,"10 mph, Out To CF",UNIQLO Field at Dodger Stadium
823671,80.0,Overcast,"4 mph, R To L",Target Field
823588,83.0,Sunny,"4 mph, Out To LF",Citi Field
823347,79.0,Cloudy,"2 mph, R To L",PNC Park
823184,65.0,Cloudy,"8 mph, Out To CF",Oracle Park
822941,72.0,Dome,"0 mph, None",Tropicana Field
822775,73.0,Sunny,"14 mph, R To L",Rogers Centre
824965,85.0,Partly Cloudy,"4 mph, L To R",Sutter Health Park
824880,92.0,Sunny,"5 mph, Out To CF",Truist Park
824642,86.0,Cloudy,"4 mph, Out To RF",Wrigley Field
824477,87.0,Overcast,"9 mph, Out To LF",Great American Ball Park
824397,78.0,Overcast,"9 mph, Out To RF",Progressive Field
824236,80.0,Overcast,"5 mph, R To L",Comerica Park
824156,73.0,Roof Closed,"0 mph, None",Daikin Park
823991,84.0,Sunny,"8 mph, R To L",Angel Stadium
823912,83.0,Sunny,"7 mph, Out To CF",UNIQLO Field at Dodger Stadium
823670,79.0,Partly Cloudy,"12 mph, Out To CF",Target Field
823590,79.0,Cloudy,"13 mph, Out To LF",Citi Field
823344,81.0,Overcast,"10 mph, Out To CF",PNC Park
823182,66.0,Partly Cloudy,"16 mph, Varies",Oracle Park
822940,72.0,Dome,"0 mph, None",Tropicana Field
822774,74.0,Partly Cloudy,"10 mph, R To L",Rogers Centre
824725,76.0,Overcast,"4 mph, Out To LF",Fenway Park
824641,76.0,Clear,"6 mph, In From RF",Wrigley Field
824514,83.0,Overcast,"5 mph, Out To LF",Great American Ball Park
824478,81.0,Cloudy,"8 mph, Out To CF",Great American Ball Park
824320,92.0,Partly Cloudy,"5 mph, R To L",Coors Field
824077,85.0,Clear,"4 mph, L To R",Kauffman Stadium
823668,79.0,Partly Cloudy,"10 mph, Out To CF",Target Field
823589,77.0,Cloudy,"6 mph, In From RF",Citi Field
823427,86.0,Cloudy,"5 mph, Out To CF",Citizens Bank Park
823343,79.0,Overcast,"6 mph, Out To RF",PNC Park
822939,72.0,Dome,"0 mph, None",Tropicana Field
824803,84.0,Partly Cloudy,"3 mph, In From LF",Oriole Park at Camden Yards
824723,76.0,Partly Cloudy,"5 mph, In From RF",Fenway Park
824639,77.0,Partly Cloudy,"9 mph, Out To CF",Wrigley Field
824475,81.0,Clear,"3 mph, Out To CF",Great American Ball Park
824398,77.0,Partly Cloudy,"6 mph, In From LF",Progressive Field
824319,86.0,Cloudy,"3 mph, R To L",Coors Field
824154,73.0,Roof Closed,"0 mph, None",Daikin Park
824075,86.0,Partly Cloudy,"4 mph, R To L",Kauffman Stadium
823749,80.0,Roof Closed,"0 mph, None",American Family Field
823667,79.0,Partly Cloudy,"9 mph, Out To RF",Target Field
823586,80.0,Partly Cloudy,"6 mph, Out To LF",Citi Field
823423,85.0,Partly Cloudy,"9 mph, In From LF",Citizens Bank Park
823341,79.0,Clear,"5 mph, Out To LF",PNC Park
822938,72.0,Dome,"0 mph, None",Tropicana Field
822859,74.0,Roof Closed,"0 mph, None",Globe Life Field
824801,86,Partly Cloudy,"5 mph, Out To RF",Oriole Park at Camden Yards
824722,85,Partly Cloudy,"4 mph, Out To RF",Fenway Park
824640,75,Partly Cloudy,"8 mph, In From CF",Wrigley Field
824476,79,Partly Cloudy,"3 mph, R To L",Great American Ball Park
824394,77,Partly Cloudy,"3 mph, Calm",Progressive Field
824318,89,Cloudy,"7 mph, In From CF",Coors Field
824155,73,Roof Closed,"0 mph, None",Daikin Park
824076,82,Clear,"2 mph, L To R",Kauffman Stadium
823748,72,Partly Cloudy,"6 mph, In From LF",American Family Field
823664,77,Partly Cloudy,"3 mph, In From CF",Target Field
823587,85,Sunny,"7 mph, Out To RF",Citi Field
823424,85,Partly Cloudy,"9 mph, L To R",Citizens Bank Park
823342,75,Partly Cloudy,"10 mph, Out To LF",PNC Park
822937,72,Dome,"0 mph, None",Tropicana Field
822860,74,Roof Closed,"0 mph, None",Globe Life Field
