key,stand,significant,factor,date
temp=80-90 wind=Calm speed=5-10mph,L,no (CI overlaps baseline),0.3350740251727346,2026-08-15
temp=80-90 wind=Out speed=5-10mph,L,no (CI overlaps baseline),0.3244743209783995,2026-08-15
temp=80-90 wind=Cross speed=5-10mph,L,no (CI overlaps baseline),0.3053665123035696,2026-08-15
temp=80-90 wind=Out speed=10-15mph,L,no (CI overlaps baseline),0.2699718634254737,2026-08-15
temp=80-90 wind=Cross speed=10-15mph,L,no (CI overlaps baseline),0.2516055398667931,2026-08-15
temp=70-80 wind=Calm speed=5-10mph,L,no (CI overlaps baseline),0.2234098828027704,2026-08-15
temp=70-80 wind=Out speed=5-10mph,L,no (CI overlaps baseline),0.2136477111448225,2026-08-15
temp=70-80 wind=Cross speed=5-10mph,L,no (CI overlaps baseline),0.1960516836823165,2026-08-15
temp=60-70 wind=Calm speed=5-10mph,L,no (CI overlaps baseline),0.1817831319200873,2026-08-15
temp=80-90 wind=Calm speed=0-5mph,L,no (CI overlaps baseline),0.1742888016093522,2026-08-15
temp=70-80 wind=Calm speed=10-15mph,L,no (CI overlaps baseline),0.172844118412172,2026-08-15
temp=60-70 wind=Out speed=5-10mph,L,no (CI overlaps baseline),0.1723354613950891,2026-08-15
temp=80-90 wind=Out speed=0-5mph,L,no (CI overlaps baseline),0.1648978844109045,2026-08-15
temp=70-80 wind=Out speed=10-15mph,L,no (CI overlaps baseline),0.1634641461810224,2026-08-15
temp=80-90 wind=Out speed=15+mph,L,no (CI overlaps baseline),0.1610930344666652,2026-08-15
temp=60-70 wind=Cross speed=5-10mph,L,no (CI overlaps baseline),0.1553070289326479,2026-08-15
temp=90+ wind=Out speed=5-10mph,L,no (CI overlaps baseline),0.1482196328819633,2026-08-15
temp=80-90 wind=Cross speed=0-5mph,L,no (CI overlaps baseline),0.1479718719986611,2026-08-15
temp=70-80 wind=Cross speed=10-15mph,L,no (CI overlaps baseline),0.1465578854470595,2026-08-15
temp=80-90 wind=Cross speed=15+mph,L,no (CI overlaps baseline),0.1442194448211002,2026-08-15
temp=60-70 wind=Calm speed=10-15mph,L,no (CI overlaps baseline),0.1328494784923006,2026-08-15
temp=90+ wind=Cross speed=5-10mph,L,no (CI overlaps baseline),0.1315235500740186,2026-08-15
temp=80-90 wind=Varies speed=5-10mph,L,no (CI overlaps baseline),0.1292787034372537,2026-08-15
temp=60-70 wind=Out speed=10-15mph,L,no (CI overlaps baseline),0.1237730999539392,2026-08-15
temp=60-70 wind=Cross speed=10-15mph,L,no (CI overlaps baseline),0.1074146910876094,2026-08-15
temp=90+ wind=Out speed=10-15mph,L,no (CI overlaps baseline),0.1006064719006625,2026-08-15
temp=80-90 wind=In speed=5-10mph,L,no (CI overlaps baseline),0.0911708527688108,2026-08-15
temp=90+ wind=Cross speed=10-15mph,L,no (CI overlaps baseline),0.0845687704785997,2026-08-15
temp=80-90 wind=Varies speed=10-15mph,L,no (CI overlaps baseline),0.0824125218111826,2026-08-15
temp=70-80 wind=Calm speed=0-5mph,L,no (CI overlaps baseline),0.0754134189666879,2026-08-15
temp=70-80 wind=Out speed=0-5mph,L,no (CI overlaps baseline),0.0667750322999629,2026-08-15
temp=70-80 wind=Out speed=15+mph,L,no (CI overlaps baseline),0.0632752550764381,2026-08-15
temp=70-80 wind=Cross speed=0-5mph,L,no (CI overlaps baseline),0.0512069226335711,2026-08-15
temp=70-80 wind=Cross speed=15+mph,L,no (CI overlaps baseline),0.0477558079215072,2026-08-15
temp=80-90 wind=In speed=10-15mph,L,no (CI overlaps baseline),0.0458114434170262,2026-08-15
temp=60-70 wind=Calm speed=0-5mph,L,no (CI overlaps baseline),0.0385850005661347,2026-08-15
temp=70-80 wind=Varies speed=5-10mph,L,no (CI overlaps baseline),0.0340157539540904,2026-08-15
temp=60-70 wind=Out speed=0-5mph,L,no (CI overlaps baseline),0.0302287004507686,2026-08-15
temp=60-70 wind=Out speed=15+mph,L,no (CI overlaps baseline),0.0268432716936428,2026-08-15
temp=60-70 wind=Cross speed=0-5mph,L,no (CI overlaps baseline),0.015169528370027,2026-08-15
temp=60-70 wind=Cross speed=15+mph,L,no (CI overlaps baseline),0.0118313318621932,2026-08-15
temp=90+ wind=Out speed=0-5mph,L,no (CI overlaps baseline),0.0089025836654892,2026-08-15
temp=90+ wind=Out speed=15+mph,L,no (CI overlaps baseline),0.0055840627155177,2026-08-15
temp=70-80 wind=In speed=5-10mph,L,no (CI overlaps baseline),-0.0010225630999232,2026-08-15
temp=60-70 wind=Varies speed=5-10mph,L,no (CI overlaps baseline),-0.0014588049650173,2026-08-15
temp=90+ wind=Cross speed=0-5mph,L,no (CI overlaps baseline),-0.0058588069751712,2026-08-15
temp=80-90 wind=Varies speed=0-5mph,L,no (CI overlaps baseline),-0.0078433219446836,2026-08-15
temp=70-80 wind=Varies speed=10-15mph,L,no (CI overlaps baseline),-0.0090739892763005,2026-08-15
temp=90+ wind=Cross speed=15+mph,L,no (CI overlaps baseline),-0.009130937783753,2026-08-15
temp=60-70 wind=In speed=5-10mph,L,no (CI overlaps baseline),-0.0353472503422832,2026-08-15
temp=80-90 wind=In speed=0-5mph,L,no (CI overlaps baseline),-0.0415244265457713,2026-08-15
temp=70-80 wind=In speed=10-15mph,L,no (CI overlaps baseline),-0.0427151134759976,2026-08-15
temp=60-70 wind=Varies speed=10-15mph,L,no (CI overlaps baseline),-0.0431339319164053,2026-08-15
temp=80-90 wind=In speed=15+mph,L,no (CI overlaps baseline),-0.0446842078413318,2026-08-15
temp=90+ wind=In speed=5-10mph,L,no (CI overlaps baseline),-0.0553736468374348,2026-08-15
temp=90+ wind=Varies speed=10-15mph,L,no (CI overlaps baseline),-0.0630054757241281,2026-08-15
temp=60-70 wind=In speed=10-15mph,L,no (CI overlaps baseline),-0.0756667901502344,2026-08-15
temp=70-80 wind=Varies speed=0-5mph,L,no (CI overlaps baseline),-0.0920138699451444,2026-08-15
temp=90+ wind=In speed=10-15mph,L,no (CI overlaps baseline),-0.0948901628927959,2026-08-15
temp=<60 wind=Out speed=5-10mph,L,no (CI overlaps baseline),-0.1128636592082377,2026-08-15
temp=70-80 wind=In speed=0-5mph,L,no (CI overlaps baseline),-0.122950272954305,2026-08-15
temp=70-80 wind=In speed=15+mph,L,no (CI overlaps baseline),-0.12585215453731,2026-08-15
temp=<60 wind=Cross speed=5-10mph,L,no (CI overlaps baseline),-0.1259135314233632,2026-08-15
temp=60-70 wind=Varies speed=15+mph,L,no (CI overlaps baseline),-0.1262360267415648,2026-08-15
temp=90+ wind=Varies speed=0-5mph,L,no (CI overlaps baseline),-0.1416055312015349,2026-08-15
temp=<60 wind=Out speed=10-15mph,L,no (CI overlaps baseline),-0.1500669222881929,2026-08-15
temp=60-70 wind=In speed=0-5mph,L,no (CI overlaps baseline),-0.1532450915203271,2026-08-15
temp=60-70 wind=In speed=15+mph,L,no (CI overlaps baseline),-0.1560505225742134,2026-08-15
temp=<60 wind=Cross speed=10-15mph,L,no (CI overlaps baseline),-0.1625900471893832,2026-08-15
temp=90+ wind=In speed=0-5mph,L,no (CI overlaps baseline),-0.1709150454860689,2026-08-15
temp=<60 wind=Calm speed=0-5mph,L,no (CI overlaps baseline),-0.2152331330667757,2026-08-15
temp=<60 wind=Out speed=0-5mph,L,no (CI overlaps baseline),-0.2216188772643127,2026-08-15
temp=<60 wind=Out speed=15+mph,L,no (CI overlaps baseline),-0.2242056316231012,2026-08-15
temp=<60 wind=Cross speed=0-5mph,L,no (CI overlaps baseline),-0.2331238860957811,2026-08-15
temp=<60 wind=Cross speed=15+mph,L,no (CI overlaps baseline),-0.2356737092017136,2026-08-15
temp=<60 wind=In speed=5-10mph,L,no (CI overlaps baseline),-0.2716902702851123,2026-08-15
temp=<60 wind=Varies speed=10-15mph,L,no (CI overlaps baseline),-0.2776311087383691,2026-08-15
temp=<60 wind=In speed=10-15mph,L,no (CI overlaps baseline),-0.3024410291438989,2026-08-15
temp=<60 wind=Varies speed=0-5mph,L,no (CI overlaps baseline),-0.3387616367819351,2026-08-15
temp=<60 wind=Varies speed=15+mph,L,no (CI overlaps baseline),-0.340970537892482,2026-08-15
temp=<60 wind=In speed=0-5mph,L,yes,-0.3615316627523998,2026-08-15
temp=<60 wind=In speed=15+mph,L,yes,-0.3636666477642878,2026-08-15
temp=90+ wind=Cross speed=10-15mph,R,no (CI overlaps baseline),0.3213009557355821,2026-08-15
temp=80-90 wind=Cross speed=10-15mph,R,no (CI overlaps baseline),0.2928712738664425,2026-08-15
temp=90+ wind=Varies speed=10-15mph,R,no (CI overlaps baseline),0.2795374996196162,2026-08-15
temp=80-90 wind=Varies speed=10-15mph,R,no (CI overlaps baseline),0.2519461516602856,2026-08-15
temp=90+ wind=Out speed=10-15mph,R,no (CI overlaps baseline),0.2312113770591164,2026-08-15
temp=90+ wind=In speed=10-15mph,R,no (CI overlaps baseline),0.2130419466162145,2026-08-15
temp=90+ wind=Cross speed=15+mph,R,no (CI overlaps baseline),0.2083523309289869,2026-08-15
temp=60-70 wind=Cross speed=10-15mph,R,no (CI overlaps baseline),0.2046320500590088,2026-08-15
temp=80-90 wind=Out speed=10-15mph,R,no (CI overlaps baseline),0.2045949734714816,2026-08-15
temp=90+ wind=Cross speed=5-10mph,R,no (CI overlaps baseline),0.1976704515703464,2026-08-15
temp=80-90 wind=In speed=10-15mph,R,no (CI overlaps baseline),0.1867934518743019,2026-08-15
temp=80-90 wind=Cross speed=15+mph,R,no (CI overlaps baseline),0.1821989153623637,2026-08-15
temp=80-90 wind=Cross speed=5-10mph,R,no (CI overlaps baseline),0.1717337888607273,2026-08-15
temp=60-70 wind=Varies speed=10-15mph,R,no (CI overlaps baseline),0.1663256995811428,2026-08-15
temp=70-80 wind=Cross speed=10-15mph,R,no (CI overlaps baseline),0.163812788684077,2026-08-15
temp=80-90 wind=Varies speed=5-10mph,R,no (CI overlaps baseline),0.1344102945776273,2026-08-15
temp=70-80 wind=Varies speed=10-15mph,R,no (CI overlaps baseline),0.1267264668322374,2026-08-15
temp=90+ wind=Out speed=15+mph,R,no (CI overlaps baseline),0.1254991245832237,2026-08-15
temp=60-70 wind=Out speed=10-15mph,R,no (CI overlaps baseline),0.1220186664677129,2026-08-15
temp=90+ wind=Out speed=5-10mph,R,no (CI overlaps baseline),0.1155060901472095,2026-08-15
temp=60-70 wind=In speed=10-15mph,R,no (CI overlaps baseline),0.1053655154277315,2026-08-15
temp=60-70 wind=Cross speed=15+mph,R,no (CI overlaps baseline),0.1010677201264231,2026-08-15
temp=80-90 wind=Out speed=15+mph,R,no (CI overlaps baseline),0.1010336438888213,2026-08-15
temp=90+ wind=In speed=5-10mph,R,no (CI overlaps baseline),0.0989439554856739,2026-08-15
temp=60-70 wind=Cross speed=5-10mph,R,no (CI overlaps baseline),0.0912790255553406,2026-08-15
temp=80-90 wind=Out speed=5-10mph,R,no (CI overlaps baseline),0.0912452347123362,2026-08-15
temp=80-90 wind=In speed=15+mph,R,no (CI overlaps baseline),0.0846740029476469,2026-08-15
temp=70-80 wind=Out speed=10-15mph,R,no (CI overlaps baseline),0.0838369327550705,2026-08-15
temp=80-90 wind=In speed=5-10mph,R,no (CI overlaps baseline),0.0750227332525568,2026-08-15
temp=70-80 wind=In speed=10-15mph,R,no (CI overlaps baseline),0.0677183228720319,2026-08-15
temp=60-70 wind=Varies speed=15+mph,R,no (CI overlaps baseline),0.0658673643776097,2026-08-15
temp=70-80 wind=Cross speed=15+mph,R,no (CI overlaps baseline),0.0635586367597402,2026-08-15
temp=60-70 wind=Varies speed=5-10mph,R,no (CI overlaps baseline),0.0563740540570893,2026-08-15
temp=90+ wind=Cross speed=0-5mph,R,no (CI overlaps baseline),0.0543336349230461,2026-08-15
temp=70-80 wind=Cross speed=5-10mph,R,no (CI overlaps baseline),0.0540847403900681,2026-08-15
temp=80-90 wind=Cross speed=0-5mph,R,no (CI overlaps baseline),0.0313302845601617,2026-08-15
temp=60-70 wind=Out speed=15+mph,R,no (CI overlaps baseline),0.0251681846085654,2026-08-15
temp=90+ wind=Varies speed=0-5mph,R,no (CI overlaps baseline),0.0205463512691712,2026-08-15
temp=70-80 wind=Varies speed=5-10mph,R,no (CI overlaps baseline),0.0203050015318639,2026-08-15
temp=60-70 wind=Out speed=5-10mph,R,no (CI overlaps baseline),0.0160178374773223,2026-08-15
temp=60-70 wind=In speed=15+mph,R,no (CI overlaps baseline),0.0098753195802789,2026-08-15
temp=60-70 wind=In speed=5-10mph,R,no (CI overlaps baseline),0.0008542402603028,2026-08-15
temp=80-90 wind=Varies speed=0-5mph,R,no (CI overlaps baseline),-0.0017588375878992,2026-08-15
temp=70-80 wind=Out speed=15+mph,R,no (CI overlaps baseline),-0.0098912969727679,2026-08-15
temp=<60 wind=Cross speed=10-15mph,R,no (CI overlaps baseline),-0.0148317265167874,2026-08-15
temp=90+ wind=Out speed=0-5mph,R,no (CI overlaps baseline),-0.018512377817933,2026-08-15
temp=70-80 wind=Out speed=5-10mph,R,no (CI overlaps baseline),-0.0187449702892149,2026-08-15
temp=70-80 wind=In speed=15+mph,R,no (CI overlaps baseline),-0.0246881712283665,2026-08-15
temp=90+ wind=In speed=0-5mph,R,no (CI overlaps baseline),-0.0331869974245692,2026-08-15
temp=70-80 wind=In speed=5-10mph,R,no (CI overlaps baseline),-0.0334162899335985,2026-08-15
temp=60-70 wind=Cross speed=0-5mph,R,no (CI overlaps baseline),-0.0399773451488388,2026-08-15
temp=80-90 wind=Out speed=0-5mph,R,no (CI overlaps baseline),-0.0400072789348264,2026-08-15
temp=<60 wind=Varies speed=10-15mph,R,no (CI overlaps baseline),-0.0465145898849133,2026-08-15
temp=80-90 wind=In speed=0-5mph,R,no (CI overlaps baseline),-0.0543765808721865,2026-08-15
temp=70-80 wind=Cross speed=0-5mph,R,no (CI overlaps baseline),-0.0729183226437754,2026-08-15
temp=<60 wind=Out speed=10-15mph,R,no (CI overlaps baseline),-0.0831313544177265,2026-08-15
temp=60-70 wind=Calm speed=10-15mph,R,no (CI overlaps baseline),-0.0959316198628645,2026-08-15
temp=<60 wind=In speed=10-15mph,R,no (CI overlaps baseline),-0.096885957353928,2026-08-15
temp=<60 wind=Cross speed=15+mph,R,no (CI overlaps baseline),-0.1004349858150557,2026-08-15
temp=70-80 wind=Varies speed=0-5mph,R,no (CI overlaps baseline),-0.1028217515491616,2026-08-15
temp=60-70 wind=Out speed=0-5mph,R,no (CI overlaps baseline),-0.1066160359185932,2026-08-15
temp=<60 wind=Cross speed=5-10mph,R,no (CI overlaps baseline),-0.10851718299715,2026-08-15
temp=60-70 wind=In speed=0-5mph,R,no (CI overlaps baseline),-0.1200346724489973,2026-08-15
temp=80-90 wind=Calm speed=5-10mph,R,no (CI overlaps baseline),-0.1210069899551167,2026-08-15
temp=70-80 wind=Calm speed=10-15mph,R,no (CI overlaps baseline),-0.127041192815302,2026-08-15
temp=<60 wind=Varies speed=15+mph,R,no (CI overlaps baseline),-0.1294916069752304,2026-08-15
temp=70-80 wind=Out speed=0-5mph,R,no (CI overlaps baseline),-0.1373746636030761,2026-08-15
temp=70-80 wind=In speed=0-5mph,R,no (CI overlaps baseline),-0.1503519817524553,2026-08-15
temp=<60 wind=Out speed=15+mph,R,no (CI overlaps baseline),-0.163062679842162,2026-08-15
temp=<60 wind=Out speed=5-10mph,R,no (CI overlaps baseline),-0.170606787623765,2026-08-15
temp=<60 wind=In speed=15+mph,R,no (CI overlaps baseline),-0.1756703077807712,2026-08-15
temp=60-70 wind=Calm speed=5-10mph,R,no (CI overlaps baseline),-0.1822384950525487,2026-08-15
temp=<60 wind=In speed=5-10mph,R,no (CI overlaps baseline),-0.1831056498033938,2026-08-15
temp=70-80 wind=Calm speed=5-10mph,R,no (CI overlaps baseline),-0.2105018146950473,2026-08-15
temp=<60 wind=Cross speed=0-5mph,R,no (CI overlaps baseline),-0.2167435875022956,2026-08-15
temp=80-90 wind=Calm speed=0-5mph,R,no (CI overlaps baseline),-0.2277788323256184,2026-08-15
temp=<60 wind=Varies speed=0-5mph,R,no (CI overlaps baseline),-0.2421934607717895,2026-08-15
temp=<60 wind=Out speed=0-5mph,R,no (CI overlaps baseline),-0.2715849377196202,2026-08-15
temp=60-70 wind=Calm speed=0-5mph,R,no (CI overlaps baseline),-0.2818539577509459,2026-08-15
temp=<60 wind=In speed=0-5mph,R,no (CI overlaps baseline),-0.2826194619735855,2026-08-15
temp=70-80 wind=Calm speed=0-5mph,R,no (CI overlaps baseline),-0.3067998140581924,2026-08-15
temp=<60 wind=Calm speed=0-5mph,R,yes,-0.415462466756524,2026-08-15
temp=80-90 wind=Calm speed=5-10mph,L,no (CI overlaps baseline),0.3371766559252187,2026-08-16
temp=80-90 wind=Out speed=5-10mph,L,no (CI overlaps baseline),0.3179347595853583,2026-08-16
temp=80-90 wind=Cross speed=5-10mph,L,no (CI overlaps baseline),0.3079383708445355,2026-08-16
temp=80-90 wind=Out speed=10-15mph,L,no (CI overlaps baseline),0.2648264540394187,2026-08-16
temp=80-90 wind=Cross speed=10-15mph,L,no (CI overlaps baseline),0.2552100251556011,2026-08-16
temp=70-80 wind=Calm speed=5-10mph,L,no (CI overlaps baseline),0.2223482718372806,2026-08-16
temp=70-80 wind=Out speed=5-10mph,L,no (CI overlaps baseline),0.2046686624136229,2026-08-16
temp=70-80 wind=Cross speed=5-10mph,L,no (CI overlaps baseline),0.1954849390919149,2026-08-16
temp=60-70 wind=Calm speed=5-10mph,L,no (CI overlaps baseline),0.1882815527738397,2026-08-16
temp=80-90 wind=Calm speed=0-5mph,L,no (CI overlaps baseline),0.1828454078828882,2026-08-16
temp=70-80 wind=Calm speed=10-15mph,L,no (CI overlaps baseline),0.1728874605851995,2026-08-16
temp=60-70 wind=Out speed=5-10mph,L,no (CI overlaps baseline),0.1710686802283365,2026-08-16
temp=80-90 wind=Out speed=0-5mph,L,no (CI overlaps baseline),0.1657071516129322,2026-08-16
temp=60-70 wind=Cross speed=5-10mph,L,no (CI overlaps baseline),0.1621277050460967,2026-08-16
temp=80-90 wind=Out speed=15+mph,L,no (CI overlaps baseline),0.160166429084446,2026-08-16
temp=80-90 wind=Cross speed=0-5mph,L,no (CI overlaps baseline),0.1568049824912705,2026-08-16
temp=70-80 wind=Out speed=10-15mph,L,no (CI overlaps baseline),0.1558859847726581,2026-08-16
temp=80-90 wind=Cross speed=15+mph,L,no (CI overlaps baseline),0.1513043835077656,2026-08-16
temp=70-80 wind=Cross speed=10-15mph,L,no (CI overlaps baseline),0.1470549506131491,2026-08-16
temp=60-70 wind=Calm speed=10-15mph,L,no (CI overlaps baseline),0.1401284072495019,2026-08-16
temp=80-90 wind=Varies speed=5-10mph,L,no (CI overlaps baseline),0.1329854002857928,2026-08-16
temp=90+ wind=Out speed=5-10mph,L,no (CI overlaps baseline),0.1280219462841783,2026-08-16
temp=60-70 wind=Out speed=10-15mph,L,no (CI overlaps baseline),0.1235777994260913,2026-08-16
temp=90+ wind=Cross speed=5-10mph,L,no (CI overlaps baseline),0.1193930885038523,2026-08-16
temp=60-70 wind=Cross speed=10-15mph,L,no (CI overlaps baseline),0.1149812363086653,2026-08-16
temp=80-90 wind=In speed=5-10mph,L,no (CI overlaps baseline),0.0870799209786175,2026-08-16
temp=80-90 wind=Varies speed=10-15mph,L,no (CI overlaps baseline),0.0869634498395035,2026-08-16
temp=90+ wind=Out speed=10-15mph,L,no (CI overlaps baseline),0.0821918169888513,2026-08-16
temp=70-80 wind=Calm speed=0-5mph,L,no (CI overlaps baseline),0.080621599056057,2026-08-16
temp=90+ wind=Cross speed=10-15mph,L,no (CI overlaps baseline),0.0738966409887726,2026-08-16
temp=70-80 wind=Out speed=0-5mph,L,no (CI overlaps baseline),0.0648935088103799,2026-08-16
temp=70-80 wind=Out speed=15+mph,L,no (CI overlaps baseline),0.0598091333671608,2026-08-16
temp=70-80 wind=Cross speed=0-5mph,L,no (CI overlaps baseline),0.0567246498710394,2026-08-16
temp=70-80 wind=Cross speed=15+mph,L,no (CI overlaps baseline),0.0516774406094309,2026-08-16
temp=60-70 wind=Calm speed=0-5mph,L,no (CI overlaps baseline),0.0503178335993965,2026-08-16
temp=80-90 wind=In speed=10-15mph,L,no (CI overlaps baseline),0.0428353488299337,2026-08-16
temp=60-70 wind=Out speed=0-5mph,L,no (CI overlaps baseline),0.0350103528262237,2026-08-16
temp=70-80 wind=Varies speed=5-10mph,L,no (CI overlaps baseline),0.0348699599697803,2026-08-16
temp=60-70 wind=Out speed=15+mph,L,no (CI overlaps baseline),0.0300620755554679,2026-08-16
temp=60-70 wind=Cross speed=0-5mph,L,no (CI overlaps baseline),0.0270601879793468,2026-08-16
temp=60-70 wind=Cross speed=15+mph,L,no (CI overlaps baseline),0.0221481822782336,2026-08-16
temp=60-70 wind=Varies speed=5-10mph,L,no (CI overlaps baseline),0.0057913844435435,2026-08-16
temp=80-90 wind=Varies speed=0-5mph,L,no (CI overlaps baseline),0.0011524770960629,2026-08-16
temp=90+ wind=Out speed=0-5mph,L,no (CI overlaps baseline),-0.0032592844846225,2026-08-16
temp=70-80 wind=In speed=5-10mph,L,no (CI overlaps baseline),-0.0072373717231779,2026-08-16
temp=70-80 wind=Varies speed=10-15mph,L,no (CI overlaps baseline),-0.0073441871724936,2026-08-16
temp=90+ wind=Out speed=15+mph,L,no (CI overlaps baseline),-0.0080327155157604,2026-08-16
temp=90+ wind=Cross speed=0-5mph,L,no (CI overlaps baseline),-0.0109284941436669,2026-08-16
temp=90+ wind=Cross speed=15+mph,L,no (CI overlaps baseline),-0.0156668113687852,2026-08-16
temp=60-70 wind=In speed=5-10mph,L,no (CI overlaps baseline),-0.0351838402778246,2026-08-16
temp=60-70 wind=Varies speed=10-15mph,L,no (CI overlaps baseline),-0.0352877783673751,2026-08-16
temp=80-90 wind=In speed=0-5mph,L,no (CI overlaps baseline),-0.0396418698659064,2026-08-16
temp=80-90 wind=In speed=15+mph,L,no (CI overlaps baseline),-0.0442485000088006,2026-08-16
temp=70-80 wind=In speed=10-15mph,L,no (CI overlaps baseline),-0.0478070422480194,2026-08-16
temp=90+ wind=In speed=5-10mph,L,no (CI overlaps baseline),-0.0709659001672987,2026-08-16
temp=90+ wind=Varies speed=10-15mph,L,no (CI overlaps baseline),-0.0710661432277294,2026-08-16
temp=60-70 wind=In speed=10-15mph,L,no (CI overlaps baseline),-0.0746586570159283,2026-08-16
temp=70-80 wind=Varies speed=0-5mph,L,no (CI overlaps baseline),-0.0860150566557436,2026-08-16
temp=90+ wind=In speed=10-15mph,L,no (CI overlaps baseline),-0.1090349040408533,2026-08-16
temp=60-70 wind=Varies speed=15+mph,L,no (CI overlaps baseline),-0.1161058833695155,2026-08-16
temp=<60 wind=Out speed=5-10mph,L,no (CI overlaps baseline),-0.1172668445322522,2026-08-16
temp=70-80 wind=In speed=0-5mph,L,no (CI overlaps baseline),-0.1233966624067379,2026-08-16
temp=<60 wind=Cross speed=5-10mph,L,no (CI overlaps baseline),-0.1240931693832869,2026-08-16
temp=70-80 wind=In speed=15+mph,L,no (CI overlaps baseline),-0.1276171716442191,2026-08-16
temp=90+ wind=Varies speed=0-5mph,L,no (CI overlaps baseline),-0.1448797502077552,2026-08-16
temp=60-70 wind=In speed=0-5mph,L,no (CI overlaps baseline),-0.1481976332186296,2026-08-16
temp=60-70 wind=In speed=15+mph,L,no (CI overlaps baseline),-0.1523032349231405,2026-08-16
temp=<60 wind=Out speed=10-15mph,L,no (CI overlaps baseline),-0.1535101239416207,2026-08-16
temp=<60 wind=Cross speed=10-15mph,L,no (CI overlaps baseline),-0.1600666412314307,2026-08-16
temp=90+ wind=In speed=0-5mph,L,no (CI overlaps baseline),-0.1799417236765826,2026-08-16
temp=<60 wind=Calm speed=0-5mph,L,no (CI overlaps baseline),-0.2093449462141562,2026-08-16
temp=<60 wind=Out speed=0-5mph,L,no (CI overlaps baseline),-0.2210000881275809,2026-08-16
temp=<60 wind=Out speed=15+mph,L,no (CI overlaps baseline),-0.2247668726851518,2026-08-16
temp=<60 wind=Cross speed=0-5mph,L,no (CI overlaps baseline),-0.2270518035958907,2026-08-16
temp=<60 wind=Cross speed=15+mph,L,no (CI overlaps baseline),-0.2307903225005183,2026-08-16
temp=<60 wind=In speed=5-10mph,L,no (CI overlaps baseline),-0.2743956642028347,2026-08-16
temp=<60 wind=Varies speed=10-15mph,L,no (CI overlaps baseline),-0.2744746668914694,2026-08-16
temp=<60 wind=In speed=10-15mph,L,no (CI overlaps baseline),-0.3043871932049019,2026-08-16
temp=<60 wind=Varies speed=0-5mph,L,no (CI overlaps baseline),-0.3326061810151647,2026-08-16
temp=<60 wind=Varies speed=15+mph,L,no (CI overlaps baseline),-0.335849183461225,2026-08-16
temp=<60 wind=In speed=0-5mph,L,yes,-0.3601898099561642,2026-08-16
temp=<60 wind=In speed=15+mph,L,yes,-0.3633025419631954,2026-08-16
temp=90+ wind=Cross speed=10-15mph,R,no (CI overlaps baseline),0.3188714344582748,2026-08-16
temp=90+ wind=Varies speed=10-15mph,R,no (CI overlaps baseline),0.3015991031002059,2026-08-16
temp=80-90 wind=Cross speed=10-15mph,R,no (CI overlaps baseline),0.2746486285499852,2026-08-16
temp=80-90 wind=Varies speed=10-15mph,R,no (CI overlaps baseline),0.2579163606640913,2026-08-16
temp=90+ wind=Out speed=10-15mph,R,no (CI overlaps baseline),0.2542249103561829,2026-08-16
temp=90+ wind=In speed=10-15mph,R,no (CI overlaps baseline),0.2186987614197355,2026-08-16
temp=80-90 wind=Out speed=10-15mph,R,no (CI overlaps baseline),0.2120287336793256,2026-08-16
temp=90+ wind=Cross speed=5-10mph,R,no (CI overlaps baseline),0.2055385132046376,2026-08-16
temp=90+ wind=Cross speed=15+mph,R,no (CI overlaps baseline),0.203820672171745,2026-08-16
temp=60-70 wind=Cross speed=10-15mph,R,no (CI overlaps baseline),0.1870789912702974,2026-08-16
temp=80-90 wind=In speed=10-15mph,R,no (CI overlaps baseline),0.1776224584285191,2026-08-16
temp=60-70 wind=Varies speed=10-15mph,R,no (CI overlaps baseline),0.1714240962062245,2026-08-16
temp=80-90 wind=Cross speed=5-10mph,R,no (CI overlaps baseline),0.1648781623466551,2026-08-16
temp=80-90 wind=Cross speed=15+mph,R,no (CI overlaps baseline),0.1632146608222213,2026-08-16
temp=80-90 wind=Varies speed=5-10mph,R,no (CI overlaps baseline),0.1494980839086281,2026-08-16
temp=90+ wind=Out speed=5-10mph,R,no (CI overlaps baseline),0.1461052688734883,2026-08-16
temp=90+ wind=Out speed=15+mph,R,no (CI overlaps baseline),0.1444669400248956,2026-08-16
temp=70-80 wind=Cross speed=10-15mph,R,no (CI overlaps baseline),0.1373190594761335,2026-08-16
temp=60-70 wind=Out speed=10-15mph,R,no (CI overlaps baseline),0.1285009362314428,2026-08-16
temp=70-80 wind=Varies speed=10-15mph,R,no (CI overlaps baseline),0.1222810714910074,2026-08-16
temp=90+ wind=In speed=5-10mph,R,no (CI overlaps baseline),0.1134590159212329,2026-08-16
temp=80-90 wind=Out speed=5-10mph,R,no (CI overlaps baseline),0.1073308719806316,2026-08-16
temp=80-90 wind=Out speed=15+mph,R,no (CI overlaps baseline),0.1057447042617278,2026-08-16
temp=60-70 wind=In speed=10-15mph,R,no (CI overlaps baseline),0.0963268370278287,2026-08-16
temp=60-70 wind=Cross speed=5-10mph,R,no (CI overlaps baseline),0.0844114056903342,2026-08-16
temp=60-70 wind=Cross speed=15+mph,R,no (CI overlaps baseline),0.0828561770342117,2026-08-16
temp=70-80 wind=Out speed=10-15mph,R,no (CI overlaps baseline),0.0810547309210112,2026-08-16
temp=80-90 wind=In speed=5-10mph,R,no (CI overlaps baseline),0.0757257636213419,2026-08-16
temp=80-90 wind=In speed=15+mph,R,no (CI overlaps baseline),0.0741822804716478,2026-08-16
temp=60-70 wind=Varies speed=5-10mph,R,no (CI overlaps baseline),0.0700330963787303,2026-08-16
temp=60-70 wind=Varies speed=15+mph,R,no (CI overlaps baseline),0.0684973175482601,2026-08-16
temp=90+ wind=Cross speed=0-5mph,R,no (CI overlaps baseline),0.0537393508617891,2026-08-16
temp=70-80 wind=In speed=10-15mph,R,no (CI overlaps baseline),0.0501576779672268,2026-08-16
temp=90+ wind=Varies speed=0-5mph,R,no (CI overlaps baseline),0.0397452457501503,2026-08-16
temp=70-80 wind=Cross speed=5-10mph,R,no (CI overlaps baseline),0.0387163119918645,2026-08-16
temp=70-80 wind=Cross speed=15+mph,R,no (CI overlaps baseline),0.0372230041188623,2026-08-16
temp=60-70 wind=Out speed=5-10mph,R,no (CI overlaps baseline),0.0306207060400649,2026-08-16
temp=60-70 wind=Out speed=15+mph,R,no (CI overlaps baseline),0.0291384013196904,2026-08-16
temp=70-80 wind=Varies speed=5-10mph,R,no (CI overlaps baseline),0.0249108626691967,2026-08-16
temp=80-90 wind=Cross speed=0-5mph,R,no (CI overlaps baseline),0.0179202162757281,2026-08-16
temp=80-90 wind=Varies speed=0-5mph,R,no (CI overlaps baseline),0.004376434248478,2026-08-16
temp=90+ wind=Out speed=0-5mph,R,no (CI overlaps baseline),0.0013890772862308,2026-08-16
temp=60-70 wind=In speed=5-10mph,R,no (CI overlaps baseline),0.001088358903569,2026-08-16
temp=60-70 wind=In speed=15+mph,R,no (CI overlaps baseline),-0.0003537228621661,2026-08-16
temp=70-80 wind=Out speed=5-10mph,R,no (CI overlaps baseline),-0.0129267342976225,2026-08-16
temp=70-80 wind=Out speed=15+mph,R,no (CI overlaps baseline),-0.0143496813874417,2026-08-16
temp=90+ wind=In speed=0-5mph,R,no (CI overlaps baseline),-0.0273488665757019,2026-08-16
temp=<60 wind=Cross speed=10-15mph,R,no (CI overlaps baseline),-0.028690556205279,2026-08-16
temp=80-90 wind=Out speed=0-5mph,R,no (CI overlaps baseline),-0.032741970110498,2026-08-16
temp=70-80 wind=In speed=5-10mph,R,no (CI overlaps baseline),-0.0412747139835678,2026-08-16
temp=<60 wind=Varies speed=10-15mph,R,no (CI overlaps baseline),-0.0416456846937576,2026-08-16
temp=70-80 wind=In speed=15+mph,R,no (CI overlaps baseline),-0.042658866953963,2026-08-16
temp=60-70 wind=Cross speed=0-5mph,R,no (CI overlaps baseline),-0.0529084438604173,2026-08-16
temp=80-90 wind=In speed=0-5mph,R,no (CI overlaps baseline),-0.0605491872594653,2026-08-16
temp=<60 wind=Out speed=10-15mph,R,no (CI overlaps baseline),-0.0771464740949064,2026-08-16
temp=60-70 wind=Calm speed=10-15mph,R,no (CI overlaps baseline),-0.0892443910890535,2026-08-16
temp=70-80 wind=Cross speed=0-5mph,R,no (CI overlaps baseline),-0.0930963854705804,2026-08-16
temp=60-70 wind=Out speed=0-5mph,R,no (CI overlaps baseline),-0.1002137509284167,2026-08-16
temp=<60 wind=In speed=10-15mph,R,no (CI overlaps baseline),-0.1037376909272961,2026-08-16
temp=70-80 wind=Varies speed=0-5mph,R,no (CI overlaps baseline),-0.1052331760587244,2026-08-16
temp=80-90 wind=Calm speed=5-10mph,R,no (CI overlaps baseline),-0.1065242966256609,2026-08-16
temp=<60 wind=Cross speed=5-10mph,R,no (CI overlaps baseline),-0.1135813572066248,2026-08-16
temp=<60 wind=Cross speed=15+mph,R,no (CI overlaps baseline),-0.1148660075110399,2026-08-16
temp=60-70 wind=In speed=0-5mph,R,no (CI overlaps baseline),-0.1261709908767166,2026-08-16
temp=<60 wind=Varies speed=15+mph,R,no (CI overlaps baseline),-0.1267248947596605,2026-08-16
temp=70-80 wind=Calm speed=10-15mph,R,no (CI overlaps baseline),-0.1279616075234799,2026-08-16
temp=70-80 wind=Out speed=0-5mph,R,no (CI overlaps baseline),-0.1384858639844,2026-08-16
temp=<60 wind=Out speed=5-10mph,R,no (CI overlaps baseline),-0.1579911747955416,2026-08-16
temp=<60 wind=Out speed=15+mph,R,no (CI overlaps baseline),-0.1592143188300506,2026-08-16
temp=70-80 wind=In speed=0-5mph,R,no (CI overlaps baseline),-0.1633877864095516,2026-08-16
temp=60-70 wind=Calm speed=5-10mph,R,no (CI overlaps baseline),-0.1690758207676955,2026-08-16
temp=<60 wind=In speed=5-10mph,R,no (CI overlaps baseline),-0.1823535979384005,2026-08-16
temp=<60 wind=In speed=15+mph,R,no (CI overlaps baseline),-0.1835428735851506,2026-08-16
temp=70-80 wind=Calm speed=5-10mph,R,no (CI overlaps baseline),-0.2045419519580328,2026-08-16
temp=80-90 wind=Calm speed=0-5mph,R,no (CI overlaps baseline),-0.2206695267273793,2026-08-16
temp=<60 wind=Cross speed=0-5mph,R,no (CI overlaps baseline),-0.2268618245754559,2026-08-16
temp=<60 wind=Varies speed=0-5mph,R,no (CI overlaps baseline),-0.2372806229582358,2026-08-16
temp=<60 wind=Out speed=0-5mph,R,no (CI overlaps baseline),-0.2658162771848434,2026-08-16
temp=60-70 wind=Calm speed=0-5mph,R,no (CI overlaps baseline),-0.2755356508924786,2026-08-16
temp=<60 wind=In speed=0-5mph,R,no (CI overlaps baseline),-0.287176129571475,2026-08-16
temp=70-80 wind=Calm speed=0-5mph,R,no (CI overlaps baseline),-0.306623781963053,2026-08-16
temp=<60 wind=Calm speed=0-5mph,R,yes,-0.4098780415697517,2026-08-16
temp=80-90 wind=Calm speed=5-10mph,L,no (CI overlaps baseline),0.3236624827039824,2026-08-17
temp=80-90 wind=Out speed=5-10mph,L,no (CI overlaps baseline),0.3211701985954873,2026-08-17
temp=80-90 wind=Cross speed=5-10mph,L,no (CI overlaps baseline),0.3097854257931902,2026-08-17
temp=80-90 wind=Out speed=10-15mph,L,no (CI overlaps baseline),0.2678766215263259,2026-08-17
temp=80-90 wind=Cross speed=10-15mph,L,no (CI overlaps baseline),0.2569251426753245,2026-08-17
temp=70-80 wind=Calm speed=5-10mph,L,no (CI overlaps baseline),0.2149190414494473,2026-08-17
temp=70-80 wind=Out speed=5-10mph,L,no (CI overlaps baseline),0.2126203438103207,2026-08-17
temp=70-80 wind=Cross speed=5-10mph,L,no (CI overlaps baseline),0.2021204114546215,2026-08-17
temp=80-90 wind=Calm speed=0-5mph,L,no (CI overlaps baseline),0.1782539303545673,2026-08-17
temp=60-70 wind=Calm speed=5-10mph,L,no (CI overlaps baseline),0.177146663517091,2026-08-17
temp=80-90 wind=Out speed=0-5mph,L,no (CI overlaps baseline),0.17602095319677,2026-08-17
temp=60-70 wind=Out speed=5-10mph,L,no (CI overlaps baseline),0.1749156746050855,2026-08-17
temp=80-90 wind=Cross speed=0-5mph,L,no (CI overlaps baseline),0.1658213928388261,2026-08-17
temp=70-80 wind=Calm speed=10-15mph,L,no (CI overlaps baseline),0.1656867939768744,2026-08-17
temp=60-70 wind=Cross speed=5-10mph,L,no (CI overlaps baseline),0.1647252012501294,2026-08-17
temp=70-80 wind=Out speed=10-15mph,L,no (CI overlaps baseline),0.1634763949247362,2026-08-17
temp=70-80 wind=Cross speed=10-15mph,L,no (CI overlaps baseline),0.1533800240980138,2026-08-17
temp=90+ wind=Out speed=5-10mph,L,no (CI overlaps baseline),0.1487917775474272,2026-08-17
temp=80-90 wind=Out speed=15+mph,L,no (CI overlaps baseline),0.1459533332775586,2026-08-17
temp=90+ wind=Cross speed=5-10mph,L,no (CI overlaps baseline),0.1388163531757003,2026-08-17
temp=80-90 wind=Cross speed=15+mph,L,no (CI overlaps baseline),0.1360013061466538,2026-08-17
temp=60-70 wind=Calm speed=10-15mph,L,no (CI overlaps baseline),0.1293676735312081,2026-08-17
temp=60-70 wind=Out speed=10-15mph,L,no (CI overlaps baseline),0.1272226749488203,2026-08-17
temp=60-70 wind=Cross speed=10-15mph,L,no (CI overlaps baseline),0.1174251990294885,2026-08-17
temp=80-90 wind=Varies speed=5-10mph,L,no (CI overlaps baseline),0.1141932915343078,2026-08-17
temp=90+ wind=Out speed=10-15mph,L,no (CI overlaps baseline),0.1021069740563205,2026-08-17
temp=90+ wind=Cross speed=10-15mph,L,no (CI overlaps baseline),0.0925171557864759,2026-08-17
temp=80-90 wind=In speed=5-10mph,L,no (CI overlaps baseline),0.0849904977174216,2026-08-17
temp=70-80 wind=Calm speed=0-5mph,L,no (CI overlaps baseline),0.0808754955973358,2026-08-17
temp=70-80 wind=Out speed=0-5mph,L,no (CI overlaps baseline),0.0788181642867225,2026-08-17
temp=70-80 wind=Cross speed=0-5mph,L,no (CI overlaps baseline),0.0694213308202864,2026-08-17
temp=80-90 wind=Varies speed=10-15mph,L,no (CI overlaps baseline),0.0688473943016623,2026-08-17
temp=70-80 wind=Out speed=15+mph,L,no (CI overlaps baseline),0.051118955554374,2026-08-17
temp=60-70 wind=Calm speed=0-5mph,L,no (CI overlaps baseline),0.0470751697504439,2026-08-17
temp=60-70 wind=Out speed=0-5mph,L,no (CI overlaps baseline),0.0450791793188218,2026-08-17
temp=70-80 wind=Cross speed=15+mph,L,no (CI overlaps baseline),0.0419521953666295,2026-08-17
temp=80-90 wind=In speed=10-15mph,L,no (CI overlaps baseline),0.0407779406774213,2026-08-17
temp=60-70 wind=Cross speed=0-5mph,L,no (CI overlaps baseline),0.0359626644236756,2026-08-17
temp=70-80 wind=Varies speed=5-10mph,L,no (CI overlaps baseline),0.0218672961089758,2026-08-17
temp=90+ wind=Out speed=0-5mph,L,no (CI overlaps baseline),0.0217102729693974,2026-08-17
temp=60-70 wind=Out speed=15+mph,L,no (CI overlaps baseline),0.0182069531196382,2026-08-17
temp=90+ wind=Cross speed=0-5mph,L,no (CI overlaps baseline),0.0127884290231745,2026-08-17
temp=60-70 wind=Cross speed=15+mph,L,no (CI overlaps baseline),0.0093143291185495,2026-08-17
temp=90+ wind=Out speed=15+mph,L,no (CI overlaps baseline),-0.0045876700635104,2026-08-17
temp=70-80 wind=In speed=5-10mph,L,no (CI overlaps baseline),-0.005023047059973,2026-08-17
temp=80-90 wind=Varies speed=0-5mph,L,no (CI overlaps baseline),-0.0092302528362255,2026-08-17
temp=60-70 wind=Varies speed=5-10mph,L,no (CI overlaps baseline),-0.0101691307550982,2026-08-17
temp=90+ wind=Cross speed=15+mph,L,no (CI overlaps baseline),-0.0132899423325077,2026-08-17
temp=70-80 wind=Varies speed=10-15mph,L,no (CI overlaps baseline),-0.0198853611679411,2026-08-17
temp=80-90 wind=In speed=0-5mph,L,no (CI overlaps baseline),-0.0353373487619619,2026-08-17
temp=60-70 wind=In speed=5-10mph,L,no (CI overlaps baseline),-0.036252545189694,2026-08-17
temp=70-80 wind=In speed=10-15mph,L,no (CI overlaps baseline),-0.0457235836868293,2026-08-17
temp=60-70 wind=Varies speed=10-15mph,L,no (CI overlaps baseline),-0.0506680332666273,2026-08-17
temp=90+ wind=In speed=5-10mph,L,no (CI overlaps baseline),-0.0578790238219615,2026-08-17
temp=80-90 wind=In speed=15+mph,L,no (CI overlaps baseline),-0.060228264277413,2026-08-17
temp=90+ wind=Varies speed=10-15mph,L,no (CI overlaps baseline),-0.0719843393374204,2026-08-17
temp=60-70 wind=In speed=10-15mph,L,no (CI overlaps baseline),-0.075728029305675,2026-08-17
temp=70-80 wind=Varies speed=0-5mph,L,no (CI overlaps baseline),-0.0917434030673253,2026-08-17
temp=90+ wind=In speed=10-15mph,L,no (CI overlaps baseline),-0.0965041688576671,2026-08-17
temp=<60 wind=Out speed=5-10mph,L,no (CI overlaps baseline),-0.111255987874075,2026-08-17
temp=70-80 wind=In speed=0-5mph,L,no (CI overlaps baseline),-0.1157616048183479,2026-08-17
temp=<60 wind=Cross speed=5-10mph,L,no (CI overlaps baseline),-0.1190622039488719,2026-08-17
temp=70-80 wind=In speed=15+mph,L,no (CI overlaps baseline),-0.1386566317656677,2026-08-17
temp=90+ wind=Varies speed=0-5mph,L,no (CI overlaps baseline),-0.1401684521781779,2026-08-17
temp=60-70 wind=Varies speed=15+mph,L,no (CI overlaps baseline),-0.1431378535626708,2026-08-17
temp=60-70 wind=In speed=0-5mph,L,no (CI overlaps baseline),-0.1436475134018108,2026-08-17
temp=<60 wind=Out speed=10-15mph,L,no (CI overlaps baseline),-0.1477754209900864,2026-08-17
temp=<60 wind=Cross speed=10-15mph,L,no (CI overlaps baseline),-0.1552728522569977,2026-08-17
temp=90+ wind=In speed=0-5mph,L,no (CI overlaps baseline),-0.1629535223292126,2026-08-17
temp=60-70 wind=In speed=15+mph,L,no (CI overlaps baseline),-0.1658471351211782,2026-08-17
temp=<60 wind=Calm speed=0-5mph,L,no (CI overlaps baseline),-0.209060769793846,2026-08-17
temp=<60 wind=Out speed=0-5mph,L,no (CI overlaps baseline),-0.2105856572124461,2026-08-17
temp=<60 wind=Cross speed=0-5mph,L,no (CI overlaps baseline),-0.2175496094711947,2026-08-17
temp=<60 wind=Out speed=15+mph,L,no (CI overlaps baseline),-0.2311089427468561,2026-08-17
temp=<60 wind=Cross speed=15+mph,L,no (CI overlaps baseline),-0.2378979233182886,2026-08-17
temp=<60 wind=In speed=5-10mph,L,no (CI overlaps baseline),-0.2726649201848333,2026-08-17
temp=<60 wind=Varies speed=10-15mph,L,no (CI overlaps baseline),-0.2836566119443615,2026-08-17
temp=<60 wind=In speed=10-15mph,L,no (CI overlaps baseline),-0.3027564695659684,2026-08-17
temp=<60 wind=Varies speed=0-5mph,L,no (CI overlaps baseline),-0.3367456434966953,2026-08-17
temp=<60 wind=Varies speed=15+mph,L,no (CI overlaps baseline),-0.3540823667963976,2026-08-17
temp=<60 wind=In speed=0-5mph,L,yes,-0.3544701362949738,2026-08-17
temp=<60 wind=In speed=15+mph,L,yes,-0.3713563310985485,2026-08-17
temp=90+ wind=Cross speed=10-15mph,R,no (CI overlaps baseline),0.3126297505779614,2026-08-17
temp=90+ wind=Varies speed=10-15mph,R,no (CI overlaps baseline),0.3010841133703448,2026-08-17
temp=80-90 wind=Cross speed=10-15mph,R,no (CI overlaps baseline),0.2666156481662021,2026-08-17
temp=90+ wind=Out speed=10-15mph,R,no (CI overlaps baseline),0.2578368235318315,2026-08-17
temp=80-90 wind=Varies speed=10-15mph,R,no (CI overlaps baseline),0.2554474921863787,2026-08-17
temp=90+ wind=In speed=10-15mph,R,no (CI overlaps baseline),0.2173205670456435,2026-08-17
temp=80-90 wind=Out speed=10-15mph,R,no (CI overlaps baseline),0.213618432342306,2026-08-17
temp=90+ wind=Cross speed=5-10mph,R,no (CI overlaps baseline),0.2110827324619244,2026-08-17
temp=90+ wind=Cross speed=15+mph,R,no (CI overlaps baseline),0.2040019351983777,2026-08-17
temp=80-90 wind=In speed=10-15mph,R,no (CI overlaps baseline),0.1744369674272246,2026-08-17
temp=60-70 wind=Cross speed=10-15mph,R,no (CI overlaps baseline),0.171075553090874,2026-08-17
temp=80-90 wind=Cross speed=5-10mph,R,no (CI overlaps baseline),0.1684051620492743,2026-08-17
temp=80-90 wind=Cross speed=15+mph,R,no (CI overlaps baseline),0.1615584063970327,2026-08-17
temp=60-70 wind=Varies speed=10-15mph,R,no (CI overlaps baseline),0.160697446074634,2026-08-17
temp=90+ wind=Out speed=5-10mph,R,no (CI overlaps baseline),0.1602647357734321,2026-08-17
temp=80-90 wind=Varies speed=5-10mph,R,no (CI overlaps baseline),0.1580492590950835,2026-08-17
temp=90+ wind=Out speed=15+mph,R,no (CI overlaps baseline),0.1534627492497249,2026-08-17
temp=90+ wind=In speed=5-10mph,R,no (CI overlaps baseline),0.1227024581553135,2026-08-17
temp=60-70 wind=Out speed=10-15mph,R,no (CI overlaps baseline),0.1218356771579347,2026-08-17
temp=80-90 wind=Out speed=5-10mph,R,no (CI overlaps baseline),0.1192708656461745,2026-08-17
temp=70-80 wind=Cross speed=10-15mph,R,no (CI overlaps baseline),0.1133293684989726,2026-08-17
temp=80-90 wind=Out speed=15+mph,R,no (CI overlaps baseline),0.1126949501122556,2026-08-17
temp=70-80 wind=Varies speed=10-15mph,R,no (CI overlaps baseline),0.1034328944947478,2026-08-17
temp=60-70 wind=In speed=10-15mph,R,no (CI overlaps baseline),0.0854455051300162,2026-08-17
temp=80-90 wind=In speed=5-10mph,R,no (CI overlaps baseline),0.082959096235792,2026-08-17
temp=60-70 wind=Cross speed=5-10mph,R,no (CI overlaps baseline),0.0798444220249547,2026-08-17
temp=80-90 wind=In speed=15+mph,R,no (CI overlaps baseline),0.0765842968573213,2026-08-17
temp=60-70 wind=Cross speed=15+mph,R,no (CI overlaps baseline),0.0734869114572502,2026-08-17
temp=60-70 wind=Varies speed=5-10mph,R,no (CI overlaps baseline),0.0702286508414695,2026-08-17
temp=70-80 wind=Out speed=10-15mph,R,no (CI overlaps baseline),0.0663794061854237,2026-08-17
temp=90+ wind=Cross speed=0-5mph,R,no (CI overlaps baseline),0.0663212540765554,2026-08-17
temp=60-70 wind=Varies speed=15+mph,R,no (CI overlaps baseline),0.0639245529036569,2026-08-17
temp=90+ wind=Varies speed=0-5mph,R,no (CI overlaps baseline),0.0568191429163831,2026-08-17
temp=60-70 wind=Out speed=5-10mph,R,no (CI overlaps baseline),0.0342288295634503,2026-08-17
temp=70-80 wind=In speed=10-15mph,R,no (CI overlaps baseline),0.0316893254769179,2026-08-17
temp=80-90 wind=Cross speed=0-5mph,R,no (CI overlaps baseline),0.028464485493217,2026-08-17
temp=60-70 wind=Out speed=15+mph,R,no (CI overlaps baseline),0.0281252065371426,2026-08-17
temp=70-80 wind=Cross speed=5-10mph,R,no (CI overlaps baseline),0.026350501785286,2026-08-17
temp=90+ wind=Out speed=0-5mph,R,no (CI overlaps baseline),0.0212459173792816,2026-08-17
temp=70-80 wind=Cross speed=15+mph,R,no (CI overlaps baseline),0.0202908581713594,2026-08-17
temp=80-90 wind=Varies speed=0-5mph,R,no (CI overlaps baseline),0.0192814601811592,2026-08-17
temp=70-80 wind=Varies speed=5-10mph,R,no (CI overlaps baseline),0.0171853341133709,2026-08-17
temp=60-70 wind=In speed=5-10mph,R,no (CI overlaps baseline),0.0005290515815736,2026-08-17
temp=60-70 wind=In speed=15+mph,R,no (CI overlaps baseline),-0.0053861793176064,2026-08-17
temp=90+ wind=In speed=0-5mph,R,no (CI overlaps baseline),-0.0120529864028321,2026-08-17
temp=80-90 wind=Out speed=0-5mph,R,no (CI overlaps baseline),-0.0150942970095316,2026-08-17
temp=70-80 wind=Out speed=5-10mph,R,no (CI overlaps baseline),-0.0171234130229931,2026-08-17
temp=70-80 wind=Out speed=15+mph,R,no (CI overlaps baseline),-0.0229396810115414,2026-08-17
temp=<60 wind=Cross speed=10-15mph,R,no (CI overlaps baseline),-0.0400478599723139,2026-08-17
temp=80-90 wind=In speed=0-5mph,R,no (CI overlaps baseline),-0.0472681402906618,2026-08-17
temp=<60 wind=Varies speed=10-15mph,R,no (CI overlaps baseline),-0.0486500141752598,2026-08-17
temp=70-80 wind=In speed=5-10mph,R,no (CI overlaps baseline),-0.0492343071548453,2026-08-17
temp=60-70 wind=Cross speed=0-5mph,R,no (CI overlaps baseline),-0.0500271896370351,2026-08-17
temp=70-80 wind=In speed=15+mph,R,no (CI overlaps baseline),-0.0548700614604574,2026-08-17
temp=<60 wind=Out speed=10-15mph,R,no (CI overlaps baseline),-0.0808464152517843,2026-08-17
temp=60-70 wind=Out speed=0-5mph,R,no (CI overlaps baseline),-0.0904220197205503,2026-08-17
temp=60-70 wind=Calm speed=10-15mph,R,no (CI overlaps baseline),-0.0948954409536078,2026-08-17
temp=80-90 wind=Calm speed=5-10mph,R,no (CI overlaps baseline),-0.0969885901165563,2026-08-17
temp=70-80 wind=Cross speed=0-5mph,R,no (CI overlaps baseline),-0.0973962928598275,2026-08-17
temp=70-80 wind=Varies speed=0-5mph,R,no (CI overlaps baseline),-0.1055088598651674,2026-08-17
temp=<60 wind=In speed=10-15mph,R,no (CI overlaps baseline),-0.1109734597380642,2026-08-17
temp=<60 wind=Cross speed=5-10mph,R,no (CI overlaps baseline),-0.1156086770086409,2026-08-17
temp=60-70 wind=In speed=0-5mph,R,no (CI overlaps baseline),-0.120249783911282,2026-08-17
temp=<60 wind=Cross speed=15+mph,R,no (CI overlaps baseline),-0.1208692798539593,2026-08-17
temp=<60 wind=Varies speed=15+mph,R,no (CI overlaps baseline),-0.1287805705368025,2026-08-17
temp=70-80 wind=Out speed=0-5mph,R,no (CI overlaps baseline),-0.135868930019808,2026-08-17
temp=70-80 wind=Calm speed=10-15mph,R,no (CI overlaps baseline),-0.1401289821096422,2026-08-17
temp=<60 wind=Out speed=5-10mph,R,no (CI overlaps baseline),-0.153339712522265,2026-08-17
temp=<60 wind=Out speed=15+mph,R,no (CI overlaps baseline),-0.1583858407349522,2026-08-17
temp=70-80 wind=In speed=0-5mph,R,no (CI overlaps baseline),-0.1642721092079826,2026-08-17
temp=60-70 wind=Calm speed=5-10mph,R,no (CI overlaps baseline),-0.1663294856050386,2026-08-17
temp=<60 wind=In speed=5-10mph,R,no (CI overlaps baseline),-0.1811934179576794,2026-08-17
temp=<60 wind=In speed=15+mph,R,no (CI overlaps baseline),-0.1860806508836759,2026-08-17
temp=80-90 wind=Calm speed=0-5mph,R,no (CI overlaps baseline),-0.2064909499339413,2026-08-17
temp=70-80 wind=Calm speed=5-10mph,R,no (CI overlaps baseline),-0.2081422941849049,2026-08-17
temp=<60 wind=Cross speed=0-5mph,R,no (CI overlaps baseline),-0.2229457372044182,2026-08-17
temp=<60 wind=Varies speed=0-5mph,R,no (CI overlaps baseline),-0.2299757501579601,2026-08-17
temp=<60 wind=Out speed=0-5mph,R,no (CI overlaps baseline),-0.2562771344392732,2026-08-17
temp=60-70 wind=Calm speed=0-5mph,R,no (CI overlaps baseline),-0.2677485259031972,2026-08-17
temp=<60 wind=In speed=0-5mph,R,no (CI overlaps baseline),-0.2808726766911107,2026-08-17
temp=70-80 wind=Calm speed=0-5mph,R,no (CI overlaps baseline),-0.3046609252699535,2026-08-17
temp=<60 wind=Calm speed=0-5mph,R,yes,-0.4022915549181157,2026-08-17
temp=80-90 wind=Calm speed=5-10mph,L,no (CI overlaps baseline),0.316304120930917,2026-08-18
temp=80-90 wind=Cross speed=5-10mph,L,no (CI overlaps baseline),0.3095196813691407,2026-08-18
temp=80-90 wind=Out speed=5-10mph,L,no (CI overlaps baseline),0.2971846431209157,2026-08-18
temp=80-90 wind=Cross speed=10-15mph,L,no (CI overlaps baseline),0.2511423865294,2026-08-18
temp=80-90 wind=Out speed=10-15mph,L,no (CI overlaps baseline),0.2393265092777019,2026-08-18
temp=70-80 wind=Calm speed=5-10mph,L,no (CI overlaps baseline),0.2152712172638626,2026-08-18
temp=70-80 wind=Cross speed=5-10mph,L,no (CI overlaps baseline),0.2089791225765676,2026-08-18
temp=70-80 wind=Out speed=5-10mph,L,no (CI overlaps baseline),0.1975399884834059,2026-08-18
temp=90+ wind=Cross speed=5-10mph,L,no (CI overlaps baseline),0.1880083283057723,2026-08-18
temp=60-70 wind=Calm speed=5-10mph,L,no (CI overlaps baseline),0.1771516957745225,2026-08-18
temp=90+ wind=Out speed=5-10mph,L,no (CI overlaps baseline),0.1767571305493243,2026-08-18
temp=60-70 wind=Cross speed=5-10mph,L,no (CI overlaps baseline),0.1710465839520754,2026-08-18
temp=80-90 wind=Calm speed=0-5mph,L,no (CI overlaps baseline),0.1688354788230903,2026-08-18
temp=80-90 wind=Cross speed=0-5mph,L,no (CI overlaps baseline),0.1627712484980048,2026-08-18
temp=70-80 wind=Calm speed=10-15mph,L,no (CI overlaps baseline),0.1608754814978013,2026-08-18
temp=60-70 wind=Out speed=5-10mph,L,no (CI overlaps baseline),0.1599476640134902,2026-08-18
temp=70-80 wind=Cross speed=10-15mph,L,no (CI overlaps baseline),0.1548504114062285,2026-08-18
temp=80-90 wind=Out speed=0-5mph,L,no (CI overlaps baseline),0.1517467098166058,2026-08-18
temp=70-80 wind=Out speed=10-15mph,L,no (CI overlaps baseline),0.1438971214569206,2026-08-18
temp=90+ wind=Cross speed=10-15mph,L,no (CI overlaps baseline),0.1347706742862209,2026-08-18
temp=80-90 wind=Cross speed=15+mph,L,no (CI overlaps baseline),0.1330529163101219,2026-08-18
temp=60-70 wind=Calm speed=10-15mph,L,no (CI overlaps baseline),0.1243760068881396,2026-08-18
temp=90+ wind=Out speed=10-15mph,L,no (CI overlaps baseline),0.1239982394870955,2026-08-18
temp=80-90 wind=Out speed=15+mph,L,no (CI overlaps baseline),0.1222959688067664,2026-08-18
temp=60-70 wind=Cross speed=10-15mph,L,no (CI overlaps baseline),0.1185308748334745,2026-08-18
temp=60-70 wind=Out speed=10-15mph,L,no (CI overlaps baseline),0.1079049569304766,2026-08-18
temp=80-90 wind=Varies speed=5-10mph,L,no (CI overlaps baseline),0.1035424213291991,2026-08-18
temp=80-90 wind=In speed=5-10mph,L,no (CI overlaps baseline),0.0801346472472996,2026-08-18
temp=70-80 wind=Calm speed=0-5mph,L,no (CI overlaps baseline),0.0785706504501897,2026-08-18
temp=70-80 wind=Cross speed=0-5mph,L,no (CI overlaps baseline),0.0729522028286391,2026-08-18
temp=70-80 wind=Out speed=0-5mph,L,no (CI overlaps baseline),0.0627386822275319,2026-08-18
temp=90+ wind=Cross speed=0-5mph,L,no (CI overlaps baseline),0.0542291631806839,2026-08-18
temp=80-90 wind=Varies speed=10-15mph,L,no (CI overlaps baseline),0.0539108362159876,2026-08-18
temp=70-80 wind=Cross speed=15+mph,L,no (CI overlaps baseline),0.0454218697952715,2026-08-18
temp=60-70 wind=Calm speed=0-5mph,L,no (CI overlaps baseline),0.0445377519960616,2026-08-18
temp=90+ wind=Out speed=0-5mph,L,no (CI overlaps baseline),0.0441855546457128,2026-08-18
temp=60-70 wind=Cross speed=0-5mph,L,no (CI overlaps baseline),0.0390883554354073,2026-08-18
temp=70-80 wind=Out speed=15+mph,L,no (CI overlaps baseline),0.0354582894821196,2026-08-18
temp=80-90 wind=In speed=10-15mph,L,no (CI overlaps baseline),0.0315072443182204,2026-08-18
temp=60-70 wind=Out speed=0-5mph,L,no (CI overlaps baseline),0.0291823654086504,2026-08-18
temp=90+ wind=Cross speed=15+mph,L,no (CI overlaps baseline),0.0271571887516004,2026-08-18
temp=70-80 wind=Varies speed=5-10mph,L,no (CI overlaps baseline),0.0180896588172871,2026-08-18
temp=90+ wind=Out speed=15+mph,L,no (CI overlaps baseline),0.0173597796628739,2026-08-18
temp=60-70 wind=Cross speed=15+mph,L,no (CI overlaps baseline),0.0123876143363108,2026-08-18
temp=60-70 wind=Out speed=15+mph,L,no (CI overlaps baseline),0.0027247830682732,2026-08-18
temp=70-80 wind=In speed=5-10mph,L,no (CI overlaps baseline),-0.0035863375093792,2026-08-18
temp=60-70 wind=Varies speed=5-10mph,L,no (CI overlaps baseline),-0.0141189313095335,2026-08-18
temp=90+ wind=In speed=5-10mph,L,no (CI overlaps baseline),-0.0210322043850484,2026-08-18
temp=80-90 wind=Varies speed=0-5mph,L,no (CI overlaps baseline),-0.0211432398561217,2026-08-18
temp=70-80 wind=Varies speed=10-15mph,L,no (CI overlaps baseline),-0.027865871871483,2026-08-18
temp=60-70 wind=In speed=5-10mph,L,no (CI overlaps baseline),-0.0351386801779172,2026-08-18
temp=80-90 wind=In speed=0-5mph,L,no (CI overlaps baseline),-0.0420196135912593,2026-08-18
temp=90+ wind=Varies speed=10-15mph,L,no (CI overlaps baseline),-0.0449047239276954,2026-08-18
temp=70-80 wind=In speed=10-15mph,L,no (CI overlaps baseline),-0.0486049424189983,2026-08-18
temp=60-70 wind=Varies speed=10-15mph,L,no (CI overlaps baseline),-0.058681623121274,2026-08-18
temp=90+ wind=In speed=10-15mph,L,no (CI overlaps baseline),-0.0652954172821247,2026-08-18
temp=80-90 wind=In speed=15+mph,L,no (CI overlaps baseline),-0.0667229896385346,2026-08-18
temp=60-70 wind=In speed=10-15mph,L,no (CI overlaps baseline),-0.0787902397574237,2026-08-18
temp=70-80 wind=Varies speed=0-5mph,L,no (CI overlaps baseline),-0.0973310195753448,2026-08-18
temp=90+ wind=Varies speed=0-5mph,L,no (CI overlaps baseline),-0.1132004005882693,2026-08-18
temp=<60 wind=Cross speed=5-10mph,L,no (CI overlaps baseline),-0.1147567565814834,2026-08-18
temp=70-80 wind=In speed=0-5mph,L,no (CI overlaps baseline),-0.1166464259340921,2026-08-18
temp=<60 wind=Out speed=5-10mph,L,no (CI overlaps baseline),-0.1232534884383873,2026-08-18
temp=90+ wind=In speed=0-5mph,L,no (CI overlaps baseline),-0.1321893137338738,2026-08-18
temp=70-80 wind=In speed=15+mph,L,no (CI overlaps baseline),-0.139499083455735,2026-08-18
temp=60-70 wind=In speed=0-5mph,L,no (CI overlaps baseline),-0.1447550697801403,2026-08-18
temp=60-70 wind=Varies speed=15+mph,L,no (CI overlaps baseline),-0.1486495184751728,2026-08-18
temp=<60 wind=Cross speed=10-15mph,L,no (CI overlaps baseline),-0.1549417718519338,2026-08-18
temp=<60 wind=Out speed=10-15mph,L,no (CI overlaps baseline),-0.1630671215018486,2026-08-18
temp=60-70 wind=In speed=15+mph,L,no (CI overlaps baseline),-0.166907421720081,2026-08-18
temp=<60 wind=Calm speed=0-5mph,L,no (CI overlaps baseline),-0.211483187925293,2026-08-18
temp=<60 wind=Cross speed=0-5mph,L,no (CI overlaps baseline),-0.2156437039029297,2026-08-18
temp=<60 wind=Out speed=0-5mph,L,no (CI overlaps baseline),-0.2232054814837533,2026-08-18
temp=<60 wind=Cross speed=15+mph,L,no (CI overlaps baseline),-0.2360220880737311,2026-08-18
temp=<60 wind=Out speed=15+mph,L,no (CI overlaps baseline),-0.243393972198368,2026-08-18
temp=<60 wind=In speed=5-10mph,L,no (CI overlaps baseline),-0.2722654651877076,2026-08-18
temp=<60 wind=Varies speed=10-15mph,L,no (CI overlaps baseline),-0.2902053100010472,2026-08-18
temp=<60 wind=In speed=10-15mph,L,no (CI overlaps baseline),-0.3055208846479154,2026-08-18
temp=<60 wind=Varies speed=0-5mph,L,no (CI overlaps baseline),-0.3414746142086877,2026-08-18
temp=<60 wind=In speed=0-5mph,L,yes,-0.3557153437614905,2026-08-18
temp=<60 wind=Varies speed=15+mph,L,no (CI overlaps baseline),-0.358676479484442,2026-08-18
temp=<60 wind=In speed=15+mph,L,yes,-0.3725554830267945,2026-08-18
temp=90+ wind=Cross speed=10-15mph,R,no (CI overlaps baseline),0.2885150022389489,2026-08-18
temp=90+ wind=Varies speed=10-15mph,R,no (CI overlaps baseline),0.2757347740306388,2026-08-18
temp=80-90 wind=Cross speed=10-15mph,R,no (CI overlaps baseline),0.2722828797025955,2026-08-18
temp=80-90 wind=Varies speed=10-15mph,R,no (CI overlaps baseline),0.2596526616617318,2026-08-18
temp=90+ wind=Out speed=10-15mph,R,no (CI overlaps baseline),0.2390307847347126,2026-08-18
temp=80-90 wind=Out speed=10-15mph,R,no (CI overlaps baseline),0.2233807050787566,2026-08-18
temp=90+ wind=In speed=10-15mph,R,no (CI overlaps baseline),0.1938778715651119,2026-08-18
temp=90+ wind=Cross speed=15+mph,R,no (CI overlaps baseline),0.1899208762323194,2026-08-18
temp=90+ wind=Cross speed=5-10mph,R,no (CI overlaps baseline),0.1858849488546596,2026-08-18
temp=80-90 wind=In speed=10-15mph,R,no (CI overlaps baseline),0.1787617450811391,2026-08-18
temp=80-90 wind=Cross speed=15+mph,R,no (CI overlaps baseline),0.1748516729344358,2026-08-18
temp=80-90 wind=Cross speed=5-10mph,R,no (CI overlaps baseline),0.1708636263242846,2026-08-18
temp=60-70 wind=Cross speed=10-15mph,R,no (CI overlaps baseline),0.1671267034389671,2026-08-18
temp=80-90 wind=Varies speed=5-10mph,R,no (CI overlaps baseline),0.159176974760236,2026-08-18
temp=60-70 wind=Varies speed=10-15mph,R,no (CI overlaps baseline),0.1554750262587072,2026-08-18
temp=90+ wind=Out speed=15+mph,R,no (CI overlaps baseline),0.1439881366630957,2026-08-18
temp=90+ wind=Out speed=5-10mph,R,no (CI overlaps baseline),0.1400984119510167,2026-08-18
temp=80-90 wind=Out speed=15+mph,R,no (CI overlaps baseline),0.1294651505797674,2026-08-18
temp=80-90 wind=Out speed=5-10mph,R,no (CI overlaps baseline),0.1256218109542894,2026-08-18
temp=60-70 wind=Out speed=10-15mph,R,no (CI overlaps baseline),0.1220205404420859,2026-08-18
temp=70-80 wind=Cross speed=10-15mph,R,no (CI overlaps baseline),0.1025576317445891,2026-08-18
temp=90+ wind=In speed=5-10mph,R,no (CI overlaps baseline),0.0983364420466061,2026-08-18
temp=70-80 wind=Varies speed=10-15mph,R,no (CI overlaps baseline),0.0915125968369845,2026-08-18
temp=80-90 wind=In speed=15+mph,R,no (CI overlaps baseline),0.0880698387972398,2026-08-18
temp=80-90 wind=In speed=5-10mph,R,no (CI overlaps baseline),0.0843591310264495,2026-08-18
temp=60-70 wind=In speed=10-15mph,R,no (CI overlaps baseline),0.0808821893227265,2026-08-18
temp=60-70 wind=Cross speed=15+mph,R,no (CI overlaps baseline),0.0772779086334125,2026-08-18
temp=60-70 wind=Cross speed=5-10mph,R,no (CI overlaps baseline),0.073601880542925,2026-08-18
temp=60-70 wind=Varies speed=15+mph,R,no (CI overlaps baseline),0.0664715843376089,2026-08-18
temp=90+ wind=Cross speed=0-5mph,R,no (CI overlaps baseline),0.0640757762399191,2026-08-18
temp=60-70 wind=Varies speed=5-10mph,R,no (CI overlaps baseline),0.0628303244744832,2026-08-18
temp=70-80 wind=Out speed=10-15mph,R,no (CI overlaps baseline),0.0598041438747456,2026-08-18
temp=90+ wind=Varies speed=0-5mph,R,no (CI overlaps baseline),0.0533943855679768,2026-08-18
temp=80-90 wind=Cross speed=0-5mph,R,no (CI overlaps baseline),0.0505098183461725,2026-08-18
temp=80-90 wind=Varies speed=0-5mph,R,no (CI overlaps baseline),0.039956996521379,2026-08-18
temp=60-70 wind=Out speed=15+mph,R,no (CI overlaps baseline),0.0354500520447065,2026-08-18
temp=60-70 wind=Out speed=5-10mph,R,no (CI overlaps baseline),0.0319088359570267,2026-08-18
temp=90+ wind=Out speed=0-5mph,R,no (CI overlaps baseline),0.0227323358683131,2026-08-18
temp=70-80 wind=In speed=10-15mph,R,no (CI overlaps baseline),0.0208214651494516,2026-08-18
temp=70-80 wind=Cross speed=15+mph,R,no (CI overlaps baseline),0.0174065033398764,2026-08-18
temp=70-80 wind=Cross speed=5-10mph,R,no (CI overlaps baseline),0.0139236378653426,2026-08-18
temp=80-90 wind=Out speed=0-5mph,R,no (CI overlaps baseline),0.0096648678469259,2026-08-18
temp=70-80 wind=Varies speed=5-10mph,R,no (CI overlaps baseline),0.003718526847195,2026-08-18
temp=60-70 wind=In speed=15+mph,R,no (CI overlaps baseline),-0.002684820194135,2026-08-18
temp=60-70 wind=In speed=5-10mph,R,no (CI overlaps baseline),-0.0061025737788483,2026-08-18
temp=90+ wind=In speed=0-5mph,R,no (CI overlaps baseline),-0.0149589195400251,2026-08-18
temp=70-80 wind=Out speed=15+mph,R,no (CI overlaps baseline),-0.0222189629934371,2026-08-18
temp=70-80 wind=Out speed=5-10mph,R,no (CI overlaps baseline),-0.0255732698821187,2026-08-18
temp=80-90 wind=In speed=0-5mph,R,no (CI overlaps baseline),-0.0275699331135467,2026-08-18
temp=<60 wind=Cross speed=10-15mph,R,no (CI overlaps baseline),-0.0352783231281007,2026-08-18
temp=60-70 wind=Cross speed=0-5mph,R,no (CI overlaps baseline),-0.0372743286299792,2026-08-18
temp=<60 wind=Varies speed=10-15mph,R,no (CI overlaps baseline),-0.0450135866454499,2026-08-18
temp=70-80 wind=In speed=15+mph,R,no (CI overlaps baseline),-0.0583373295805085,2026-08-18
temp=70-80 wind=In speed=5-10mph,R,no (CI overlaps baseline),-0.0615739592745476,2026-08-18
temp=<60 wind=Out speed=10-15mph,R,no (CI overlaps baseline),-0.0729539269854679,2026-08-18
temp=60-70 wind=Out speed=0-5mph,R,no (CI overlaps baseline),-0.074875842503886,2026-08-18
temp=70-80 wind=Cross speed=0-5mph,R,no (CI overlaps baseline),-0.0910907360491779,2026-08-18
temp=70-80 wind=Varies speed=0-5mph,R,no (CI overlaps baseline),-0.1002899158722927,2026-08-18
temp=80-90 wind=Calm speed=5-10mph,R,no (CI overlaps baseline),-0.1058108991537803,2026-08-18
temp=<60 wind=In speed=10-15mph,R,no (CI overlaps baseline),-0.1072878342779513,2026-08-18
temp=60-70 wind=Calm speed=10-15mph,R,no (CI overlaps baseline),-0.1087073330976805,2026-08-18
temp=60-70 wind=In speed=0-5mph,R,no (CI overlaps baseline),-0.1091419600543799,2026-08-18
temp=<60 wind=Cross speed=15+mph,R,no (CI overlaps baseline),-0.1102947021614295,2026-08-18
temp=<60 wind=Cross speed=5-10mph,R,no (CI overlaps baseline),-0.1133612177082443,2026-08-18
temp=<60 wind=Varies speed=15+mph,R,no (CI overlaps baseline),-0.1193086607507134,2026-08-18
temp=70-80 wind=Out speed=0-5mph,R,no (CI overlaps baseline),-0.1266886305837421,2026-08-18
temp=<60 wind=Out speed=15+mph,R,no (CI overlaps baseline),-0.1451748177580172,2026-08-18
temp=<60 wind=Out speed=5-10mph,R,no (CI overlaps baseline),-0.1481265808147063,2026-08-18
temp=70-80 wind=Calm speed=10-15mph,R,no (CI overlaps baseline),-0.1587105914367454,2026-08-18
temp=70-80 wind=In speed=0-5mph,R,no (CI overlaps baseline),-0.1591219297866205,2026-08-18
temp=<60 wind=In speed=15+mph,R,no (CI overlaps baseline),-0.1769517238325134,2026-08-18
temp=<60 wind=In speed=5-10mph,R,no (CI overlaps baseline),-0.1797985578898921,2026-08-18
temp=60-70 wind=Calm speed=5-10mph,R,no (CI overlaps baseline),-0.1811078004527967,2026-08-18
temp=80-90 wind=Calm speed=0-5mph,R,no (CI overlaps baseline),-0.1989576793423959,2026-08-18
temp=<60 wind=Cross speed=0-5mph,R,no (CI overlaps baseline),-0.2057548621012934,2026-08-18
temp=<60 wind=Varies speed=0-5mph,R,no (CI overlaps baseline),-0.2138422906131459,2026-08-18
temp=70-80 wind=Calm speed=5-10mph,R,no (CI overlaps baseline),-0.2272169560980952,2026-08-18
temp=<60 wind=Out speed=0-5mph,R,no (CI overlaps baseline),-0.2370451007044829,2026-08-18
temp=<60 wind=In speed=0-5mph,R,no (CI overlaps baseline),-0.2655406964806703,2026-08-18
temp=60-70 wind=Calm speed=0-5mph,R,no (CI overlaps baseline),-0.2667184202765732,2026-08-18
temp=70-80 wind=Calm speed=0-5mph,R,no (CI overlaps baseline),-0.3081848402809467,2026-08-18
temp=<60 wind=Calm speed=0-5mph,R,yes,-0.3963466628912216,2026-08-18
temp=80-90 wind=Calm speed=5-10mph,L,no (CI overlaps baseline),0.3317668889226561,2026-08-19
temp=80-90 wind=Cross speed=5-10mph,L,no (CI overlaps baseline),0.3069539102185261,2026-08-19
temp=80-90 wind=Out speed=5-10mph,L,no (CI overlaps baseline),0.2981395942795706,2026-08-19
temp=80-90 wind=Cross speed=10-15mph,L,no (CI overlaps baseline),0.2503302527704132,2026-08-19
temp=80-90 wind=Out speed=10-15mph,L,no (CI overlaps baseline),0.2418765151399458,2026-08-19
temp=70-80 wind=Calm speed=5-10mph,L,no (CI overlaps baseline),0.2273830339468634,2026-08-19
temp=70-80 wind=Cross speed=5-10mph,L,no (CI overlaps baseline),0.2044095637295691,2026-08-19
temp=70-80 wind=Out speed=5-10mph,L,no (CI overlaps baseline),0.1962496593140434,2026-08-19
temp=60-70 wind=Calm speed=5-10mph,L,no (CI overlaps baseline),0.1904969938800986,2026-08-19
temp=90+ wind=Cross speed=5-10mph,L,no (CI overlaps baseline),0.1866815854505061,2026-08-19
temp=90+ wind=Out speed=5-10mph,L,no (CI overlaps baseline),0.1786354555280129,2026-08-19
temp=80-90 wind=Calm speed=0-5mph,L,no (CI overlaps baseline),0.1779634676498331,2026-08-19
temp=70-80 wind=Calm speed=10-15mph,L,no (CI overlaps baseline),0.1740249435095036,2026-08-19
temp=60-70 wind=Cross speed=5-10mph,L,no (CI overlaps baseline),0.168177819557217,2026-08-19
temp=60-70 wind=Out speed=5-10mph,L,no (CI overlaps baseline),0.1602506440190325,2026-08-19
temp=80-90 wind=Cross speed=0-5mph,L,no (CI overlaps baseline),0.1558671246570169,2026-08-19
temp=70-80 wind=Cross speed=10-15mph,L,no (CI overlaps baseline),0.1519986760295046,2026-08-19
temp=80-90 wind=Out speed=0-5mph,L,no (CI overlaps baseline),0.1480192041438814,2026-08-19
temp=70-80 wind=Out speed=10-15mph,L,no (CI overlaps baseline),0.1441756789765356,2026-08-19
temp=60-70 wind=Calm speed=10-15mph,L,no (CI overlaps baseline),0.1386606792211584,2026-08-19
temp=90+ wind=Cross speed=10-15mph,L,no (CI overlaps baseline),0.1350029684709992,2026-08-19
temp=90+ wind=Out speed=10-15mph,L,no (CI overlaps baseline),0.1272895769468425,2026-08-19
temp=80-90 wind=Cross speed=15+mph,L,no (CI overlaps baseline),0.1269782202198837,2026-08-19
temp=80-90 wind=Out speed=15+mph,L,no (CI overlaps baseline),0.1193166406357724,2026-08-19
temp=60-70 wind=Cross speed=10-15mph,L,no (CI overlaps baseline),0.1172647641231727,2026-08-19
temp=60-70 wind=Out speed=10-15mph,L,no (CI overlaps baseline),0.10966595135268,2026-08-19
temp=80-90 wind=Varies speed=5-10mph,L,no (CI overlaps baseline),0.1063485138387128,2026-08-19
temp=70-80 wind=Calm speed=0-5mph,L,no (CI overlaps baseline),0.0850462621439325,2026-08-19
temp=80-90 wind=In speed=5-10mph,L,no (CI overlaps baseline),0.0793044094525432,2026-08-19
temp=70-80 wind=Cross speed=0-5mph,L,no (CI overlaps baseline),0.0646099133819371,2026-08-19
temp=80-90 wind=Varies speed=10-15mph,L,no (CI overlaps baseline),0.0580027737648336,2026-08-19
temp=70-80 wind=Out speed=0-5mph,L,no (CI overlaps baseline),0.0573523335121806,2026-08-19
temp=60-70 wind=Calm speed=0-5mph,L,no (CI overlaps baseline),0.0522361677317442,2026-08-19
temp=90+ wind=Cross speed=0-5mph,L,no (CI overlaps baseline),0.0488430804830739,2026-08-19
temp=90+ wind=Out speed=0-5mph,L,no (CI overlaps baseline),0.0416880023667058,2026-08-19
temp=70-80 wind=Cross speed=15+mph,L,no (CI overlaps baseline),0.0378960805776695,2026-08-19
temp=60-70 wind=Cross speed=0-5mph,L,no (CI overlaps baseline),0.0323893657093847,2026-08-19
temp=80-90 wind=In speed=10-15mph,L,no (CI overlaps baseline),0.0320860807709775,2026-08-19
temp=70-80 wind=Out speed=15+mph,L,no (CI overlaps baseline),0.0308122578112495,2026-08-19
temp=60-70 wind=Out speed=0-5mph,L,no (CI overlaps baseline),0.0253414140274839,2026-08-19
temp=90+ wind=Cross speed=15+mph,L,no (CI overlaps baseline),0.0225068744629319,2026-08-19
temp=70-80 wind=Varies speed=5-10mph,L,no (CI overlaps baseline),0.0188229215155162,2026-08-19
temp=90+ wind=Out speed=15+mph,L,no (CI overlaps baseline),0.0155233436219006,2026-08-19
temp=60-70 wind=Cross speed=15+mph,L,no (CI overlaps baseline),0.006447813493996,2026-08-19
temp=60-70 wind=Out speed=15+mph,L,no (CI overlaps baseline),-0.0004309082671974,2026-08-19
temp=70-80 wind=In speed=5-10mph,L,no (CI overlaps baseline),-0.00617647026175,2026-08-19
temp=60-70 wind=Varies speed=5-10mph,L,no (CI overlaps baseline),-0.0120728140421561,2026-08-19
temp=90+ wind=In speed=5-10mph,L,no (CI overlaps baseline),-0.0209406468335401,2026-08-19
temp=80-90 wind=Varies speed=0-5mph,L,no (CI overlaps baseline),-0.022566958182013,2026-08-19
temp=70-80 wind=Varies speed=10-15mph,L,no (CI overlaps baseline),-0.0258642168121061,2026-08-19
temp=60-70 wind=In speed=5-10mph,L,no (CI overlaps baseline),-0.036346560745457,2026-08-19
temp=90+ wind=Varies speed=10-15mph,L,no (CI overlaps baseline),-0.0403483720942585,2026-08-19
temp=80-90 wind=In speed=0-5mph,L,no (CI overlaps baseline),-0.0465937691758371,2026-08-19
temp=70-80 wind=In speed=10-15mph,L,no (CI overlaps baseline),-0.049813392393505,2026-08-19
temp=60-70 wind=Varies speed=10-15mph,L,no (CI overlaps baseline),-0.0554616938032456,2026-08-19
temp=90+ wind=In speed=10-15mph,L,no (CI overlaps baseline),-0.0639562385618389,2026-08-19
temp=80-90 wind=In speed=15+mph,L,no (CI overlaps baseline),-0.0706326679183441,2026-08-19
temp=60-70 wind=In speed=10-15mph,L,no (CI overlaps baseline),-0.0787129506198913,2026-08-19
temp=70-80 wind=Varies speed=0-5mph,L,no (CI overlaps baseline),-0.1003030345659987,2026-08-19
temp=90+ wind=Varies speed=0-5mph,L,no (CI overlaps baseline),-0.1137238976898421,2026-08-19
temp=<60 wind=Cross speed=5-10mph,L,no (CI overlaps baseline),-0.114499522194333,2026-08-19
temp=<60 wind=Out speed=5-10mph,L,no (CI overlaps baseline),-0.1205839044607158,2026-08-19
temp=70-80 wind=In speed=0-5mph,L,no (CI overlaps baseline),-0.1224933744890232,2026-08-19
temp=90+ wind=In speed=0-5mph,L,no (CI overlaps baseline),-0.1355958787018197,2026-08-19
temp=70-80 wind=In speed=15+mph,L,no (CI overlaps baseline),-0.144691125353795,2026-08-19
temp=60-70 wind=In speed=0-5mph,L,no (CI overlaps baseline),-0.1492657580388026,2026-08-19
temp=60-70 wind=Varies speed=15+mph,L,no (CI overlaps baseline),-0.1497966891258025,2026-08-19
temp=<60 wind=Cross speed=10-15mph,L,no (CI overlaps baseline),-0.1535589564788358,2026-08-19
temp=<60 wind=Out speed=10-15mph,L,no (CI overlaps baseline),-0.1593849309521795,2026-08-19
temp=60-70 wind=In speed=15+mph,L,no (CI overlaps baseline),-0.1708110847567397,2026-08-19
temp=<60 wind=Calm speed=0-5mph,L,no (CI overlaps baseline),-0.2033852285464483,2026-08-19
temp=<60 wind=Cross speed=0-5mph,L,no (CI overlaps baseline),-0.2185783564872387,2026-08-19
temp=<60 wind=Out speed=0-5mph,L,no (CI overlaps baseline),-0.2239721420417421,2026-08-19
temp=<60 wind=Cross speed=15+mph,L,no (CI overlaps baseline),-0.2384273404383519,2026-08-19
temp=<60 wind=Out speed=15+mph,L,no (CI overlaps baseline),-0.2436886811857955,2026-08-19
temp=<60 wind=In speed=5-10mph,L,no (CI overlaps baseline),-0.2711468863026716,2026-08-19
temp=<60 wind=Varies speed=10-15mph,L,no (CI overlaps baseline),-0.2857521068465405,2026-08-19
temp=<60 wind=In speed=10-15mph,L,no (CI overlaps baseline),-0.3035094885630579,2026-08-19
temp=<60 wind=Varies speed=0-5mph,L,no (CI overlaps baseline),-0.3409127107895584,2026-08-19
temp=<60 wind=In speed=0-5mph,L,yes,-0.3573374335433922,2026-08-19
temp=<60 wind=Varies speed=15+mph,L,no (CI overlaps baseline),-0.3577421947945769,2026-08-19
temp=<60 wind=In speed=15+mph,L,yes,-0.3737590353016242,2026-08-19
temp=90+ wind=Cross speed=10-15mph,R,no (CI overlaps baseline),0.2988707119430522,2026-08-19
temp=80-90 wind=Cross speed=10-15mph,R,no (CI overlaps baseline),0.2819797295855688,2026-08-19
temp=90+ wind=Varies speed=10-15mph,R,no (CI overlaps baseline),0.2814918833596656,2026-08-19
temp=80-90 wind=Varies speed=10-15mph,R,no (CI overlaps baseline),0.2648113016792432,2026-08-19
temp=90+ wind=Out speed=10-15mph,R,no (CI overlaps baseline),0.2490129269749628,2026-08-19
temp=80-90 wind=Out speed=10-15mph,R,no (CI overlaps baseline),0.2327266823670615,2026-08-19
temp=90+ wind=In speed=10-15mph,R,no (CI overlaps baseline),0.2043166770755744,2026-08-19
temp=90+ wind=Cross speed=15+mph,R,no (CI overlaps baseline),0.2036346709921088,2026-08-19
temp=90+ wind=Cross speed=5-10mph,R,no (CI overlaps baseline),0.1914531252946378,2026-08-19
temp=80-90 wind=In speed=10-15mph,R,no (CI overlaps baseline),0.1885754979971843,2026-08-19
temp=80-90 wind=Cross speed=15+mph,R,no (CI overlaps baseline),0.1879018303937016,2026-08-19
temp=80-90 wind=Cross speed=5-10mph,R,no (CI overlaps baseline),0.1758693300447393,2026-08-19
temp=60-70 wind=Cross speed=10-15mph,R,no (CI overlaps baseline),0.1708464598054244,2026-08-19
temp=80-90 wind=Varies speed=5-10mph,R,no (CI overlaps baseline),0.1600319718245944,2026-08-19
temp=90+ wind=Out speed=15+mph,R,no (CI overlaps baseline),0.1572014851139005,2026-08-19
temp=60-70 wind=Varies speed=10-15mph,R,no (CI overlaps baseline),0.1550725083106308,2026-08-19
temp=90+ wind=Out speed=5-10mph,R,no (CI overlaps baseline),0.1454605943959848,2026-08-19
temp=80-90 wind=Out speed=15+mph,R,no (CI overlaps baseline),0.1420378758203035,2026-08-19
temp=80-90 wind=Out speed=5-10mph,R,no (CI overlaps baseline),0.1304413933519017,2026-08-19
temp=60-70 wind=Out speed=10-15mph,R,no (CI overlaps baseline),0.1256007068184417,2026-08-19
temp=90+ wind=In speed=5-10mph,R,no (CI overlaps baseline),0.104246879466525,2026-08-19
temp=80-90 wind=In speed=15+mph,R,no (CI overlaps baseline),0.1009399528010992,2026-08-19
temp=70-80 wind=Cross speed=10-15mph,R,no (CI overlaps baseline),0.0979613088099102,2026-08-19
temp=80-90 wind=In speed=5-10mph,R,no (CI overlaps baseline),0.089736109278079,2026-08-19
temp=60-70 wind=In speed=10-15mph,R,no (CI overlaps baseline),0.0850594695705435,2026-08-19
temp=60-70 wind=Cross speed=15+mph,R,no (CI overlaps baseline),0.0844410132545612,2026-08-19
temp=70-80 wind=Varies speed=10-15mph,R,no (CI overlaps baseline),0.0831114934541874,2026-08-19
temp=60-70 wind=Cross speed=5-10mph,R,no (CI overlaps baseline),0.0733953100818607,2026-08-19
temp=60-70 wind=Varies speed=15+mph,R,no (CI overlaps baseline),0.0697634628575714,2026-08-19
temp=60-70 wind=Varies speed=5-10mph,R,no (CI overlaps baseline),0.0588586897606067,2026-08-19
temp=90+ wind=Cross speed=0-5mph,R,no (CI overlaps baseline),0.0582793277299158,2026-08-19
temp=70-80 wind=Out speed=10-15mph,R,no (CI overlaps baseline),0.0553705388751859,2026-08-19
temp=80-90 wind=Cross speed=0-5mph,R,no (CI overlaps baseline),0.0443384245927731,2026-08-19
temp=90+ wind=Varies speed=0-5mph,R,no (CI overlaps baseline),0.0439358528566562,2026-08-19
temp=60-70 wind=Out speed=15+mph,R,no (CI overlaps baseline),0.0423450883802094,2026-08-19
temp=60-70 wind=Out speed=5-10mph,R,no (CI overlaps baseline),0.0317042040972144,2026-08-19
temp=80-90 wind=Varies speed=0-5mph,R,no (CI overlaps baseline),0.0301733709350862,2026-08-19
temp=70-80 wind=In speed=10-15mph,R,no (CI overlaps baseline),0.0172192000005144,2026-08-19
temp=90+ wind=Out speed=0-5mph,R,no (CI overlaps baseline),0.0171430075850331,2026-08-19
temp=70-80 wind=Cross speed=15+mph,R,no (CI overlaps baseline),0.0166372819105447,2026-08-19
temp=70-80 wind=Cross speed=5-10mph,R,no (CI overlaps baseline),0.0062445625257163,2026-08-19
temp=60-70 wind=In speed=15+mph,R,no (CI overlaps baseline),0.0046390277470111,2026-08-19
temp=80-90 wind=Out speed=0-5mph,R,no (CI overlaps baseline),0.003714575582485,2026-08-19
temp=60-70 wind=In speed=5-10mph,R,no (CI overlaps baseline),-0.0056376239373543,2026-08-19
temp=70-80 wind=Varies speed=5-10mph,R,no (CI overlaps baseline),-0.0074315289021195,2026-08-19
temp=90+ wind=In speed=0-5mph,R,no (CI overlaps baseline),-0.019699710343445,2026-08-19
temp=70-80 wind=Out speed=15+mph,R,no (CI overlaps baseline),-0.0229659501662766,2026-08-19
temp=80-90 wind=In speed=0-5mph,R,no (CI overlaps baseline),-0.0326671558767023,2026-08-19
temp=70-80 wind=Out speed=5-10mph,R,no (CI overlaps baseline),-0.0329749666000018,2026-08-19
temp=<60 wind=Cross speed=10-15mph,R,no (CI overlaps baseline),-0.0335305342530319,2026-08-19
temp=<60 wind=Varies speed=10-15mph,R,no (CI overlaps baseline),-0.0466938603522927,2026-08-19
temp=60-70 wind=Cross speed=0-5mph,R,no (CI overlaps baseline),-0.0472672762426491,2026-08-19
temp=70-80 wind=In speed=15+mph,R,no (CI overlaps baseline),-0.0584297576378073,2026-08-19
temp=70-80 wind=In speed=5-10mph,R,no (CI overlaps baseline),-0.0680937330597662,2026-08-19
temp=<60 wind=Out speed=10-15mph,R,no (CI overlaps baseline),-0.0712775430750999,2026-08-19
temp=60-70 wind=Out speed=0-5mph,R,no (CI overlaps baseline),-0.0845042573479071,2026-08-19
temp=80-90 wind=Calm speed=5-10mph,R,no (CI overlaps baseline),-0.0944224095420755,2026-08-19
temp=60-70 wind=Calm speed=10-15mph,R,no (CI overlaps baseline),-0.0983473673259369,2026-08-19
temp=<60 wind=In speed=10-15mph,R,no (CI overlaps baseline),-0.1050724349954507,2026-08-19
temp=<60 wind=Cross speed=15+mph,R,no (CI overlaps baseline),-0.1055877760886035,2026-08-19
temp=70-80 wind=Cross speed=0-5mph,R,no (CI overlaps baseline),-0.10723466601039,2026-08-19
temp=<60 wind=Cross speed=5-10mph,R,no (CI overlaps baseline),-0.1147908181444964,2026-08-19
temp=<60 wind=Varies speed=15+mph,R,no (CI overlaps baseline),-0.1178163767648646,2026-08-19
temp=60-70 wind=In speed=0-5mph,R,no (CI overlaps baseline),-0.1178407082920415,2026-08-19
temp=70-80 wind=Varies speed=0-5mph,R,no (CI overlaps baseline),-0.1194418159491175,2026-08-19
temp=<60 wind=Out speed=15+mph,R,no (CI overlaps baseline),-0.1406509382687227,2026-08-19
temp=70-80 wind=Out speed=0-5mph,R,no (CI overlaps baseline),-0.1422362438161737,2026-08-19
temp=<60 wind=Out speed=5-10mph,R,no (CI overlaps baseline),-0.149509698566738,2026-08-19
temp=70-80 wind=Calm speed=10-15mph,R,no (CI overlaps baseline),-0.155246089439249,2026-08-19
temp=<60 wind=In speed=15+mph,R,no (CI overlaps baseline),-0.1720340220462287,2026-08-19
temp=70-80 wind=In speed=0-5mph,R,no (CI overlaps baseline),-0.173564002284346,2026-08-19
temp=60-70 wind=Calm speed=5-10mph,R,no (CI overlaps baseline),-0.1744006743998014,2026-08-19
temp=<60 wind=In speed=5-10mph,R,no (CI overlaps baseline),-0.1805835009359347,2026-08-19
temp=80-90 wind=Calm speed=0-5mph,R,no (CI overlaps baseline),-0.1970418166464629,2026-08-19
temp=<60 wind=Cross speed=0-5mph,R,no (CI overlaps baseline),-0.2151996067946948,2026-08-19
temp=<60 wind=Varies speed=0-5mph,R,no (CI overlaps baseline),-0.2259919894749315,2026-08-19
temp=70-80 wind=Calm speed=5-10mph,R,no (CI overlaps baseline),-0.2266998394380577,2026-08-19
temp=<60 wind=Out speed=0-5mph,R,no (CI overlaps baseline),-0.2461400649541057,2026-08-19
temp=60-70 wind=Calm speed=0-5mph,R,no (CI overlaps baseline),-0.2683141705151082,2026-08-19
temp=<60 wind=In speed=0-5mph,R,no (CI overlaps baseline),-0.2738210992516078,2026-08-19
temp=70-80 wind=Calm speed=0-5mph,R,no (CI overlaps baseline),-0.3148830417632868,2026-08-19
temp=<60 wind=Calm speed=0-5mph,R,yes,-0.3985504457991368,2026-08-19
temp=80-90 wind=Out speed=5-10mph,L,no (CI overlaps baseline),0.3089456705591031,2026-08-20
temp=80-90 wind=Calm speed=5-10mph,L,no (CI overlaps baseline),0.3046536291703752,2026-08-20
temp=80-90 wind=Cross speed=5-10mph,L,no (CI overlaps baseline),0.2971982185804396,2026-08-20
temp=80-90 wind=Out speed=10-15mph,L,no (CI overlaps baseline),0.2687201397619587,2026-08-20
temp=80-90 wind=Cross speed=10-15mph,L,no (CI overlaps baseline),0.2573133660031179,2026-08-20
temp=70-80 wind=Out speed=5-10mph,L,no (CI overlaps baseline),0.1909851497717736,2026-08-20
temp=70-80 wind=Calm speed=5-10mph,L,no (CI overlaps baseline),0.1870593265415641,2026-08-20
temp=90+ wind=Out speed=5-10mph,L,no (CI overlaps baseline),0.1870038946115364,2026-08-20
temp=70-80 wind=Cross speed=5-10mph,L,no (CI overlaps baseline),0.1802403705428881,2026-08-20
temp=90+ wind=Cross speed=5-10mph,L,no (CI overlaps baseline),0.176293149150756,2026-08-20
temp=80-90 wind=Out speed=0-5mph,L,no (CI overlaps baseline),0.1707976686525258,2026-08-20
temp=60-70 wind=Out speed=5-10mph,L,no (CI overlaps baseline),0.1705231765272317,2026-08-20
temp=80-90 wind=Calm speed=0-5mph,L,no (CI overlaps baseline),0.1669349260329073,2026-08-20
temp=60-70 wind=Calm speed=5-10mph,L,no (CI overlaps baseline),0.1666612924437358,2026-08-20
temp=80-90 wind=Cross speed=0-5mph,L,no (CI overlaps baseline),0.1602255921391224,2026-08-20
temp=60-70 wind=Cross speed=5-10mph,L,no (CI overlaps baseline),0.1599534505095947,2026-08-20
temp=70-80 wind=Out speed=10-15mph,L,no (CI overlaps baseline),0.1541971765348813,2026-08-20
temp=70-80 wind=Calm speed=10-15mph,L,no (CI overlaps baseline),0.1503863952691635,2026-08-20
temp=90+ wind=Out speed=10-15mph,L,no (CI overlaps baseline),0.1503325880052939,2026-08-20
temp=70-80 wind=Cross speed=10-15mph,L,no (CI overlaps baseline),0.1437673589267336,2026-08-20
temp=80-90 wind=Out speed=15+mph,L,no (CI overlaps baseline),0.143405187148528,2026-08-20
temp=90+ wind=Cross speed=10-15mph,L,no (CI overlaps baseline),0.1399359196494807,2026-08-20
temp=60-70 wind=Out speed=10-15mph,L,no (CI overlaps baseline),0.1343352697912088,2026-08-20
temp=80-90 wind=Cross speed=15+mph,L,no (CI overlaps baseline),0.1330679696205994,2026-08-20
temp=60-70 wind=Calm speed=10-15mph,L,no (CI overlaps baseline),0.1305867642007212,2026-08-20
temp=60-70 wind=Cross speed=10-15mph,L,no (CI overlaps baseline),0.1240759477987298,2026-08-20
temp=80-90 wind=Varies speed=5-10mph,L,no (CI overlaps baseline),0.103657616358751,2026-08-20
temp=80-90 wind=Varies speed=10-15mph,L,no (CI overlaps baseline),0.0694383839512338,2026-08-20
temp=80-90 wind=In speed=5-10mph,L,no (CI overlaps baseline),0.0651748383039536,2026-08-20
temp=70-80 wind=Out speed=0-5mph,L,no (CI overlaps baseline),0.0646926294818204,2026-08-20
temp=70-80 wind=Calm speed=0-5mph,L,no (CI overlaps baseline),0.0611633941048059,2026-08-20
temp=90+ wind=Out speed=0-5mph,L,no (CI overlaps baseline),0.0611135628601497,2026-08-20
temp=70-80 wind=Cross speed=0-5mph,L,no (CI overlaps baseline),0.055033601520475,2026-08-20
temp=90+ wind=Cross speed=0-5mph,L,no (CI overlaps baseline),0.0514854893537402,2026-08-20
temp=60-70 wind=Out speed=0-5mph,L,no (CI overlaps baseline),0.046299164479657,2026-08-20
temp=60-70 wind=Calm speed=0-5mph,L,no (CI overlaps baseline),0.0428280776032652,2026-08-20
temp=70-80 wind=Out speed=15+mph,L,no (CI overlaps baseline),0.0396675709122991,2026-08-20
temp=60-70 wind=Cross speed=0-5mph,L,no (CI overlaps baseline),0.0367993253965397,2026-08-20
temp=90+ wind=Out speed=15+mph,L,no (CI overlaps baseline),0.0361687595187067,2026-08-20
temp=80-90 wind=In speed=10-15mph,L,no (CI overlaps baseline),0.0320940288273492,2026-08-20
temp=70-80 wind=Cross speed=15+mph,L,no (CI overlaps baseline),0.0302251919207161,2026-08-20
temp=90+ wind=Cross speed=15+mph,L,no (CI overlaps baseline),0.0267567104213088,2026-08-20
temp=60-70 wind=Out speed=15+mph,L,no (CI overlaps baseline),0.0216868288397571,2026-08-20
temp=60-70 wind=Cross speed=15+mph,L,no (CI overlaps baseline),0.0124004218088207,2026-08-20
temp=70-80 wind=Varies speed=5-10mph,L,no (CI overlaps baseline),0.0033650361800454,2026-08-20
temp=80-90 wind=Varies speed=0-5mph,L,no (CI overlaps baseline),-0.0137821970934745,2026-08-20
temp=60-70 wind=Varies speed=5-10mph,L,no (CI overlaps baseline),-0.0140153171143249,2026-08-20
temp=70-80 wind=Varies speed=10-15mph,L,no (CI overlaps baseline),-0.0278790117034801,2026-08-20
temp=90+ wind=Varies speed=10-15mph,L,no (CI overlaps baseline),-0.0311602746579311,2026-08-20
temp=70-80 wind=In speed=5-10mph,L,no (CI overlaps baseline),-0.0317712610345203,2026-08-20
temp=90+ wind=In speed=5-10mph,L,no (CI overlaps baseline),-0.0350399469235354,2026-08-20
temp=60-70 wind=Varies speed=10-15mph,L,no (CI overlaps baseline),-0.0447410493046278,2026-08-20
temp=80-90 wind=In speed=0-5mph,L,no (CI overlaps baseline),-0.0483433317395044,2026-08-20
temp=60-70 wind=In speed=5-10mph,L,no (CI overlaps baseline),-0.048568626258967,2026-08-20
temp=70-80 wind=In speed=10-15mph,L,no (CI overlaps baseline),-0.0619666447349889,2026-08-20
temp=90+ wind=In speed=10-15mph,L,no (CI overlaps baseline),-0.0651376072938993,2026-08-20
temp=80-90 wind=In speed=15+mph,L,no (CI overlaps baseline),-0.0708211508603704,2026-08-20
temp=60-70 wind=In speed=10-15mph,L,no (CI overlaps baseline),-0.0782615189888702,2026-08-20
temp=70-80 wind=Varies speed=0-5mph,L,no (CI overlaps baseline),-0.1038280687640321,2026-08-20
temp=90+ wind=Varies speed=0-5mph,L,no (CI overlaps baseline),-0.1068631048770792,2026-08-20
temp=<60 wind=Out speed=5-10mph,L,no (CI overlaps baseline),-0.1163434375817461,2026-08-20
temp=<60 wind=Cross speed=5-10mph,L,no (CI overlaps baseline),-0.1244239451764748,2026-08-20
temp=70-80 wind=In speed=0-5mph,L,no (CI overlaps baseline),-0.1353544103294337,2026-08-20
temp=90+ wind=In speed=0-5mph,L,no (CI overlaps baseline),-0.1382867352208933,2026-08-20
temp=60-70 wind=Varies speed=15+mph,L,no (CI overlaps baseline),-0.1402867679012249,2026-08-20
temp=<60 wind=Out speed=10-15mph,L,no (CI overlaps baseline),-0.1440012098862215,2026-08-20
temp=60-70 wind=In speed=0-5mph,L,no (CI overlaps baseline),-0.1504222969855652,2026-08-20
temp=<60 wind=Cross speed=10-15mph,L,no (CI overlaps baseline),-0.1518382608022418,2026-08-20
temp=70-80 wind=In speed=15+mph,L,no (CI overlaps baseline),-0.1558537534144249,2026-08-20
temp=60-70 wind=In speed=15+mph,L,no (CI overlaps baseline),-0.1705774583753162,2026-08-20
temp=<60 wind=Out speed=0-5mph,L,no (CI overlaps baseline),-0.2111946701913885,2026-08-20
temp=<60 wind=Calm speed=0-5mph,L,no (CI overlaps baseline),-0.2138413340894265,2026-08-20
temp=<60 wind=Cross speed=0-5mph,L,no (CI overlaps baseline),-0.2184377129089526,2026-08-20
temp=<60 wind=Out speed=15+mph,L,no (CI overlaps baseline),-0.22995697374066,2026-08-20
temp=<60 wind=Cross speed=15+mph,L,no (CI overlaps baseline),-0.2370335097619841,2026-08-20
temp=<60 wind=Varies speed=10-15mph,L,no (CI overlaps baseline),-0.2805456365424891,2026-08-20
temp=<60 wind=In speed=5-10mph,L,no (CI overlaps baseline),-0.2834583280271008,2026-08-20
temp=<60 wind=In speed=10-15mph,L,yes,-0.3060456409972916,2026-08-20
temp=<60 wind=Varies speed=0-5mph,L,no (CI overlaps baseline),-0.3373337314541905,2026-08-20
temp=<60 wind=Varies speed=15+mph,L,no (CI overlaps baseline),-0.3531810128297515,2026-08-20
temp=<60 wind=In speed=0-5mph,L,yes,-0.3608773421792159,2026-08-20
temp=<60 wind=In speed=15+mph,L,yes,-0.376176950041785,2026-08-20
temp=90+ wind=Cross speed=10-15mph,R,no (CI overlaps baseline),0.3133602418619576,2026-08-20
temp=80-90 wind=Cross speed=10-15mph,R,no (CI overlaps baseline),0.2883214352494978,2026-08-20
temp=90+ wind=Varies speed=10-15mph,R,no (CI overlaps baseline),0.2859194256989188,2026-08-20
temp=80-90 wind=Varies speed=10-15mph,R,no (CI overlaps baseline),0.2613677552581912,2026-08-20
temp=90+ wind=Out speed=10-15mph,R,no (CI overlaps baseline),0.250036686784985,2026-08-20
temp=80-90 wind=Out speed=10-15mph,R,no (CI overlaps baseline),0.2261243128454617,2026-08-20
temp=90+ wind=Cross speed=15+mph,R,no (CI overlaps baseline),0.2204242279382637,2026-08-20
temp=90+ wind=Cross speed=5-10mph,R,no (CI overlaps baseline),0.2040155278381259,2026-08-20
temp=80-90 wind=Cross speed=15+mph,R,no (CI overlaps baseline),0.1970413996128635,2026-08-20
temp=90+ wind=In speed=10-15mph,R,no (CI overlaps baseline),0.1954886640211026,2026-08-20
temp=60-70 wind=Cross speed=10-15mph,R,no (CI overlaps baseline),0.1858473195128069,2026-08-20
temp=80-90 wind=Cross speed=5-10mph,R,no (CI overlaps baseline),0.1809268929504155,2026-08-20
temp=80-90 wind=In speed=10-15mph,R,no (CI overlaps baseline),0.172553123550615,2026-08-20
temp=90+ wind=Out speed=15+mph,R,no (CI overlaps baseline),0.1612973238564072,2026-08-20
temp=60-70 wind=Varies speed=10-15mph,R,no (CI overlaps baseline),0.1609017580575045,2026-08-20
temp=80-90 wind=Varies speed=5-10mph,R,no (CI overlaps baseline),0.1560783391754483,2026-08-20
temp=90+ wind=Out speed=5-10mph,R,no (CI overlaps baseline),0.1456340453132936,2026-08-20
temp=80-90 wind=Out speed=15+mph,R,no (CI overlaps baseline),0.1389771468581362,2026-08-20
temp=60-70 wind=Out speed=10-15mph,R,no (CI overlaps baseline),0.1282927545138519,2026-08-20
temp=80-90 wind=Out speed=5-10mph,R,no (CI overlaps baseline),0.1235965618196039,2026-08-20
temp=70-80 wind=Cross speed=10-15mph,R,no (CI overlaps baseline),0.1072098316108007,2026-08-20
temp=60-70 wind=Cross speed=15+mph,R,no (CI overlaps baseline),0.1013912195636836,2026-08-20
temp=90+ wind=In speed=5-10mph,R,no (CI overlaps baseline),0.0953698893303931,2026-08-20
temp=80-90 wind=In speed=15+mph,R,no (CI overlaps baseline),0.0889878069454459,2026-08-20
temp=60-70 wind=Cross speed=5-10mph,R,no (CI overlaps baseline),0.0864882858477777,2026-08-20
temp=70-80 wind=Varies speed=10-15mph,R,no (CI overlaps baseline),0.083821060640794,2026-08-20
temp=60-70 wind=In speed=10-15mph,R,no (CI overlaps baseline),0.0787449158899902,2026-08-20
temp=60-70 wind=Varies speed=15+mph,R,no (CI overlaps baseline),0.0781181852648187,2026-08-20
temp=80-90 wind=In speed=5-10mph,R,no (CI overlaps baseline),0.0742429428402142,2026-08-20
temp=60-70 wind=Varies speed=5-10mph,R,no (CI overlaps baseline),0.0635120252874672,2026-08-20
temp=90+ wind=Cross speed=0-5mph,R,no (CI overlaps baseline),0.0613945031625962,2026-08-20
temp=70-80 wind=Out speed=10-15mph,R,no (CI overlaps baseline),0.0532533829123813,2026-08-20
temp=60-70 wind=Out speed=15+mph,R,no (CI overlaps baseline),0.0477022308899157,2026-08-20
temp=80-90 wind=Cross speed=0-5mph,R,no (CI overlaps baseline),0.0408859269916215,2026-08-20
temp=90+ wind=Varies speed=0-5mph,R,no (CI overlaps baseline),0.0389190695521761,2026-08-20
temp=60-70 wind=Out speed=5-10mph,R,no (CI overlaps baseline),0.0334851001068983,2026-08-20
temp=70-80 wind=Cross speed=15+mph,R,no (CI overlaps baseline),0.0280412439411956,2026-08-20
temp=80-90 wind=Varies speed=0-5mph,R,no (CI overlaps baseline),0.0188208471578472,2026-08-20
temp=70-80 wind=Cross speed=5-10mph,R,no (CI overlaps baseline),0.0140762889980725,2026-08-20
temp=90+ wind=Out speed=0-5mph,R,no (CI overlaps baseline),0.0095485869217242,2026-08-20
temp=70-80 wind=In speed=10-15mph,R,no (CI overlaps baseline),0.0068208678143106,2026-08-20
temp=60-70 wind=In speed=15+mph,R,no (CI overlaps baseline),0.0015011884169398,2026-08-20
temp=70-80 wind=Varies speed=5-10mph,R,no (CI overlaps baseline),-0.0074509492990286,2026-08-20
temp=80-90 wind=Out speed=0-5mph,R,no (CI overlaps baseline),-0.0100118449550742,2026-08-20
temp=60-70 wind=In speed=5-10mph,R,no (CI overlaps baseline),-0.0121224786795076,2026-08-20
temp=<60 wind=Cross speed=10-15mph,R,no (CI overlaps baseline),-0.0182868299333107,2026-08-20
temp=70-80 wind=Out speed=15+mph,R,no (CI overlaps baseline),-0.0222616280920346,2026-08-20
temp=90+ wind=In speed=0-5mph,R,no (CI overlaps baseline),-0.0350577461282946,2026-08-20
temp=70-80 wind=Out speed=5-10mph,R,no (CI overlaps baseline),-0.03557886281955,2026-08-20
temp=<60 wind=Varies speed=10-15mph,R,no (CI overlaps baseline),-0.0391626850036175,2026-08-20
temp=60-70 wind=Cross speed=0-5mph,R,no (CI overlaps baseline),-0.0429366419979226,2026-08-20
temp=80-90 wind=In speed=0-5mph,R,no (CI overlaps baseline),-0.0537980537862529,2026-08-20
temp=70-80 wind=In speed=15+mph,R,no (CI overlaps baseline),-0.0655333488549988,2026-08-20
temp=<60 wind=Out speed=10-15mph,R,no (CI overlaps baseline),-0.0664371751401891,2026-08-20
temp=70-80 wind=In speed=5-10mph,R,no (CI overlaps baseline),-0.0782904913459332,2026-08-20
temp=<60 wind=Cross speed=15+mph,R,no (CI overlaps baseline),-0.0889254590428801,2026-08-20
temp=60-70 wind=Out speed=0-5mph,R,no (CI overlaps baseline),-0.089937318159733,2026-08-20
temp=60-70 wind=Calm speed=10-15mph,R,no (CI overlaps baseline),-0.0912150872118754,2026-08-20
temp=80-90 wind=Calm speed=5-10mph,R,no (CI overlaps baseline),-0.0950425282796449,2026-08-20
temp=<60 wind=Cross speed=5-10mph,R,no (CI overlaps baseline),-0.101378702246957,2026-08-20
temp=70-80 wind=Cross speed=0-5mph,R,no (CI overlaps baseline),-0.1071401470698785,2026-08-20
temp=<60 wind=In speed=10-15mph,R,no (CI overlaps baseline),-0.1078478843833804,2026-08-20
temp=<60 wind=Varies speed=15+mph,R,no (CI overlaps baseline),-0.1083714444651404,2026-08-20
temp=70-80 wind=Varies speed=0-5mph,R,no (CI overlaps baseline),-0.1262156261871105,2026-08-20
temp=60-70 wind=In speed=0-5mph,R,no (CI overlaps baseline),-0.1303544159709777,2026-08-20
temp=<60 wind=Out speed=15+mph,R,no (CI overlaps baseline),-0.1337730890700778,2026-08-20
temp=<60 wind=Out speed=5-10mph,R,no (CI overlaps baseline),-0.1456414911043367,2026-08-20
temp=70-80 wind=Out speed=0-5mph,R,no (CI overlaps baseline),-0.1511320987425491,2026-08-20
temp=70-80 wind=Calm speed=10-15mph,R,no (CI overlaps baseline),-0.1523278649883795,2026-08-20
temp=60-70 wind=Calm speed=5-10mph,R,no (CI overlaps baseline),-0.1684113638273509,2026-08-20
temp=<60 wind=In speed=15+mph,R,no (CI overlaps baseline),-0.1723300660859218,2026-08-20
temp=<60 wind=In speed=5-10mph,R,no (CI overlaps baseline),-0.1836933453249293,2026-08-20
temp=70-80 wind=In speed=0-5mph,R,no (CI overlaps baseline),-0.1889500545956899,2026-08-20
temp=80-90 wind=Calm speed=0-5mph,R,no (CI overlaps baseline),-0.2037770782236916,2026-08-20
temp=<60 wind=Cross speed=0-5mph,R,no (CI overlaps baseline),-0.2093843181856978,2026-08-20
temp=70-80 wind=Calm speed=5-10mph,R,no (CI overlaps baseline),-0.2245496042471212,2026-08-20
temp=<60 wind=Varies speed=0-5mph,R,no (CI overlaps baseline),-0.2263662933924154,2026-08-20
temp=<60 wind=Out speed=0-5mph,R,no (CI overlaps baseline),-0.2485422581705746,2026-08-20
temp=60-70 wind=Calm speed=0-5mph,R,no (CI overlaps baseline),-0.2686774045473407,2026-08-20
temp=<60 wind=In speed=0-5mph,R,no (CI overlaps baseline),-0.2821877894862481,2026-08-20
temp=70-80 wind=Calm speed=0-5mph,R,no (CI overlaps baseline),-0.318294672360215,2026-08-20
temp=<60 wind=Calm speed=0-5mph,R,yes,-0.3971442013986819,2026-08-20
temp=80-90 wind=Out speed=5-10mph,L,no (CI overlaps baseline),0.3130260249917735,2026-08-22
temp=80-90 wind=Cross speed=5-10mph,L,no (CI overlaps baseline),0.2978399317117945,2026-08-22
temp=80-90 wind=Calm speed=5-10mph,L,no (CI overlaps baseline),0.2941167317323616,2026-08-22
temp=80-90 wind=Out speed=10-15mph,L,no (CI overlaps baseline),0.2709503976487173,2026-08-22
temp=80-90 wind=Cross speed=10-15mph,L,no (CI overlaps baseline),0.2562237283458803,2026-08-22
temp=90+ wind=Out speed=5-10mph,L,no (CI overlaps baseline),0.1984841476426297,2026-08-22
temp=60-70 wind=Out speed=5-10mph,L,no (CI overlaps baseline),0.191053584101299,2026-08-22
temp=70-80 wind=Out speed=5-10mph,L,no (CI overlaps baseline),0.1876763002098407,2026-08-22
temp=90+ wind=Cross speed=5-10mph,L,no (CI overlaps baseline),0.1845529478156713,2026-08-22
temp=60-70 wind=Cross speed=5-10mph,L,no (CI overlaps baseline),0.1772042515560155,2026-08-22
temp=70-80 wind=Cross speed=5-10mph,L,no (CI overlaps baseline),0.1738641958901758,2026-08-22
temp=60-70 wind=Calm speed=5-10mph,L,no (CI overlaps baseline),0.173809051932414,2026-08-22
temp=80-90 wind=Out speed=0-5mph,L,no (CI overlaps baseline),0.1716447642718115,2026-08-22
temp=70-80 wind=Calm speed=5-10mph,L,no (CI overlaps baseline),0.1704781301694375,2026-08-22
temp=90+ wind=Out speed=10-15mph,L,no (CI overlaps baseline),0.1598894285825907,2026-08-22
temp=80-90 wind=Cross speed=0-5mph,L,no (CI overlaps baseline),0.1580095355106752,2026-08-22
temp=80-90 wind=Calm speed=0-5mph,L,no (CI overlaps baseline),0.1546668654412131,2026-08-22
temp=60-70 wind=Out speed=10-15mph,L,no (CI overlaps baseline),0.1526859275484922,2026-08-22
temp=80-90 wind=Out speed=15+mph,L,no (CI overlaps baseline),0.1504087234424131,2026-08-22
temp=70-80 wind=Out speed=10-15mph,L,no (CI overlaps baseline),0.1494118967113191,2026-08-22
temp=90+ wind=Cross speed=10-15mph,L,no (CI overlaps baseline),0.1463840619580247,2026-08-22
temp=60-70 wind=Cross speed=10-15mph,L,no (CI overlaps baseline),0.1392602079030427,2026-08-22
temp=80-90 wind=Cross speed=15+mph,L,no (CI overlaps baseline),0.1370081931286459,2026-08-22
temp=70-80 wind=Cross speed=10-15mph,L,no (CI overlaps baseline),0.1360223944700915,2026-08-22
temp=60-70 wind=Calm speed=10-15mph,L,no (CI overlaps baseline),0.1359689387786133,2026-08-22
temp=70-80 wind=Calm speed=10-15mph,L,no (CI overlaps baseline),0.1327400107873344,2026-08-22
temp=80-90 wind=In speed=5-10mph,L,no (CI overlaps baseline),0.0784196492360405,2026-08-22
temp=90+ wind=Out speed=0-5mph,L,no (CI overlaps baseline),0.0688491461024241,2026-08-22
temp=80-90 wind=Varies speed=5-10mph,L,no (CI overlaps baseline),0.0659213837572181,2026-08-22
temp=60-70 wind=Out speed=0-5mph,L,no (CI overlaps baseline),0.0621844706339007,2026-08-22
temp=70-80 wind=Out speed=0-5mph,L,no (CI overlaps baseline),0.0591554488397285,2026-08-22
temp=90+ wind=Cross speed=0-5mph,L,no (CI overlaps baseline),0.0563542603830462,2026-08-22
temp=60-70 wind=Cross speed=0-5mph,L,no (CI overlaps baseline),0.0497638886777447,2026-08-22
temp=90+ wind=Out speed=15+mph,L,no (CI overlaps baseline),0.0493896928905832,2026-08-22
temp=70-80 wind=Cross speed=0-5mph,L,no (CI overlaps baseline),0.0467686520441965,2026-08-22
temp=60-70 wind=Calm speed=0-5mph,L,no (CI overlaps baseline),0.0467192018135413,2026-08-22
temp=70-80 wind=Calm speed=0-5mph,L,no (CI overlaps baseline),0.0437322529005541,2026-08-22
temp=80-90 wind=In speed=10-15mph,L,no (CI overlaps baseline),0.0435124934281589,2026-08-22
temp=60-70 wind=Out speed=15+mph,L,no (CI overlaps baseline),0.042840774533887,2026-08-22
temp=70-80 wind=Out speed=15+mph,L,no (CI overlaps baseline),0.0398643861608334,2026-08-22
temp=90+ wind=Cross speed=15+mph,L,no (CI overlaps baseline),0.037111885048096,2026-08-22
temp=80-90 wind=Varies speed=10-15mph,L,no (CI overlaps baseline),0.0314003740052415,2026-08-22
temp=60-70 wind=Cross speed=15+mph,L,no (CI overlaps baseline),0.0306361089934321,2026-08-22
temp=70-80 wind=Cross speed=15+mph,L,no (CI overlaps baseline),0.0276929771402281,2026-08-22
temp=90+ wind=In speed=5-10mph,L,no (CI overlaps baseline),-0.0165530366144497,2026-08-22
temp=60-70 wind=In speed=5-10mph,L,no (CI overlaps baseline),-0.0227081516019778,2026-08-22
temp=70-80 wind=In speed=5-10mph,L,no (CI overlaps baseline),-0.0255054885046719,2026-08-22
temp=60-70 wind=Varies speed=5-10mph,L,no (CI overlaps baseline),-0.0340843571026826,2026-08-22
temp=70-80 wind=Varies speed=5-10mph,L,no (CI overlaps baseline),-0.0368505097003576,2026-08-22
temp=80-90 wind=In speed=0-5mph,L,no (CI overlaps baseline),-0.0387820470178967,2026-08-22
temp=90+ wind=In speed=10-15mph,L,no (CI overlaps baseline),-0.0485151146806578,2026-08-22
temp=80-90 wind=Varies speed=0-5mph,L,no (CI overlaps baseline),-0.0499789554565249,2026-08-22
temp=60-70 wind=In speed=10-15mph,L,no (CI overlaps baseline),-0.0544785024666965,2026-08-22
temp=80-90 wind=In speed=15+mph,L,no (CI overlaps baseline),-0.0563635345357332,2026-08-22
temp=70-80 wind=In speed=10-15mph,L,no (CI overlaps baseline),-0.057188669874323,2026-08-22
temp=90+ wind=Varies speed=10-15mph,L,no (CI overlaps baseline),-0.0596033284645426,2026-08-22
temp=60-70 wind=Varies speed=10-15mph,L,no (CI overlaps baseline),-0.0655000725284021,2026-08-22
temp=70-80 wind=Varies speed=10-15mph,L,no (CI overlaps baseline),-0.0681799406578208,2026-08-22
temp=<60 wind=Out speed=5-10mph,L,no (CI overlaps baseline),-0.1112983900047468,2026-08-22
temp=<60 wind=Cross speed=5-10mph,L,no (CI overlaps baseline),-0.1217689460882475,2026-08-22
temp=90+ wind=In speed=0-5mph,L,no (CI overlaps baseline),-0.1238323539508458,2026-08-22
temp=60-70 wind=In speed=0-5mph,L,no (CI overlaps baseline),-0.129341741658383,2026-08-22
temp=70-80 wind=In speed=0-5mph,L,no (CI overlaps baseline),-0.1318455054101398,2026-08-22
temp=90+ wind=Varies speed=0-5mph,L,no (CI overlaps baseline),-0.1340762263814787,2026-08-22
temp=<60 wind=Out speed=10-15mph,L,no (CI overlaps baseline),-0.1402976383157729,2026-08-22
temp=70-80 wind=Varies speed=0-5mph,L,no (CI overlaps baseline),-0.1419992097650038,2026-08-22
temp=60-70 wind=In speed=15+mph,L,no (CI overlaps baseline),-0.1453290088444305,2026-08-22
temp=70-80 wind=In speed=15+mph,L,no (CI overlaps baseline),-0.1477885127242524,2026-08-22
temp=<60 wind=Cross speed=10-15mph,L,no (CI overlaps baseline),-0.150439243763594,2026-08-22
temp=60-70 wind=Varies speed=15+mph,L,no (CI overlaps baseline),-0.1553308436428303,2026-08-22
temp=<60 wind=Out speed=0-5mph,L,no (CI overlaps baseline),-0.2086021421009823,2026-08-22
temp=<60 wind=Cross speed=0-5mph,L,no (CI overlaps baseline),-0.2179655586804709,2026-08-22
temp=<60 wind=Calm speed=0-5mph,L,no (CI overlaps baseline),-0.2202604372730994,2026-08-22
temp=<60 wind=Out speed=15+mph,L,no (CI overlaps baseline),-0.223183505942708,2026-08-22
temp=<60 wind=Cross speed=15+mph,L,no (CI overlaps baseline),-0.232380182745997,2026-08-22
temp=<60 wind=In speed=5-10mph,L,no (CI overlaps baseline),-0.2725475682773209,2026-08-22
temp=<60 wind=In speed=10-15mph,L,no (CI overlaps baseline),-0.2964473214938152,2026-08-22
temp=<60 wind=Varies speed=10-15mph,L,no (CI overlaps baseline),-0.3047344966420686,2026-08-22
temp=<60 wind=In speed=0-5mph,L,yes,-0.3526971126091263,2026-08-22
temp=<60 wind=Varies speed=0-5mph,L,no (CI overlaps baseline),-0.3603401579402117,2026-08-22
temp=<60 wind=In speed=15+mph,L,yes,-0.3646971949599713,2026-08-22
temp=<60 wind=Varies speed=15+mph,L,no (CI overlaps baseline),-0.3722024104489149,2026-08-22
temp=90+ wind=Cross speed=10-15mph,R,no (CI overlaps baseline),0.3003560888156333,2026-08-22
temp=90+ wind=Varies speed=10-15mph,R,no (CI overlaps baseline),0.2942205954331855,2026-08-22
temp=80-90 wind=Cross speed=10-15mph,R,no (CI overlaps baseline),0.2645619314397311,2026-08-22
temp=90+ wind=Out speed=10-15mph,R,no (CI overlaps baseline),0.2589378001631952,2026-08-22
temp=80-90 wind=Varies speed=10-15mph,R,no (CI overlaps baseline),0.2585837244221596,2026-08-22
temp=80-90 wind=Out speed=10-15mph,R,no (CI overlaps baseline),0.2242075358345836,2026-08-22
temp=90+ wind=Cross speed=15+mph,R,no (CI overlaps baseline),0.2133097482639345,2026-08-22
temp=90+ wind=In speed=10-15mph,R,no (CI overlaps baseline),0.200919855230363,2026-08-22
temp=90+ wind=Cross speed=5-10mph,R,no (CI overlaps baseline),0.1972468967955456,2026-08-22
temp=80-90 wind=Cross speed=15+mph,R,no (CI overlaps baseline),0.1797572628630572,2026-08-22
temp=90+ wind=Out speed=15+mph,R,no (CI overlaps baseline),0.1744861420704027,2026-08-22
temp=60-70 wind=Cross speed=10-15mph,R,no (CI overlaps baseline),0.1698551470562461,2026-08-22
temp=80-90 wind=In speed=10-15mph,R,no (CI overlaps baseline),0.1676882269438486,2026-08-22
temp=60-70 wind=Varies speed=10-15mph,R,no (CI overlaps baseline),0.1642962348109051,2026-08-22
temp=80-90 wind=Cross speed=5-10mph,R,no (CI overlaps baseline),0.1641104714772063,2026-08-22
temp=90+ wind=Out speed=5-10mph,R,no (CI overlaps baseline),0.1589048580613128,2026-08-22
temp=80-90 wind=Varies speed=5-10mph,R,no (CI overlaps baseline),0.1585771391432433,2026-08-22
temp=80-90 wind=Out speed=15+mph,R,no (CI overlaps baseline),0.1419405472955832,2026-08-22
temp=60-70 wind=Out speed=10-15mph,R,no (CI overlaps baseline),0.1323363073285761,2026-08-22
temp=80-90 wind=Out speed=5-10mph,R,no (CI overlaps baseline),0.126764593572032,2026-08-22
temp=90+ wind=In speed=5-10mph,R,no (CI overlaps baseline),0.1052189454803247,2026-08-22
temp=70-80 wind=Cross speed=10-15mph,R,no (CI overlaps baseline),0.0931906112270348,2026-08-22
temp=60-70 wind=Cross speed=15+mph,R,no (CI overlaps baseline),0.0910235577420981,2026-08-22
temp=80-90 wind=In speed=15+mph,R,no (CI overlaps baseline),0.0889940156194208,2026-08-22
temp=70-80 wind=Varies speed=10-15mph,R,no (CI overlaps baseline),0.0879744538200915,2026-08-22
temp=60-70 wind=Varies speed=15+mph,R,no (CI overlaps baseline),0.0858171323560137,2026-08-22
temp=60-70 wind=In speed=10-15mph,R,no (CI overlaps baseline),0.0798089793305729,2026-08-22
temp=60-70 wind=Cross speed=5-10mph,R,no (CI overlaps baseline),0.076484730493018,2026-08-22
temp=80-90 wind=In speed=5-10mph,R,no (CI overlaps baseline),0.0744806598924827,2026-08-22
temp=60-70 wind=Varies speed=5-10mph,R,no (CI overlaps baseline),0.0713436593857557,2026-08-22
temp=90+ wind=Cross speed=0-5mph,R,no (CI overlaps baseline),0.06900679934254,2026-08-22
temp=90+ wind=Varies speed=0-5mph,R,no (CI overlaps baseline),0.063899384632027,2026-08-22
temp=70-80 wind=Out speed=10-15mph,R,no (CI overlaps baseline),0.0579890971043901,2026-08-22
temp=60-70 wind=Out speed=15+mph,R,no (CI overlaps baseline),0.0558878326695859,2026-08-22
temp=60-70 wind=Out speed=5-10mph,R,no (CI overlaps baseline),0.0417907928941569,2026-08-22
temp=80-90 wind=Cross speed=0-5mph,R,no (CI overlaps baseline),0.0392189035544296,2026-08-22
temp=90+ wind=Out speed=0-5mph,R,no (CI overlaps baseline),0.0345403674112188,2026-08-22
temp=80-90 wind=Varies speed=0-5mph,R,no (CI overlaps baseline),0.0342458400018836,2026-08-22
temp=70-80 wind=Cross speed=15+mph,R,no (CI overlaps baseline),0.0192387765998238,2026-08-22
temp=70-80 wind=In speed=10-15mph,R,no (CI overlaps baseline),0.0087217338655498,2026-08-22
temp=60-70 wind=In speed=15+mph,R,no (CI overlaps baseline),0.0067129883748686,2026-08-22
temp=80-90 wind=Out speed=0-5mph,R,no (CI overlaps baseline),0.0056605869709194,2026-08-22
temp=70-80 wind=Cross speed=5-10mph,R,no (CI overlaps baseline),0.0056044100398149,2026-08-22
temp=70-80 wind=Varies speed=5-10mph,R,no (CI overlaps baseline),0.0007835000637201,2026-08-22
temp=60-70 wind=In speed=5-10mph,R,no (CI overlaps baseline),-0.0067628121314887,2026-08-22
temp=90+ wind=In speed=0-5mph,R,no (CI overlaps baseline),-0.0136933509260349,2026-08-22
temp=70-80 wind=Out speed=15+mph,R,no (CI overlaps baseline),-0.0137087579774661,2026-08-22
temp=70-80 wind=Out speed=5-10mph,R,no (CI overlaps baseline),-0.0269255605085485,2026-08-22
temp=<60 wind=Cross speed=10-15mph,R,no (CI overlaps baseline),-0.0346227144609114,2026-08-22
temp=<60 wind=Varies speed=10-15mph,R,no (CI overlaps baseline),-0.0392607811173453,2026-08-22
temp=60-70 wind=Cross speed=0-5mph,R,no (CI overlaps baseline),-0.0394971074604416,2026-08-22
temp=80-90 wind=In speed=0-5mph,R,no (CI overlaps baseline),-0.0412964731955979,2026-08-22
temp=70-80 wind=In speed=15+mph,R,no (CI overlaps baseline),-0.0598073463615086,2026-08-22
temp=<60 wind=Out speed=10-15mph,R,no (CI overlaps baseline),-0.0659170597629494,2026-08-22
temp=60-70 wind=Out speed=0-5mph,R,no (CI overlaps baseline),-0.0706413608024245,2026-08-22
temp=70-80 wind=In speed=5-10mph,R,no (CI overlaps baseline),-0.0724373361499941,2026-08-22
temp=<60 wind=Cross speed=15+mph,R,no (CI overlaps baseline),-0.100350313171592,2026-08-22
temp=70-80 wind=Cross speed=0-5mph,R,no (CI overlaps baseline),-0.1031120424145897,2026-08-22
temp=<60 wind=Varies speed=15+mph,R,no (CI overlaps baseline),-0.1046878502100039,2026-08-22
temp=70-80 wind=Varies speed=0-5mph,R,no (CI overlaps baseline),-0.1074369034765936,2026-08-22
temp=<60 wind=In speed=10-15mph,R,no (CI overlaps baseline),-0.1096927872668985,2026-08-22
temp=<60 wind=Cross speed=5-10mph,R,no (CI overlaps baseline),-0.1124617234723512,2026-08-22
temp=60-70 wind=In speed=0-5mph,R,no (CI overlaps baseline),-0.1142062509340359,2026-08-22
temp=60-70 wind=Calm speed=10-15mph,R,no (CI overlaps baseline),-0.127804864202629,2026-08-22
temp=<60 wind=Out speed=15+mph,R,no (CI overlaps baseline),-0.1296140598548231,2026-08-22
temp=80-90 wind=Calm speed=5-10mph,R,no (CI overlaps baseline),-0.1321569353800815,2026-08-22
temp=70-80 wind=Out speed=0-5mph,R,no (CI overlaps baseline),-0.1322901499100861,2026-08-22
temp=<60 wind=Out speed=5-10mph,R,no (CI overlaps baseline),-0.1413497138276451,2026-08-22
temp=<60 wind=In speed=15+mph,R,no (CI overlaps baseline),-0.1705381144726062,2026-08-22
temp=70-80 wind=In speed=0-5mph,R,no (CI overlaps baseline),-0.1730939726543735,2026-08-22
temp=<60 wind=In speed=5-10mph,R,no (CI overlaps baseline),-0.1817462522243884,2026-08-22
temp=70-80 wind=Calm speed=10-15mph,R,no (CI overlaps baseline),-0.185828147916519,2026-08-22
temp=60-70 wind=Calm speed=5-10mph,R,no (CI overlaps baseline),-0.1984557336874934,2026-08-22
temp=<60 wind=Cross speed=0-5mph,R,no (CI overlaps baseline),-0.2089602541601793,2026-08-22
temp=<60 wind=Varies speed=0-5mph,R,no (CI overlaps baseline),-0.2127963405687556,2026-08-22
temp=80-90 wind=Calm speed=0-5mph,R,no (CI overlaps baseline),-0.2266032288501971,2026-08-22
temp=<60 wind=Out speed=0-5mph,R,no (CI overlaps baseline),-0.2348367405775094,2026-08-22
temp=70-80 wind=Calm speed=5-10mph,R,no (CI overlaps baseline),-0.2519680955879988,2026-08-22
temp=<60 wind=In speed=0-5mph,R,no (CI overlaps baseline),-0.2710074791798595,2026-08-22
temp=60-70 wind=Calm speed=0-5mph,R,no (CI overlaps baseline),-0.2859640514329078,2026-08-22
temp=70-80 wind=Calm speed=0-5mph,R,no (CI overlaps baseline),-0.3338431391138868,2026-08-22
temp=<60 wind=Calm speed=0-5mph,R,yes,-0.4133230604897696,2026-08-22
